SY,Date,Site,Plot,Species,Tag_num,Rep_status,Azimuth_degree,Dist_cm,DBH_cm,Mortality,Health,Condition,Fungus,Termites,Crew,Connect,Notes
2024,6/11/2024,Compass Point,B,RHMA,R702,IP,290,2.97,3.5,Alive,Healthy,H,No,No,,,
2024,7/24/2024,Salt River,B,LARA,R2999,NF,35,4.74,3.9,Alive,Unhealthy,U,No,No,"DG, JS, JC",,
2024,7/24/2024,Salt River,B,THPO,R2998,NF,360,4.51,4,Alive,Healthy,H,No,No,"DG, JS, JC",,fruits
2024,7/24/2024,Salt River,C,RHMA ,R2998,"IP, MP",40,4.67,7.4,Alive,Healthy,H,No,Yes,"DG, KWG",,termite nest
2024,7/24/2024,Salt River,A,LARA,R2996,"IP, MP",214,2.72,2.5,Alive,Healthy,H,No,No,,,
2024,7/24/2024,Salt River,A,LARA,R2995,"IP, MP",70,,2.5,Alive,Healthy,H,No,No,AND,,
2024,7/24/2024,Salt River,B,LARA,R2995,NF,48,2.77,2.7,Alive,Healthy,H,No,No,,,
2024,7/24/2024,Salt River,A,LARA,R2994,"IP, MP",165,3.02,3.8,Alive,Healthy,H,No,No,,R-0990,
2024,7/24/2024,Salt River,C,LARA,R2993,"IP, MP",205,5.29,2.9,Alive,Healthy,H,No,No,"DG, KWG",,
2024,7/24/2024,Salt River,C,LARA,R2990,"IP, MP",181,1.85,3.2,Alive,Healthy,H,No,No,AND,,
2022,9/20/2021,Brewers Bay,A,LARA,134,NF,110,338,5.8,Dead,Dead,DT,No,Yes,,,
2024,7/24/2024,Salt River,C,LARA,R2987,"IP, MP",160,2.93,3.6,Alive,Healthy,H,No,No,"DG, KWG",R-2988,
2024,7/24/2024,Salt River,C,LARA,R2986,"IP, MP",210,2.26,5.5,Alive,Healthy,H,No,No,"DG, KWG",,
2024,7/24/2024,Salt River,C,LARA,R2985,"IP, MP",153,2.24,8.5,Alive,Healthy,H,No,No,"DG, KWG",R-2982,
2024,7/24/2024,Salt River,C,LARA,R2982,"IP, MP",150,2.27,6.3,Alive,Healthy,H,No,No,"DG, KWG",R-2985,
2024,7/24/2024,Salt River,C,LARA,R2980,"IP, MP",160,2.98,3.2,Alive,Healthy,H,No,No,"DG, KWG",R-2985,
2024,7/23/2024,Krause Lagoon,A,RHMA ,R2979,"F, IP, MP",315,3.43,2.8,Alive,Healthy,H,No,No,"JC, KG, SM, DG",,
2024,7/24/2024,Salt River,B,THPO,R2978,NF,360,4.14,8,Alive,Healthy,H,No,No,"DG, JS, JC",,fruits
2024,7/24/2024,Salt River,B,RHMA ,R2977,NF,345,5.51,8.2,Alive,Healthy,H,No,No,"DG, JS, JC",,
2024,7/24/2024,Salt River,A,COER,R2976,"IP, MP",12,4.31,2.7,Alive,Healthy,H,No,No,"JC, KG, DG, JS",,fruits
2024,7/24/2024,Salt River,A,LARA,R2972,"IP, MP",170,5.53,3.8,Alive,Healthy,H,No,No,AND,,
2024,7/24/2024,Salt River,A,LARA,R2971,"IP, MP",180,4.68,2.6,Alive,Healthy,H,No,No,,,
2024,7/24/2024,Salt River,A,LARA,R2970,"IP, MP",165,4.85,3,Alive,Healthy,H,No,No,AND,,
2024,7/24/2024,Salt River,C,RHMA ,R2969,"F, IP, MP",215,3.17,8.5,Alive,Healthy,H,No,No,"DG, KWG",,
2024,7/24/2024,Salt River,C,LARA,R2968,"IP, MP",180,2.66,8,Alive,Healthy,H,No,Yes,"DG, KWG",,
2024,7/24/2024,Salt River,C,RHMA ,R2967,"IP, MP",200,5.32,6,Alive,Healthy,H,No,Yes,"DG, KWG",,
2024,7/24/2024,Salt River,C,RHMA ,R2966,"IP, MP",220,4.4,10.8,Alive,Healthy,H,No,No,"DG, KWG",,
2024,7/24/2024,Salt River,C,RHMA ,R2965,"IP, MP",200,5.5,4,Alive,Healthy,H,No,No,"DG, KWG",,
2024,7/24/2024,Salt River,A,LARA,R2964,"IP, MP",195,4.88,2.6,Alive,Healthy,H,No,No,,,
2024,8/9/2024,Mary Creek,C,LARA,R2963,NF,322,3.56,2.5,Alive,Unhealthy,U,No,Yes,"SM,AD,KR,JH",,
2024,7/24/2024,Salt River,A,LARA,R2962,"IP, MP",165,1.89,3.3,Alive,Healthy,H,No,No,,,
2024,7/24/2024,Salt River,C,LARA,R2961,"IP, MP",185,3.85,5.2,Alive,Healthy,H,No,Yes,"DG, KWG",,
2024,7/24/2024,Salt River,C,RHMA ,R2960,"IP, MP",210,3.09,8.8,Alive,Healthy,H,No,Yes,"DG, KWG",R-2922,
2024,7/24/2024,Salt River,C,LARA,R2959,,250,3.39,3.5,Alive,Healthy,H,No,No,"DG, KWG",,
2024,7/24/2024,Salt River,C,ACTO,R2957,,158,3.98,2.5,Alive,Healthy,H,No,Yes,AND,"R-2081, R-1251, R-0727",
2024,7/24/2024,Salt River,C,RHMA ,R2956,,190,4.39,,Alive,Healthy,H,No,No,"DG, KWG",,
2024,7/24/2024,Salt River,B,LARA,R2954,"IP, MP",78,1.79,4.5,Alive,Healthy,H,No,No,,"R-2910, R-1217",
2024,7/24/2024,Salt River,B,THPO,R2953,MP,80,4.39,3.6,Alive,Healthy,H,No,No,,,
2024,7/24/2024,Salt River,B,RHMA ,R2951,NF,25,5.21,3.8,Alive,Unhealthy,U,No,Yes,"DG, JS, JC",,
2024,7/24/2024,Salt River,C,LARA,R2950,"IP, MP",150,0.9,2.8,Alive,Healthy,H,No,No,AND,R-2904,herbivory
2024,7/24/2024,Salt River,A,LARA,R2949,"IP, MP",183,3.48,2.7,Alive,Healthy,H,No,No,,,
2022,9/20/2021,Brewers Bay,A,LARA,199,NF,28,493,7.6,Dead,Dead,D,No,Yes,,,
2024,7/24/2024,Salt River,A,LARA,R2948,"IP, MP",10,2.95,2.6,Alive,Healthy,H,No,No,"JC, KG, DG, JS",,
2024,7/24/2024,Salt River,C,LARA,R2947,,190,1.09,4.7,Alive,Healthy,H,No,No,"DG, KWG",,
2024,7/24/2024,Salt River,C,LARA,R2946,"IP, MP",185,3.29,5,Alive,Healthy,H,No,Yes,"DG, KWG",,
2024,7/24/2024,Salt River,B,LARA,R2945,"IP, MP",29,3.84,5.9,Alive,Healthy,H,No,No,"DG, JS, JC",,
2024,8/7/2024,Turner Bay,A,LARA,R2944,NF,220,5.33,3.3,Alive,Healthy,H,No,No,"AND, KH, DG, LU",,
2024,7/24/2024,Salt River,B,RHMA ,R2943,NF,345,5.03,7.5,Alive,Healthy,H,No,No,"DG, JS, JC",,
2024,8/7/2024,Turner Bay,A,LARA,R2942,NF,100,5.62,2.6,Alive,Healthy,H,No,No,"AND, KH, DG, LU",,
2024,7/24/2024,Salt River,B,RHMA ,R2941,NF,10,1.41,6.8,Alive,Healthy,H,No,Yes,,"R-2413, tree #92",MSD
2024,7/24/2024,Salt River,B,THPO,R2940,NF,360,3.86,9.1,Alive,Healthy,H,No,No,"DG, JS, JC",,fruits
2024,7/24/2024,Salt River,B,THPO,R2938,MP,55,4.05,2.8,Alive,Healthy,H,No,No,,,
2022,9/20/2021,Brewers Bay,A,LARA,247,NF,6,399,7.8,Dead,Dead,D,No,Yes,,,
2024,7/24/2024,Salt River,B,LARA,R2937,"IP, MP",35,1.65,3.3,Alive,Healthy,H,No,No,,,
2024,7/24/2024,Salt River,B,LARA,R2934,"IP, MP",55,2.52,4.5,Alive,Healthy,H,No,No,,,herbivory
2024,7/24/2024,Salt River,A,LARA,R2933,"IP, MP",168,2.69,2.8,Alive,Healthy,H,No,No,,,
2024,7/24/2024,Salt River,C,LARA,R2929,"IP, MP",155,2.25,3,Alive,Healthy,H,No,No,AND,,herbivory
2024,7/24/2024,Salt River,A,LARA,R2928,"IP, MP",165,2.14,3.3,Alive,Healthy,H,No,No,,,
2024,7/24/2024,Salt River,A,LARA,R2926,"IP, MP",175,5,3.8,Alive,Healthy,H,No,No,AND,,
2024,7/24/2024,Salt River,C,LARA,R2925,"F, IP, MP",200,2.3,2.9,Alive,Healthy,H,No,No,"DG, JS, JC",,
2024,7/24/2024,Salt River,A,LARA,R2924,"IP, MP",170,2.66,3.2,Alive,Healthy,H,No,No,,,
2024,7/24/2024,Salt River,B,RHMA ,R2923,"F, IP, MP",30,1.16,5.4,Alive,Healthy,H,No,Yes,,"tree #72, R-2908",
2024,7/24/2024,Salt River,C,RHMA ,R2922,"F, IP, MP",215,2.81,11.6,Alive,Healthy,H,No,No,"DG, KWG",R-2960,
2024,7/24/2024,Salt River,C,RHMA ,R2921,"IP, MP",155,1.31,9.2,Alive,Healthy,H,No,Yes,"DG, KWG",,
2024,7/24/2024,Salt River,C,LARA,R2920,,335,1.21,3.4,Alive,Healthy,H,No,No,"DG, KWG",,
2024,7/24/2024,Salt River,C,LARA,R2917,NF,152,1.64,3.6,Alive,Healthy,H,No,Yes,AND,"R-2903, R-2040",
2024,7/24/2024,Salt River,C,LARA,R2915,"IP, MP",150,1.92,7.3,Alive,Healthy,H,No,Yes,"DG, KWG",,
2024,7/24/2024,Salt River,C,LARA,R2914,"IP, MP",153,2.3,4,Alive,Healthy,H,No,No,"DG, KWG",,
2024,7/24/2024,Salt River,B,AVGE,R2912,"IP, MP",50,5.34,4.1,Alive,Healthy,H,No,No,"DG, JS, JC",,
2024,7/24/2024,Salt River,B,RHMA ,R2911,"F, IP",190,1.2,3.6,Alive,Healthy,H,No,No,,,
2024,7/24/2024,Salt River,B,LARA,R2910,"IP, MP",85,2.28,3.8,Alive,Healthy,H,No,No,,"R-2954, R-1217",
2024,7/24/2024,Salt River,B,RHMA ,R2908,"F, IP, MP",16,1.2,6.1,Alive,Healthy,H,No,Yes,,"tree #72, R-2923",
2024,7/24/2024,Salt River,B,LARA,R2905,"IP, MP",210,1.14,6.1,Alive,Healthy,H,No,Yes,,,
2024,7/24/2024,Salt River,C,LARA,R2904,,195,1.03,3.5,Alive,Healthy,H,No,No,"DG, KWG",R-2947,
2024,7/24/2024,Salt River,C,LARA,R2903,"F, IP, MP",120,1.61,3.3,Alive,Healthy,H,No,No,AND,R-2040,
2024,7/24/2024,Salt River,B,THPO,R2902,NF,60,4.11,2.5,Alive,Healthy,H,No,No,,,
2024,7/24/2024,Salt River,B,RHMA ,R2899,NF,130,3.2,4.3,Alive,Healthy,H,No,No,"DG, JS, JC",,MSD
2024,7/8/2024,STEER Fringe,C,RHMA ,R2897,NF,175,3.12,2.7,Alive,Healthy,H,No,No,"SM, KWG",,
2024,7/24/2024,Salt River,C,LARA,R2895,"IP, MP",125,2.3,2.7,Alive,Healthy,H,No,No,"DG, KWG",R-1765,
2024,7/24/2024,Salt River,B,LARA,R2888,"IP, MP",29,4.16,3.1,Alive,Healthy,H,No,No,"DG, JS, JC",,
2024,7/24/2024,Salt River,C,THPO,R2883,MP,85,4.5,4.5,Alive,Healthy,H,No,No,"DG, KWG","R-1240, R-1109, R-1236, R-2813, R-0850, R-1242",fruits
2024,7/24/2024,Salt River,B,RHMA ,R2879,MP,345,1.99,13,Alive,Healthy,H,No,No,,"tree #86, R-1962, R-1909, R-1458, R-2620",trunk scar
2024,7/24/2024,Salt River,B,RHMA ,R2878,"IP, MP",180,2.79,8.8,Alive,Healthy,H,No,No,"DG, JS, JC",,
2024,7/18/2024,Princess Bay,C,RHMA ,R2877,"F, IP, MP",275,2.49,3.3,Alive,Healthy,H,No,No,,,
2024,7/19/2024,Magens Bay,C,RHMA ,R2875,NF,270,4.77,3.7,Alive,Healthy,H,No,No,"SM, KH, AD",,
2024,7/8/2024,STEER Fringe,C,RHMA ,R2874,ID,180,2.76,2.8,Alive,Healthy,H,No,No,"SM, KWG",,
2024,7/23/2024,Krause Lagoon,B,RHMA ,R2873,F,80,1.54,3.3,Alive,Healthy,H,No,No,"DG, JC, AD",,
2024,7/18/2024,Princess Bay,B,RHMA ,R2872,NF,195,5.44,2.5,Alive,Healthy,H,No,No,,,
2024,7/8/2024,STEER Fringe,B,LARA,R2861,"ID, MD",185,391,6.8,Alive,Healthy,H,No,Yes,"AD, JC, SM",,termites
2024,9/18/2024,Reef Bay,B,AVGE,R2859,NF,150,5.57,4,Alive,Healthy,H,No,No,,,
2024,7/8/2024,STEER Fringe,C,LARA,R2857,"F, ID, MD",89,5.37,5,Alive,Healthy,H,No,Yes,"AND, KH","connected to R-1938, R-1925, R-1903, R-1905, R-2854, R-1955, R-1155, R-0395, R-360",
2024,7/8/2024,STEER Fringe,C,LARA,R2854,"F, ID",54,2.08,2.5,Alive,Healthy,H,No,Yes,"AND, KH","connected to R-1938, R-1925, R-1903, R-1905, R-1955, R-2867, R-1155, R-0395, R-360",
2024,7/23/2024,Krause Lagoon,B,RHMA ,R2840,F,85,5.31,6.8,Alive,Healthy,H,No,No,"DG, AD",,
2024,7/23/2024,Krause Lagoon,B,RHMA ,R2830,NF,215,2.96,3.6,Alive,Healthy,H,No,No,"DG, AD",,
2024,7/18/2024,Princess Bay,B,RHMA ,R2826,"F, MP",65,3.64,3.3,Alive,Healthy,H,No,No,,"R-0757, R-1211",
2024,7/8/2024,STEER Fringe,B,RHMA ,R2824,NF,7,4.63,3.9,Alive,Healthy,H,No,No,"LU, SM, KWG",,
2024,7/8/2024,STEER Fringe,C,RHMA ,R2821,"F, MD",163,3.3,4.6,Alive,Healthy,H,No,No,"SM, KWG",,
2024,7/23/2024,Krause Lagoon,B,RHMA ,R2814,F,190,5.32,2.6,Alive,Healthy,H,No,No,"DG, AD",,
2024,7/24/2024,Salt River,C,THPO,R2813,MP,87,4.97,4.3,Alive,Healthy,H,No,Yes,"DG, KWG","R-1240, R-1109, R-1236, R-0850, R-2883, R-1242",fruits
2024,6/26/2024,STEER Basin,C,LARA,R2812,F,65,0.93,3.8,Alive,Healthy,H,No,No,"DG, KR",,
2022,9/20/2021,Brewers Bay,A,LARA,,NF,58,344,3.1,Dead,Dead,D,No,No,,,
2024,7/8/2024,STEER Fringe,C,RHMA ,R2811,"F, ID, MD",179,1.78,3.6,Alive,Healthy,H,No,No,"SM, KWG",,
2024,6/26/2024,STEER Basin,C,RHMA ,R2807,MD,70,1.31,3.5,Alive,Healthy,H,No,No,"DG, KR",,
2022,9/20/2021,Brewers Bay,A,LARA,,NF,44,372,3.5,Dead,Dead,DT,No,Yes,,,
2024,7/24/2024,Salt River,C,RHMA ,R2806,"IP, MP",230,1.4,14,Alive,Healthy,H,No,Yes,"DG, KWG",,
2024,7/23/2024,Krause Lagoon,B,RHMA ,R2804,NF,85,5.39,7,Alive,Healthy,H,No,No,"DG, AD",,
2024,7/18/2024,Princess Bay,B,RHMA ,R2803,F,65,3.99,2.6,Alive,Healthy,H,No,No,,R-1228,
2024,8/6/2024,Lameshur Bay,B,AVGE,R2800,NF,55,2.46,3.5,Alive,Healthy,H,,,,CONNECTED TO 507,CONNECTED TO 507
2024,8/7/2024,Turner Bay,C,LARA,R2791,,104,2.43,3.9,Alive,Healthy,H,No,No,"AND, KH, DG, LU",,
2024,8/7/2024,Turner Bay,C,RHMA ,R2789,,85,3.05,3,Alive,Healthy,H,No,No,"AND, KH, DG, LU",,
2024,8/7/2024,Turner Bay,C,RHMA ,R2787,NF,345,5.13,4.9,Alive,Healthy,H,No,No,"AND, KH, DG, LU",,
2024,8/6/2024,Lameshur Bay,C,RHMA ,R2786,"F, IP, MP",70,3.34,3,Alive,Healthy,H,,,,,
2024,8/7/2024,Turner Bay,C,RHMA ,R2785,NF,11,2.05,2.8,Alive,Unhealthy,U,No,No,"AND, KH, DG, LU",,
2024,8/7/2024,Turner Bay,C,LARA,R2784,NF,65,1.37,2.7,Alive,Healthy,H,No,No,"AND, KH, DG, LU",,
2024,8/7/2024,Turner Bay,A,LARA,R2783,"IP, MP",335,4.85,4.3,Alive,Unhealthy,U,No,No,"AND, KH, DG, LU",,
2024,8/6/2024,Lameshur Bay,C,AVGE,R2781,"IP, MP",70,3.44,2.7,Alive,Healthy,H,,,,,ALL AVGE PRED
2024,8/9/2024,Mary Creek,C,LARA,R2777,"IP, MP",325,3.11,2.5,Alive,Healthy,H,No,No,"SM,AD,KR,JH",,
2024,8/7/2024,Turner Bay,C,RHMA ,R2774,NF,340,2.87,2.9,Alive,Healthy,H,No,No,"AND, KH, DG, LU",,
2024,8/6/2024,Lameshur Bay,B,AVGE,R2772,,3,2.45,3.4,Alive,Healthy,H,,,,CONNECTED TO 506,CONNECTED TO 506
2022,9/20/2021,Brewers Bay,A,LARA,,NF,215,254,3,Dead,Dead,D,No,No,,,
2024,8/7/2024,Turner Bay,B,RHMA ,R2770,NF,40,5.26,8.9,Alive,Healthy,H,No,No,"AND, KH, DG, LU",,
2024,8/6/2024,Lameshur Bay,C,RHMA ,R2769,F,320,,3,Alive,Healthy,H,,,,,
2024,8/7/2024,Turner Bay,A,LARA,R2768,,275,3.39,2.5,Alive,Unhealthy,U,No,No,"AND, KH, DG, LU",,
2024,8/7/2024,Turner Bay,C,RHMA ,R2765,,60,3.04,2.7,Alive,Healthy,H,No,No,"AND, KH, DG, LU",,
2024,8/6/2024,Lameshur Bay,C,RHMA ,R2764,"F, IP, MP",105,2.36,2.8,Alive,Healthy,H,,,,,
2024,8/7/2024,Turner Bay,C,RHMA ,R2760,,90,3.9,4.3,Alive,Healthy,H,No,No,"AND, KH, DG, LU",,
2024,8/6/2024,Lameshur Bay,C,RHMA ,R2759,"IP, MP",130,3.04,,,,,,,,,
2024,8/6/2024,Lameshur Bay,C,RHMA ,R2758,"IP, MP",91,5.56,2.6,Alive,Healthy,H,,,,,
2024,8/6/2024,Lameshur Bay,B,AVGE,R2756,NF,120,4.8,2.5,Alive,Healthy,H,,,,,PREDATION TO 43C
2024,8/6/2024,Lameshur Bay,B,AVGE,R2756,NF,85,5.39,4.7,Alive,Healthy,H,,,,,
2024,8/6/2024,Lameshur Bay,B,AVGE,R2755,NF,165,3.31,3.4,Alive,Healthy,H,,,,,PREDATION FOR ALL
2024,8/6/2024,Lameshur Bay,C,RHMA ,R2754,"IP, MP",98,5.49,3.9,Alive,Healthy,H,,,,,
2024,8/7/2024,Turner Bay,C,RHMA ,R2753,,55,2.88,2.5,Alive,Healthy,H,No,No,"AND, KH, DG, LU",,
2024,8/7/2024,Turner Bay,B,RHMA ,R2752,NF,113,193,6.2,Alive,Healthy,H,No,No,"AND, KH, DG, LU",,lost tag from prev
2024,8/6/2024,Lameshur Bay,C,RHMA ,R2749,"IP, MP",120,4.69,2.7,Alive,Healthy,H,,,,CONNECTED TO 548,CONNECTED TO 548
2024,8/7/2024,Turner Bay,A,LARA,R2749,"IP, MP",270,5.57,6.3,Alive,Healthy,H,No,No,"AND, KH, DG, LU",,
2024,8/7/2024,Turner Bay,A,LARA,R2747,NF,85,3.75,2.5,Alive,Healthy,H,No,No,"AND, KH, DG, LU",,
2024,8/7/2024,Turner Bay,A,LARA,R2746,NF,120,5.24,2.5,Alive,Healthy,H,No,No,"AND, KH, DG, LU",,
2024,8/7/2024,Turner Bay,A,RHMA ,R2743,NF,145,5.45,8.6,Alive,Healthy,H,No,No,"AND, KH, DG, LU",,old tag may have fell
2024,8/7/2024,Turner Bay,A,LARA,R2741,NF,100,5.63,3.1,Alive,Healthy,H,No,No,"AND, KH, DG, LU",,
2024,8/7/2024,Turner Bay,A,LARA,R2737,NF,125,2.57,2.5,Alive,Unhealthy,U,No,No,"AND, KH, DG, LU",,
2024,8/9/2024,Mary Creek,B,LARA,R2733,"IP, MP",55,5.25,3.8,Alive,Healthy,H,No,No,"SM,AD,KR,JH",R2330,connect R2330
2022,9/20/2021,Brewers Bay,A,LARA,,NF,244,174,2.5,Dead,Dead,DT,No,Yes,,,
2024,8/6/2024,Lameshur Bay,C,RHMA ,R2732,,355,4.36,2.7,Alive,Healthy,H,,,,CONNECTED TO 598,CONNECTED TO 598
2024,8/6/2024,Lameshur Bay,C,AVGE,R2730,,200,3.43,3.5,Alive,Healthy,H,,,,,
2024,8/6/2024,Lameshur Bay,C,AVGE,R2727,"IP, MP",235,2.93,4.2,Alive,Healthy,H,,,,,
2024,8/6/2024,Lameshur Bay,A,AVGE,R2726,NF,260,1.88,2.7,Alive,Healthy,H,,,,,
2024,8/9/2024,Mary Creek,C,LARA,R2723,"IP, MP",21,3.65,3.3,Alive,Healthy,H,No,No,"SM,AD,KR,JH",,
2024,8/6/2024,Lameshur Bay,C,RHMA ,R2722,"F, IP, MP",95,3.62,2.6,Alive,Healthy,H,,,,,
2022,9/20/2021,Brewers Bay,A,LARA,,NF,310,522,2.5,Dead,Dead,D,No,No,,,
2024,8/6/2024,Lameshur Bay,C,RHMA ,R2719,"IP, MP",105,5.51,4.4,Alive,Healthy,H,,,,,
2024,8/7/2024,Turner Bay,A,LARA,R2718,,287,3.42,2.5,Alive,Unhealthy,U,No,No,"AND, KH, DG, LU",,
2024,8/6/2024,Lameshur Bay,C,AVGE,R2717,,80,3.22,2.8,Alive,Healthy,H,,,,CONNECTED TO 559,"PREDATION, CONNECTED TO 559"
2024,8/6/2024,Lameshur Bay,B,AVGE,R2716,NF,75,4.87,3.6,Alive,Healthy,H,,,,,
2022,9/20/2021,Brewers Bay,A,LARA,,NF,346,465,3.9,Dead,Dead,DT,No,Yes,,,
2022,9/20/2021,Brewers Bay,A,LARA,,NF,348,430,4.5,Dead,Dead,DT,No,Yes,,,
2024,8/8/2024,Water Creek,C,RHMA ,R2714,NF,340,4.45,4.5,Alive,Healthy,H,No,No,"SM,AD,KR,LU",418,
2024,8/7/2024,Turner Bay,C,RHMA ,R2709,NF,,4.58,3,Alive,Healthy,H,No,No,"AND, KH, DG, LU",,
2024,8/6/2024,Lameshur Bay,C,RHMA ,R2704,F,0,3.38,3.8,Alive,Healthy,H,,,,,
2024,8/6/2024,Lameshur Bay,C,RHMA ,R2703,"F, IP",10,3.59,3.7,Alive,Healthy,H,,,,,
2024,8/9/2024,Mary Creek,C,AVGE,R2702,"F, IP",335,5.56,3.7,Alive,Healthy,H,No,No,"SM,AD,KR,JH",,
2024,8/7/2024,Turner Bay,B,RHMA ,R2700,,260,5.63,3,Alive,Unhealthy,U,No,No,"AND, KH, DG, LU",,
2024,7/23/2024,Krause Lagoon,A,RHMA ,R2698,F,201,5.19,3.2,Alive,Healthy,H,No,No,"JC, KG, SM, DG",,
2024,7/23/2024,Krause Lagoon,A,RHMA ,R2695,F,270,3.77,2.5,Alive,Healthy,H,No,No,"DG, AD",,
2024,7/23/2024,Krause Lagoon,A,RHMA ,R2694,NF,170,2.18,4.7,Alive,Healthy,H,No,No,"JC, KG, SM, DG",,
2024,7/22/2024,Southgate,B,LARA,R2692,"IP, MP",180,2.94,3,Alive,Healthy,H,No,No,"AD, DG, KWG, JS",,
2024,7/22/2024,Southgate,B,LARA,R2691,"F, IP, MP",110,3.32,9.9,Alive,Healthy,H,No,No,"AD, DG, KWG, JS",,
2024,7/24/2024,Salt River,C,RHMA ,R2690,"IP, MP",40,4.96,10.2,Alive,Healthy,H,No,No,"DG, KWG",R-0757,
2024,7/22/2024,Southgate,B,AVGE,R2689,F,173,1.93,3.1,Alive,Healthy,H,No,No,"AND, JS, DG","989, R-0972, R-0978, R-2650",
2022,9/20/2021,Brewers Bay,A,LARA,,NF,33,349,2.5,Dead,Dead,DT,No,Yes,,,
2024,7/23/2024,Krause Lagoon,A,RHMA ,R2688,"IP, MP",89,5.46,3.8,Alive,Healthy,H,No,No,"SM, JC, KG",R-1781,
2022,9/20/2021,Brewers Bay,B,LARA,115,NF,332,559,6.1,Dead,Dead,DT,No,Yes,,,
2024,7/22/2024,Southgate,C,LARA,R2687,"F, IP, MP",360,2.37,2.9,Alive,Healthy,H,No,No,DG,,
2024,7/22/2024,Southgate,B,LARA,R2686,NF,142,3.13,3.1,Alive,Healthy,H,No,No,"AD, DG, KWG, JS",R-2635,
2024,7/22/2024,Southgate,B,LARA,R2685,"IP, MP",120,5.24,4.4,Alive,Healthy,H,No,No,"AD, DG, KWG, JS",,
2024,7/22/2024,Southgate,A,AVGE,R2684,NF,86,4.02,2.5,Alive,Healthy,H,No,No,"AND, JS",R-2684,
2024,7/22/2024,Southgate,B,LARA,R2683,"F, IP, MP",145,1.33,2.4,Alive,Healthy,H,No,No,"AND, JS, DG",,
2024,7/22/2024,Southgate,B,AVGE,R2682,F,230,5.36,5.5,Alive,Healthy,H,No,No,"AND, JS, DG",,
2024,7/22/2024,Southgate,B,LARA,R2680,"F, IP, MP",160,1.5,3.8,Alive,Healthy,H,No,No,"AND, JS, DG",2637,
2024,7/23/2024,Krause Lagoon,A,RHMA ,R2679,"F, IP, MP",45,1.68,5,Alive,Healthy,H,No,No,"DG, AD",,too high to measure
2022,9/20/2021,Brewers Bay,B,LARA,150,NF,180,250,6.1,Dead,Dead,DTF,Yes,Yes,,,
2024,7/22/2024,Southgate,A,AVGE,R2678,NF,0,3.28,2.9,Alive,Healthy,H,No,No,"AD, DG, KWG, JS","912, R-2647",herbivory
2024,7/22/2024,Southgate,A,AVGE,R2677,NF,47,4.07,3.7,Alive,Healthy,H,No,No,"AD, DG, KWG, JS",,
2024,7/22/2024,Southgate,B,THPO,R2676,NF,220,5.14,3,Alive,Healthy,H,No,No,"AND, JS, DG",R-2675,
2024,7/22/2024,Southgate,B,THPO,R2675,NF,220,5.48,6.2,Alive,Healthy,H,No,No,"AND, JS, DG",R-2676,
2024,7/23/2024,Krause Lagoon,A,RHMA ,R2673,"F, IP, MP",145,2.78,4.5,Alive,Healthy,H,No,No,"DG, AD",R-1729,
2024,7/22/2024,Southgate,B,THPO,R2672,,225,4.94,2.8,Alive,Healthy,H,No,No,"AND, JS, DG",,
2024,7/24/2024,Salt River,B,LARA,R2671,"IP, MP",29,4.39,2.7,Alive,Healthy,H,No,No,"DG, JS, JC",,
2024,7/23/2024,Krause Lagoon,A,RHMA ,R2670,"F, IP, MP",245,2.58,2.8,Alive,Healthy,H,No,No,"DG, AD",,
2024,7/22/2024,Southgate,A,AVGE,R2669,NF,208,4.98,2.5,Alive,Healthy,H,No,No,"AD, DG, KWG, JS",928,
2024,7/24/2024,Salt River,C,RHMA ,R2668,"F, IP, MP",5,5.42,4.5,Alive,Healthy,H,No,No,"DG, KWG",,
2024,7/23/2024,Krause Lagoon,A,RHMA ,R2667,"F, IP, MP",255,2.03,3.6,Alive,Healthy,H,No,No,"DG, AD",,
2024,7/23/2024,Krause Lagoon,A,RHMA ,R2666,"F, IP, MP",215,3.34,4.9,Alive,Healthy,H,No,No,"DG, AD",,
2024,7/23/2024,Krause Lagoon,A,RHMA ,R2665,NF,235,2.55,2.6,Alive,Healthy,H,No,No,"DG, AD",,
2022,9/20/2021,Brewers Bay,B,LARA,234,NF,214,324,6,Dead,Dead,DTF,Yes,Yes,,,
2024,7/22/2024,Southgate,A,AVGE,R2664,NF,64,2.33,3,Alive,Healthy,H,No,No,"AND, JS",,herbivory
2024,7/22/2024,Southgate,A,AVGE,R2663,NF,85,4.22,3.6,Alive,Healthy,H,No,No,"AND, JS",R-2622,
2022,9/20/2021,Brewers Bay,B,LARA,249,NF,161,419,5.4,Dead,Dead,DF,Yes,No,,,
2024,7/22/2024,Southgate,A,AVGE,R2662,NF,67,5.5,2.5,Alive,Healthy,H,No,No,"AND, JS",,herbivory
2024,7/22/2024,Southgate,A,AVGE,R2661,NF,75,5.63,4.1,Alive,Healthy,H,No,No,"AND, JS",,"herbivory, advant roots at DBH"
2024,7/22/2024,Southgate,C,LARA,R2661,"IP, MP",110,4.59,3.1,Alive,Healthy,H,No,No,"AND, JS",,
2022,9/20/2021,Brewers Bay,B,LARA,259,NF,276,562,6.5,Dead,Dead,DT,No,Yes,,,
2024,7/24/2024,Salt River,A,COER,R2660,"IP, MP",325,3.49,3,Alive,Healthy,H,No,No,"JC, KG, DG, JS",,fruits
2024,7/22/2024,Southgate,B,LARA,R2659,NF,169,3.7,2.7,Alive,Healthy,H,No,No,"AD, DG, KWG, JS",,
2024,7/22/2024,Southgate,B,AVGE,R2658,"F, IP, MP",,,2.7,Alive,Healthy,H,No,No,"AND, JS, DG",,predation
2024,7/23/2024,Krause Lagoon,A,RHMA ,R2657,NF,145,4.24,3,Alive,Healthy,H,No,No,"SM, JC, KG",,
2022,9/20/2021,Brewers Bay,B,LARA,280,NF,168,414,6.1,Dead,Dead,DF,Yes,No,,,
2024,7/24/2024,Salt River,B,RHMA ,R2656,NF,338,4.13,3,Alive,Healthy,H,No,No,,,MSD
2024,7/22/2024,Southgate,C,LARA,R2655,NF,172,4.57,2.7,Alive,Healthy,H,No,No,"AND, JS",755,herbivory
2024,7/22/2024,Southgate,B,AVGE,R2654,NF,235,5.39,4.5,Alive,Healthy,H,No,No,"AND, JS, DG",,predation
2024,7/23/2024,Krause Lagoon,B,RHMA ,R2653,NF,285,2.31,3.1,Alive,Healthy,H,No,No,"DG, AD",,
2024,7/22/2024,Southgate,A,AVGE,R2652,NF,0,3.01,3,Alive,Healthy,H,No,No,"AD, DG, KWG, JS",934,
2024,7/22/2024,Southgate,B,AVGE,R2650,F,175,2.14,4.2,Alive,Healthy,H,No,No,"AND, JS, DG","989, R-2689, R-0972, R-0978",
2024,7/23/2024,Krause Lagoon,A,RHMA ,R2649,"IP, MP",253,5.42,2.5,Alive,Healthy,H,No,No,"JC, KG, SM, DG",,
2024,7/23/2024,Krause Lagoon,A,RHMA ,R2648,"F, IP, MP",215,3.16,3.9,Alive,Healthy,H,No,No,"DG, AD",,
2022,9/20/2021,Brewers Bay,B,LARA,,NF,287,429,3.4,Dead,Dead,D,No,No,,,
2024,7/22/2024,Southgate,A,AVGE,R2647,NF,5,3.19,4,Alive,Healthy,H,No,No,"AD, DG, KWG, JS","912, R-2678",
2022,9/20/2021,Brewers Bay,B,LARA,,NF,337,443,4.5,Dead,Dead,DT,No,Yes,,,
2024,7/23/2024,Krause Lagoon,A,RHMA ,R2645,F,201,5.44,4.7,Alive,Healthy,H,No,No,"JC, KG, SM, DG",,
2022,9/20/2021,Brewers Bay,B,LARA,,NF,358,528,4.2,Dead,Dead,DTF,Yes,Yes,,,
2024,7/22/2024,Southgate,B,LARA,R2644,"IP, MP",150,3.94,3.3,Alive,Healthy,H,No,No,"AD, DG, KWG, JS",,
2024,7/22/2024,Southgate,B,LARA,R2643,"IP, MP",90,5.45,2.7,Alive,Healthy,H,No,No,"AD, DG, KWG, JS",,
2024,7/22/2024,Southgate,B,LARA,R2642,"IP, MP",85,4.89,2.8,Alive,Healthy,H,No,No,"AD, DG, KWG, JS",,
2022,9/20/2021,Brewers Bay,B,LARA,,NF,28,544,4.3,Dead,Dead,D,No,No,,,
2024,7/23/2024,Krause Lagoon,A,RHMA ,R2641,"IP, MP",239,2.5,3.4,Alive,Healthy,H,No,No,"JC, KG, SM, DG",,
2024,7/22/2024,Southgate,B,LARA,R2640,"IP, MP",165,2.82,2.9,Alive,Healthy,H,No,No,"AD, DG, KWG, JS",,
2024,7/22/2024,Southgate,B,LARA,R2639,NF,132,3.57,2.5,Alive,Healthy,H,No,No,"AD, DG, KWG, JS",R-934,
2024,7/22/2024,Southgate,B,LARA,R2638,"IP, MP",85,4.31,2.8,Alive,Healthy,H,No,No,"AD, DG, KWG, JS",,
2024,7/22/2024,Southgate,B,LARA,R2637,"F, IP, MP",150,1.02,4.2,Alive,Healthy,H,No,No,"AND, JS, DG",,
2024,7/22/2024,Southgate,C,LARA,R2636,"F, IP, MP",50,0.74,2.6,Alive,Healthy,H,No,No,DG,894,
2024,7/22/2024,Southgate,B,LARA,R2635,NF,138,3.32,2.8,Alive,Healthy,H,No,No,"AD, DG, KWG, JS",R-2686,
2024,7/22/2024,Southgate,A,AVGE,R2632,NF,70,4.76,2.5,Alive,Unhealthy,U,No,No,"AND, JS",R-2628,MSD
2024,7/22/2024,Southgate,C,LARA,R2631,"F, IP, MP",0,3.17,3.8,Alive,Healthy,H,No,No,DG,,
2022,9/20/2021,Brewers Bay,B,LARA,,NF,177,428,4.9,Dead,Dead,D,No,No,,,
2024,7/22/2024,Southgate,C,LARA,R2630,MP,70,4.05,2.6,Alive,Healthy,H,No,No,DG,,predation
2024,7/22/2024,Southgate,C,LARA,R2629,NF,155,5.03,3,Alive,Healthy,H,No,No,"AND, JS",,herbivory
2024,7/22/2024,Southgate,A,AVGE,R2628,F,65,4.95,3.1,Alive,Healthy,H,No,No,"AND, JS",R-2632,herbivory
2024,7/22/2024,Southgate,B,LARA,R2627,"F, IP, MP",150,5.54,3.2,Alive,Healthy,H,No,No,"DG, KWG, SM",,
2024,7/22/2024,Southgate,C,LARA,R2626,"IP, MP",118,4.73,4.9,Alive,Healthy,H,No,No,"AND, JS",,
2024,7/22/2024,Southgate,C,LARA,R2625,NF,170,5.5,2.5,Alive,Healthy,H,No,No,"AND, JS",,herbivory
2024,7/22/2024,Southgate,B,AVGE,R2624,F,250,4.95,6.6,Alive,Healthy,H,No,No,"AND, JS, DG",,
2022,9/20/2021,Brewers Bay,B,LARA,,NF,178,360,3,Dead,Dead,D,No,No,,,
2024,7/22/2024,Southgate,A,AVGE,R2623,F,212,5.34,3.4,Alive,Healthy,H,No,No,"AD, DG, KWG, JS",926,herbivory
2024,7/22/2024,Southgate,A,AVGE,R2622,NF,88,3.84,2.6,Alive,Healthy,H,No,No,"AND, JS",,
2024,7/23/2024,Krause Lagoon,B,RHMA ,R2621,NF,150,4.49,6,Alive,Healthy,H,No,No,"DG, AD",,MSD
2024,7/22/2024,Southgate,A,AVGE,R2621,NF,200,5.38,2.9,Alive,Healthy,H,No,No,"AND, JS",,herbivory
2024,7/24/2024,Salt River,B,RHMA ,R2620,F,342,2.53,4.4,Alive,Healthy,H,No,No,,"R-2879, R-1962, R-1909, R-1458, tree #86",
2024,7/22/2024,Southgate,C,LARA,R2619,"F, IP, MP",330,1.41,3.3,Alive,Healthy,H,No,No,DG,,
2024,7/22/2024,Southgate,C,LARA,R2617,"F, IP, MP",0,2.83,3.2,Alive,Healthy,H,No,No,DG,,
2024,7/22/2024,Southgate,A,AVGE,R2616,NF,205,5.65,2.6,Alive,Healthy,H,No,No,"AD, DG, KWG, JS",,
2024,7/22/2024,Southgate,B,AVGE,R2615,F,230,5.6,3,Alive,Healthy,H,No,No,"AND, JS, DG",,
2024,7/23/2024,Krause Lagoon,A,RHMA ,R2614,NF,165,3.61,3,Alive,Healthy,H,No,No,"JC, KG, SM, DG",,
2024,7/22/2024,Southgate,A,AVGE,R2613,NF,205,5.42,2.7,Alive,Healthy,H,No,No,"AD, DG, KWG, JS",,herbivory
2024,7/23/2024,Krause Lagoon,B,RHMA ,R2612,NF,25,5.37,2.9,Alive,Healthy,H,No,No,"JC, KG, SM, DG",,
2024,7/23/2024,Krause Lagoon,C,RHMA ,R2611,NF,315,0.82,3,Alive,Healthy,H,No,No,"DG, AD",R-1375,
2024,7/22/2024,Southgate,C,LARA,R2610,NF,75,5.29,2.5,Alive,Healthy,H,No,No,DG,,predation
2024,7/23/2024,Krause Lagoon,B,RHMA ,R2609,F,213,3.83,4.5,Alive,Healthy,H,No,No,"DG, AD",,
2024,7/22/2024,Southgate,A,AVGE,R2608,NF,143,3.88,2.8,Alive,Unhealthy,U,No,No,"AND, JS",,
2024,7/22/2024,Southgate,C,LARA,R2607,NF,0,2.82,2.6,Alive,Healthy,H,No,No,DG,,
2024,7/22/2024,Southgate,C,LARA,R2605,"F, MP",75,4.41,3.3,Alive,Healthy,H,No,No,DG,,
2022,9/21/2021,Brewers Bay,C,LARA,140,NF,53,425,6.4,Dead,Dead,DT,No,Yes,,,
2024,7/24/2024,Salt River,A,COER,R2604,"IP, MP",325,2.55,2.6,Alive,Healthy,H,No,No,"JC, KG, DG, JS",,fruits
2024,7/22/2024,Southgate,C,LARA,R2603,"F, IP, MP",75,5.03,3,Alive,Healthy,H,No,No,DG,,predation
2024,7/22/2024,Southgate,C,LARA,R2602,NF,90,2.06,2.9,Alive,Healthy,H,No,No,DG,,
2024,7/22/2024,Southgate,B,LARA,R2601,"IP, MP",90,5.3,4.9,Alive,Healthy,H,No,No,"AD, DG, KWG, JS",,
2022,9/21/2021,Brewers Bay,C,RHMA ,223,NF,259,546,9.5,Dead,Dead,DT,No,Yes,,,
2024,9/18/2024,Reef Bay,A,LARA,R2600,NF,190,5.04,2.7,Alive,Healthy,H,No,No,,,
2024,9/18/2024,Reef Bay,A,LARA,R2598,"ID, MD",215,1.91,3.7,Alive,Healthy,H,No,No,,,
2024,9/18/2024,Reef Bay,A,LARA,R2596,NF,152,2.96,3,Alive,Healthy,H,No,No,,,
2024,9/18/2024,Reef Bay,A,LARA,R2593,NF,154,5.37,2.9,Alive,Healthy,H,No,No,,,
2024,9/18/2024,Reef Bay,A,LARA,R2592,NF,179,4.3,2.7,Alive,Healthy,H,No,No,,,
2024,9/18/2024,Reef Bay,A,LARA,R2591,NF,157,3.81,3.4,Alive,Healthy,H,No,No,,,
2024,9/18/2024,Reef Bay,A,LARA,R2590,NF,242,4.53,2.5,Alive,Healthy,H,No,No,,,
2024,9/18/2024,Reef Bay,A,LARA,R2584,NF,158,5.4,2.7,Alive,Healthy,H,No,No,,,
2024,9/18/2024,Reef Bay,A,LARA,R2583,"F, ID",241,5.45,3,Alive,Healthy,H,No,No,,,
2024,9/18/2024,Reef Bay,A,LARA,R2582,NF,179,4.74,2.9,Alive,Healthy,H,No,No,,,
2024,9/18/2024,Reef Bay,A,LARA,R2580,MD,177,4.88,3,Alive,Healthy,H,No,No,,,
2024,9/18/2024,Reef Bay,A,LARA,R2578,NF,,5.63,2.7,Alive,Healthy,H,No,No,,,
2024,9/18/2024,Reef Bay,A,LARA,R2576,MD,235,4.25,2.5,Alive,Healthy,H,No,No,,,
2024,9/18/2024,Reef Bay,A,LARA,R2570,NF,151,3.31,2.6,Alive,Unhealthy,U,No,No,,,
2024,9/18/2024,Reef Bay,B,AVGE,R2569,NF,215,5.36,2.6,Alive,Healthy,H,No,No,,,
2024,9/18/2024,Reef Bay,A,LARA,R2563,NF,228,4.42,2.5,Alive,Healthy,H,No,No,,,
2024,9/18/2024,Reef Bay,A,LARA,R2555,NF,225,4.35,3.3,Alive,Healthy,H,No,No,,,
2024,9/18/2024,Reef Bay,A,LARA,R2541,MD,200,2.04,3.3,Alive,Healthy,H,No,No,,,
2024,9/18/2024,Reef Bay,A,LARA,R2540,NF,234,1.85,2.5,Alive,Healthy,H,No,No,,,
2024,9/18/2024,Reef Bay,B,AVGE,R2533,NF,,,2.6,Alive,Healthy,H,No,No,,,
2024,9/18/2024,Reef Bay,A,LARA,R2530,NF,222,5.43,5.1,Alive,Healthy,H,No,No,,,
2024,9/18/2024,Reef Bay,A,LARA,R2524,NF,133,2.83,3.5,Alive,Healthy,H,No,No,"KR,SH",,
2024,9/18/2024,Reef Bay,A,LARA,R2523,MP,34,5.6,4,Alive,Healthy,H,No,No,,,
2024,9/18/2024,Reef Bay,A,LARA,R2520,MD,240,4.56,4.5,Alive,Healthy,H,No,No,,,
2024,9/18/2024,Reef Bay,A,LARA,R2513,NF,55,4.83,2.7,Alive,Healthy,H,No,No,,,
2024,9/18/2024,Reef Bay,A,LARA,R2511,NF,61,4.24,3.1,Alive,Healthy,H,No,No,,,
2024,9/18/2024,Reef Bay,A,LARA,R2508,MP,70,4.2,3.8,Alive,Healthy,H,No,No,"KR,SH",1386,
2024,9/18/2024,Reef Bay,A,LARA,R2507,NF,302,1.81,4.2,Alive,Healthy,H,No,No,,,predation
2024,9/18/2024,Reef Bay,A,LARA,R2504,NF,320,4.37,2.8,Alive,Healthy,H,No,No,,,
2024,9/18/2024,Reef Bay,A,LARA,R2503,NF,285,4.82,2.9,Alive,Healthy,H,No,No,,,
2024,9/18/2024,Reef Bay,A,LARA,R2502,NF,17,3.27,2.6,Alive,Healthy,H,No,No,,,"fell, brown leaves"
2022,9/21/2021,Brewers Bay,C,LARA,,NF,50,497,3,Dead,Dead,DT,No,Yes,,,
2024,8/8/2024,Water Creek,C,LARA,R2499,"IP, MP",264,4.19,2.9,Alive,Healthy,H,,,"KR,SM,LU,JC,AND",,
2024,7/24/2024,Salt River,A,LARA,R2493,"IP, MP",138,1.73,4.7,Alive,Healthy,H,No,No,,"R-0981, R-2492, 823",
2024,7/24/2024,Salt River,A,LARA,R2492,"IP, MP",131,1.77,3.6,Alive,Healthy,H,No,No,,"R-0981, R-2493, 823",
2024,7/24/2024,Salt River,A,COER,R2491,"IP, MP",335,3.55,2.9,Alive,Healthy,H,No,No,"JC, KG, DG, JS",,fruits
2024,7/24/2024,Salt River,A,LARA,R2490,"IP, MP",185,4.58,2.5,Alive,Healthy,H,No,No,,,
2024,7/24/2024,Salt River,A,LARA,R2489,"IP, MP",115,2.93,5.2,Alive,Healthy,H,No,No,,,
2024,7/24/2024,Salt River,A,LARA,R2488?,"IP, MP",100,2.42,4,Alive,Healthy,H,No,No,,,
2024,7/24/2024,Salt River,A,COER,R2486,"IP, MP",335,5.59,3,Alive,Healthy,H,No,No,"JC, KG, DG, JS",,fruits
2024,7/24/2024,Salt River,A,LARA,R2485,"IP, MP",155,1.3,2.7,Alive,Healthy,H,No,No,"JC, KG, DG, JS",,
2024,7/24/2024,Salt River,A,LARA,R2484,"IP, MP",115,1.18,2.6,Alive,Healthy,H,No,No,AND,,
2024,7/24/2024,Salt River,A,LARA,R2483,"IP, MP",65,2.2,2.5,Alive,Healthy,H,No,No,,,
2024,7/24/2024,Salt River,A,COER,R2482,"IP, MP",50,4.89,2.5,Alive,Healthy,H,No,No,,,
2024,7/24/2024,Salt River,A,LARA,R2477,"IP, MP",187,5.3,2.7,Alive,Healthy,H,No,No,,R-1924,
2024,8/7/2024,Turner Bay,A,LARA,R2475,NF,170,5.37,3.3,Alive,Healthy,H,No,No,"AND, KH, DG, LU",,
2024,8/7/2024,Turner Bay,A,LARA,R2472,"IP, MP",335,2.24,4.5,Alive,Healthy,H,No,No,"AND, KH, DG, LU",,
2024,8/6/2024,Lameshur Bay,A,AVGE,R2469,NF,306,5.18,4.1,Alive,Healthy,H,,,,,
2024,8/7/2024,Turner Bay,A,LARA,R2469,"IP, MP",285,4.32,4.4,Alive,Unhealthy,U,No,No,"AND, KH, DG, LU",,
2024,8/9/2024,Mary Creek,A,RHMA ,R2466,"F, IP, MP",265,3.15,3.6,Alive,Healthy,H,No,No,"SM,AD,KR,JH","R2430,R1653","connected R2430, R1653"
2024,7/24/2024,Salt River,A,LARA,R2465,"IP, MP",122,3.49,4.5,Alive,Healthy,H,No,No,,,
2024,7/24/2024,Salt River,A,LARA,R2464,"IP, MP",112,2.38,4.7,Alive,Healthy,H,No,No,,,
2024,7/24/2024,Salt River,A,LARA,R2463,"IP, MP",110,5.6,2.5,Alive,Healthy,H,No,No,,,
2024,8/6/2024,Lameshur Bay,A,AVGE,R2461,NF,272,1.76,2.9,Alive,Healthy,H,,,,,
2024,7/24/2024,Salt River,A,LARA,R2459,"IP, MP",125,3.15,3.5,Alive,Healthy,H,No,No,,,
2024,8/6/2024,Lameshur Bay,A,AVGE,R2458,NF,283,2.22,2.9,Alive,Healthy,H,,,,,
2024,7/24/2024,Salt River,A,LARA,R2456,"IP, MP",120,3.57,2.5,Alive,Healthy,H,No,No,,,
2024,8/7/2024,Turner Bay,B,RHMA ,R2455,NF,245,1.03,4.5,Alive,Healthy,H,No,No,"AND, KH, DG, LU",,
2024,8/6/2024,Lameshur Bay,A,AVGE,R2454,NF,285,2.32,5.1,Alive,Healthy,H,,,,,
2024,8/7/2024,Turner Bay,C,RHMA ,R2453,NF,289,3.09,2.6,Alive,Healthy,H,No,No,"AND, KH, DG, LU",,
2024,7/24/2024,Salt River,A,LARA,R2452,"F, IP, MP",140,2.75,2.8,Alive,Healthy,H,No,No,,,
2024,7/24/2024,Salt River,A,LARA,R2451,"IP, MP",105,1.52,2.8,Alive,Healthy,H,No,No,AND,,
2024,7/24/2024,Salt River,A,LARA,R2450,"IP, MP",100,1.48,2.8,Alive,Healthy,H,No,No,AND,,
2022,9/21/2021,Brewers Bay,C,LARA,,NF,218,426,2.5,Dead,Dead,D,No,No,,,
2024,7/24/2024,Salt River,A,LARA,R2449,"F, IP, MP",120,,2.6,Alive,Healthy,H,No,No,AND,,
2024,7/24/2024,Salt River,A,LARA,R2445,"IP, MP",70,3.24,3.2,Alive,Healthy,H,No,No,,,
2024,8/7/2024,Turner Bay,A,LARA,R2435,,325,4.29,2.5,Alive,Healthy,H,No,No,"AND, KH, DG, LU",,
2024,8/6/2024,Lameshur Bay,A,AVGE,R2431,NF,283,2.28,3.4,Alive,Healthy,H,,,,,
2024,8/9/2024,Mary Creek,A,RHMA ,R2430,"F, IP, MP",264,2.41,2.8,Alive,Healthy,H,No,No,"SM,AD,KR,JH",,
2024,8/6/2024,Lameshur Bay,A,AVGE,R2429,NF,310,5.51,2.8,Alive,Healthy,H,,,,,
2024,8/6/2024,Lameshur Bay,A,AVGE,R2426,NF,275,1.75,2.9,Alive,Healthy,H,,,,,
2024,8/7/2024,Turner Bay,A,LARA,R2424,,290,3.18,6.3,Alive,Unhealthy,U,No,No,"AND, KH, DG, LU",,
2024,8/7/2024,Turner Bay,B,RHMA ,R2423,NF,315,4.48,3.8,Alive,Healthy,H,No,No,"AND, KH, DG, LU",1724,
2024,7/24/2024,Salt River,A,LARA,R2422,"IP, MP",150,1.34,3.3,Alive,Healthy,H,No,No,"JC, KG, DG, JS",,
2024,8/7/2024,Turner Bay,B,RHMA ,R2421,NF,235,1.13,4.4,Alive,Unhealthy,U,No,No,"AND, KH, DG, LU",,
2024,8/7/2024,Turner Bay,B,RHMA ,R2414,NF,211,4.38,3.7,Alive,Unhealthy,U,No,No,"AND, KH, DG, LU",,
2024,7/24/2024,Salt River,B,RHMA ,R2413,"IP, MP",17,2.34,5.4,Alive,Healthy,H,No,Yes,,"R-2941, tree #92",
2024,8/7/2024,Turner Bay,C,RHMA ,R2413,,86,3.5,4.5,Alive,Healthy,H,No,No,"AND, KH, DG, LU",,
2024,8/7/2024,Turner Bay,A,LARA,R2411,NF,170,5.53,5.2,Alive,Unhealthy,U,No,No,"AND, KH, DG, LU",,
2024,8/7/2024,Turner Bay,A,LARA,R2410,NF,95,5.55,3.5,Alive,Healthy,H,No,No,"AND, KH, DG, LU",,
2024,7/24/2024,Salt River,A,LARA,R2409,"IP, MP",,3.71,3,Alive,Healthy,H,No,No,AND,,
2024,7/24/2024,Salt River,A,COER,R2408,"IP, MP",293,2.71,4,Alive,Healthy,H,No,No,"JC, KG, DG, JS",,fruits
2024,8/7/2024,Turner Bay,A,LARA,R2405,,273,3.67,5,Alive,Unhealthy,U,No,No,"AND, KH, DG, LU",,
2024,7/24/2024,Salt River,A,LARA,R2404,"IP, MP",102,4.16,3.2,Alive,Healthy,H,No,No,AND,,
2024,7/24/2024,Salt River,A,LARA,R2403,"IP, MP",170,4.49,3.5,Alive,Healthy,H,No,No,AND,,
2024,7/24/2024,Salt River,A,LARA,R2402,"IP, MP",172,5.5,2.5,Alive,Healthy,H,No,No,,,
2024,8/9/2024,Mary Creek,B,LARA,R2401,"IP, MP",240,5.57,2.7,Alive,Healthy,H,No,No,"SM,AD,KR,JH",,
2024,10/8/2024,Reef Bay,C,AVGE,R2373,IP,195,9.95,3,Alive,Healthy,H,,,,,
2024,9/18/2024,Reef Bay,B,LARA,R2329,NF,55,4.5,3.5,Alive,Healthy,H,No,No,"KR,SH",,growing diagonal/P
2024,9/18/2024,Reef Bay,B,LARA,R2329,NF,65,5.54,2.8,Alive,Healthy,H,No,No,"KR,SH",,
2024,9/18/2024,Reef Bay,B,LARA,R2326,NF,61,3.92,2.8,Alive,Healthy,H,No,No,"KR,SH",,
2024,8/6/2024,Lameshur Bay,B,AVGE,R2275,NF,65,4.98,3.8,Alive,Unhealthy,U,,,,,
2024,7/8/2024,STEER Fringe,B,RHMA ,R2100,NF,230,4.42,3.8,Alive,Healthy,H,No,No,"DG, KG",,
2024,7/8/2024,STEER Fringe,B,RHMA ,R2099,NF,295,4.88,4.8,Alive,Healthy,H,No,Yes,"DG, KG",,
2024,7/8/2024,STEER Fringe,B,LARA,R2097,ID,270,4.23,4.8,Alive,Healthy,H,No,No,"DG, KG",,
2024,7/8/2024,STEER Fringe,B,RHMA ,R2096,NF,90,5.03,2.5,Alive,Healthy,H,No,No,"DG, KG",,
2024,7/8/2024,STEER Fringe,B,RHMA ,R2095,ID,140,5.15,4,Alive,Healthy,H,No,No,"DG, KG",,
2024,7/5/2024,STEER Fringe,A,RHMA ,R2094,NF,145,2.96,2.6,Alive,Healthy,H,No,No,"DG, KG",,herbivory
2024,7/8/2024,STEER Fringe,B,LARA,R2093,ID,145,4.24,4.9,Alive,Healthy,H,No,No,"DG, KG",,
2024,7/8/2024,STEER Fringe,B,LARA,R2092,MD,185,5.54,4.6,Alive,Healthy,H,No,No,"DG, KG",,
2024,7/8/2024,STEER Fringe,B,LARA,R2091,"ID, MD",190,4.28,5.5,Alive,Healthy,H,No,No,"DG, KG",connected to R-2090,
2024,7/8/2024,STEER Fringe,B,LARA,R2090,"ID, MD",190,4.38,6.1,Alive,Healthy,H,No,No,"DG, KG",connected to R-2091,
2024,7/8/2024,STEER Fringe,B,RHMA ,R2089,NF,312,5.44,3.2,Alive,Healthy,H,No,No,"DG, KG",,
2024,7/8/2024,STEER Fringe,B,RHMA ,R2088,"ID, MD",290,5.03,4.6,Alive,Healthy,H,No,No,"DG, KG",,
2024,7/23/2024,Krause Lagoon,A,RHMA ,R2087,"IP, MP",263,4.8,2.9,Alive,Healthy,H,No,No,"JC, KG, SM, DG",,
2024,7/8/2024,STEER Fringe,B,RHMA ,R2086,NF,170,5.25,3,Alive,Healthy,H,No,No,"DG, KG",,
2024,7/24/2024,Salt River,C,LARA,R2084,NF,175,2.66,4.2,Alive,Healthy,H,No,No,"DG, JS, JC",,
2024,7/8/2024,STEER Fringe,B,RHMA ,R2083,NF,,5.51,2.6,Alive,Healthy,H,No,No,"DG, KG",,
2024,7/24/2024,Salt River,C,LARA,R2082,"IP, MP",230,1.49,3,Alive,Healthy,H,No,Yes,"DG, KWG",,
2024,7/24/2024,Salt River,C,ACTO,R2081,,130,3.75,3.9,Alive,Healthy,H,No,Yes,AND,"R-2957, R-1251, R-0727",
2024,7/5/2024,STEER Fringe,A,RHMA ,R2078,NF,180,2.8,2.9,Alive,Healthy,H,No,No,"DG, KG",,herbivory
2024,7/8/2024,STEER Fringe,B,RHMA ,R2077,NF,230,4.7,3.1,Alive,Healthy,H,No,No,"DG, KG",,
2024,7/5/2024,STEER Fringe,A,RHMA ,R2075,NF,219,1.54,2.9,Alive,Healthy,H,No,No,"DG, KG",,herbivory
2024,7/5/2024,STEER Fringe,A,RHMA ,R2073,F,190,1.48,2.7,Alive,Healthy,H,No,No,"DG, KG",,herbivory
2024,7/5/2024,STEER Fringe,A,RHMA ,R2071,NF,185,1.45,2.5,Alive,Healthy,H,No,No,"DG, KG",,herbivory
2024,7/5/2024,STEER Fringe,A,RHMA ,R2070,F,110,3.39,3.3,Alive,Healthy,H,No,No,"DG, KG",,herbivory
2024,7/5/2024,STEER Fringe,A,RHMA ,R2069,NF,250,1.7,3,Alive,Healthy,H,No,No,"DG, KG",,herbivory
2024,7/5/2024,STEER Fringe,A,RHMA ,R2068,NF,230,2.67,3,Alive,Healthy,H,No,No,"DG, KG",,herbivory
2024,7/5/2024,STEER Fringe,A,RHMA ,R2067,NF,325,3.65,4.1,Alive,Healthy,H,No,No,"DG, KG",connected to R-2066,herbivory
2024,7/5/2024,STEER Fringe,A,RHMA ,R2066,NF,320,3.56,3.7,Alive,Healthy,H,No,No,"DG, KG",connected to R-2067,herbivory
2024,7/8/2024,STEER Fringe,B,RHMA ,R2065,F,235,5.04,3.4,Alive,Healthy,H,No,No,"DG, KG",,
2022,10/14/2021,Compass Point,A,UNK,,NF,195,351,3.6,Dead,Unhealthy,U,No,No,,,
2022,10/14/2021,Compass Point,A,RHMA ,,NF,150,190,3.7,Dead,Unhealthy,U,No,No,,,Horizontal
2022,10/14/2021,Compass Point,A,RHMA ,,NF,110,311,3.8,Dead,Unhealthy,U,No,No,,,Ants
2022,10/14/2021,Compass Point,A,RHMA ,,NF,107,234,4.3,Dead,Unhealthy,U,No,No,,,
2022,10/14/2021,Compass Point,A,RHMA ,,NF,168,151,4.6,Dead,Unhealthy,U,No,No,,,
2022,10/14/2021,Compass Point,A,UNK,,NF,110,357,5.4,Dead,Unhealthy,U,No,No,,,
2022,10/14/2021,Compass Point,A,UNK,,NF,95,494,5.4,Dead,Unhealthy,U,No,No,,,
2022,10/14/2021,Compass Point,A,RHMA ,,NF,276,539,5.7,Dead,Unhealthy,U,No,No,,,
2022,10/14/2021,Compass Point,A,RHMA ,,NF,211,200,6,Dead,Unhealthy,U,No,No,,,Ants
2022,10/14/2021,Compass Point,A,RHMA ,,NF,350,205,6.6,Dead,Unhealthy,U,No,No,,,
2022,10/14/2021,Compass Point,A,RHMA ,,NF,276,538,7.9,Dead,Unhealthy,U,No,No,,,
2022,10/14/2021,Compass Point,A,RHMA ,,NF,128,453,8.3,Dead,Unhealthy,U,No,No,,,Ants
2022,10/14/2021,Compass Point,A,RHMA ,,NF,282,565,8.5,Dead,Unhealthy,U,No,No,,,
2022,10/14/2021,Compass Point,A,RHMA ,,NF,290,456,8.5,Dead,Unhealthy,U,No,No,,,
2022,10/14/2021,Compass Point,A,RHMA ,,NF,270,565,8.7,Dead,Unhealthy,U,No,No,,,
2022,10/14/2021,Compass Point,A,RHMA ,,NF,310,345,9,Dead,Unhealthy,U,No,No,,,Ants
2022,10/14/2021,Compass Point,A,UNK,,NF,31,405,9,Dead,Unhealthy,U,Yes,No,,,Ants
2022,10/14/2021,Compass Point,A,RHMA ,,NF,276,538,9.4,Dead,Unhealthy,U,No,No,,,
2022,10/14/2021,Compass Point,A,UNK,,NF,31,345,11.6,Dead,Unhealthy,U,Yes,No,,,
2022,10/14/2021,Compass Point,B,LARA,,NF,214,354,3.1,Dead,Unhealthy,U,No,No,,,
2022,10/14/2021,Compass Point,B,UNK,,NF,189,393,3.5,Dead,Unhealthy,U,No,No,,,Maybe a white
2022,10/14/2021,Compass Point,B,RHMA ,,NF,75,410,3.5,Dead,Unhealthy,U,No,No,,,
2022,10/14/2021,Compass Point,B,UNK,,NF,189,354,3.7,Dead,Unhealthy,U,No,No,,,
2022,10/14/2021,Compass Point,B,UNK,,NF,221,261,3.8,Dead,Unhealthy,U,No,No,,,
2022,10/14/2021,Compass Point,B,LARA,,NF,214,261,3.9,Dead,Unhealthy,U,No,No,,,
2022,10/14/2021,Compass Point,B,LARA,,NF,214,305,4,Dead,Unhealthy,U,No,No,,,
2022,10/14/2021,Compass Point,B,LARA,,NF,24,535,4.3,Dead,Unhealthy,U,No,No,,,
2022,10/14/2021,Compass Point,B,RHMA ,,NF,147,385,4.4,Dead,Unhealthy,U,No,Yes,,,Ants
2022,10/14/2021,Compass Point,B,UNK,,NF,11,424,4.4,Dead,Unhealthy,U,No,No,,,
2022,10/14/2021,Compass Point,B,UNK,,,65,141,4.9,Dead,Unhealthy,U,No,No,,,
2024,7/8/2024,STEER Fringe,B,LARA,R2064,"ID, MD",187,4.62,4.9,Alive,Healthy,H,No,No,"DG, KG",,
2024,7/8/2024,STEER Fringe,B,LARA,R2063,"ID, MD",187,4.55,4.1,Alive,Healthy,H,No,No,"DG, KG",,
2024,7/5/2024,STEER Fringe,A,RHMA ,R2061,NF,5,2.29,2.5,Alive,Healthy,H,No,No,"DG, KG",,herbivory
2024,7/24/2024,Salt River,C,LARA,R2060,"IP, MP",215,1.79,3.3,Alive,Healthy,H,No,No,"DG, KWG",,
2022,10/14/2021,Compass Point,B,LARA,,NF,270,405,5.1,Dead,Unhealthy,U,No,No,,,
2022,10/14/2021,Compass Point,B,LARA,,NF,57,387,5.1,Dead,Unhealthy,U,No,No,,,
2022,10/14/2021,Compass Point,B,RHMA ,,NF,85,490,5.1,Dead,Unhealthy,U,No,No,,,
2022,10/14/2021,Compass Point,B,UNK,,NF,78,310,5.1,Dead,Unhealthy,U,No,No,,,
2024,7/5/2024,STEER Fringe,A,RHMA ,R2059,NF,150,5.59,2.5,Alive,Healthy,H,No,No,"DG, KG",,herbivory
2024,7/8/2024,STEER Fringe,B,RHMA ,R2058,NF,140,5.37,3.3,Alive,Healthy,H,No,No,"DG, KG",,
2022,10/14/2021,Compass Point,B,LARA,,NF,266,218,5.3,Dead,Unhealthy,U,No,Yes,,,
2024,7/8/2024,STEER Fringe,B,LARA,R2057,MD,180,4.73,4.6,Alive,Healthy,H,No,No,"DG, KG",,
2022,10/14/2021,Compass Point,B,LARA,,NF,186,203,5.4,Dead,Unhealthy,U,Yes,No,,,Ants
2024,7/8/2024,STEER Fringe,B,RHMA ,R2056,F,246,5.39,2.6,Alive,Healthy,H,No,No,"DG, KG",,
2022,10/14/2021,Compass Point,B,LARA,,NF,132,137,5.5,Dead,Unhealthy,U,No,No,,,
2022,10/14/2021,Compass Point,B,UNK,,NF,221,559,5.5,Dead,Unhealthy,U,No,No,,,
2022,10/14/2021,Compass Point,B,LARA,,,49,150,5.5,Dead,Unhealthy,U,No,No,,,
2022,10/14/2021,Compass Point,B,LARA,,NF,55,153,5.6,Dead,Unhealthy,U,No,No,,,
2024,7/8/2024,STEER Fringe,B,LARA,R2055,NF,205,5.8,4,Alive,Healthy,H,No,No,"DG, KG",,
2022,10/14/2021,Compass Point,B,UNK,,NF,221,552,5.7,Dead,Unhealthy,U,No,No,,,
2022,10/14/2021,Compass Point,B,UNK,,NF,11,424,5.7,Dead,Unhealthy,U,No,No,,,
2022,10/14/2021,Compass Point,B,UNK,,NF,13,108,5.7,Dead,Unhealthy,U,No,No,,,
2022,10/14/2021,Compass Point,B,UNK,,NF,325,85,5.8,Dead,Unhealthy,U,No,No,,,
2024,7/8/2024,STEER Fringe,B,RHMA ,R2054,NF,170,5.23,3.7,Alive,Healthy,H,No,No,"DG, KG",,
2024,7/24/2024,Salt River,B,RHMA ,R2053,NF,10,4.6,4.2,Alive,Unhealthy,U,No,Yes,"DG, JS, JC",,
2022,10/14/2021,Compass Point,B,UNK,,NF,294,534,5.9,Dead,Unhealthy,U,No,No,,,
2024,7/23/2024,Krause Lagoon,B,RHMA ,R2052,NF,330,1.82,6.8,Alive,Healthy,H,No,No,"JC, KG, SM, DG",,
2022,10/14/2021,Compass Point,B,UNK,,NF,75,293,6,Dead,Unhealthy,U,No,No,,,
2024,7/5/2024,STEER Fringe,A,RHMA ,R2051,NF,195,2.17,2.7,Alive,Healthy,H,No,No,"DG, KG",,herbivory
2024,7/8/2024,STEER Fringe,B,LARA,R2050,NF,205,5.62,3,Alive,Healthy,H,No,No,"DG, KG",,
2024,7/8/2024,STEER Fringe,B,RHMA ,R2049,"ID, MD",165,4.45,5,Alive,Healthy,H,No,Yes,"DG, KG",,tag lower than DBH
2024,7/8/2024,STEER Fringe,B,LARA,R2048,NF,180,5.63,3.8,Alive,Healthy,H,No,No,"DG, KG",,
2024,7/8/2024,STEER Fringe,B,LARA,R2047,ID,215,5,5.6,Alive,Healthy,H,No,No,"DG, KG",,herbivory
2024,7/5/2024,STEER Fringe,A,RHMA ,R2046,F,200,4.17,3.6,Alive,Healthy,H,No,No,"DG, KG",,herbivory
2024,7/8/2024,STEER Fringe,B,RHMA ,R2045,NF,235,5.23,3.9,Alive,Healthy,H,No,No,"DG, KG",,
2022,10/14/2021,Compass Point,B,LARA,,NF,274,97,6.9,Dead,Unhealthy,U,No,No,,,
2022,10/14/2021,Compass Point,B,LARA,,NF,184,257,7.5,Dead,Unhealthy,U,No,No,,,
2022,10/14/2021,Compass Point,B,LARA,,NF,350,182,7.5,Dead,Unhealthy,U,No,No,,,
2022,10/14/2021,Compass Point,B,LARA,,NF,173,565,7.7,Dead,Unhealthy,U,Yes,No,,,Bark peeling off
2022,10/14/2021,Compass Point,B,LARA,,NF,132,90,7.8,Dead,Unhealthy,U,No,No,,,Ants and old termites
2022,10/14/2021,Compass Point,B,LARA,,NF,158,243,7.9,Dead,Unhealthy,U,No,No,,,
2022,10/14/2021,Compass Point,B,LARA,,NF,258,253,8.8,Dead,Unhealthy,U,No,Yes,,,
2022,10/14/2021,Compass Point,B,LARA,,NF,95,442,10.4,Dead,Unhealthy,U,No,Yes,,,
2022,10/14/2021,Compass Point,C,AVGE,,NF,60,241,3.2,Dead,Unhealthy,U,No,No,,,
2022,10/14/2021,Compass Point,C,AVGE,,NF,140,281,3.4,Dead,Unhealthy,U,No,No,,,
2022,10/14/2021,Compass Point,C,AVGE,,NF,16,268,3.8,Dead,Unhealthy,U,No,No,,,
2022,10/14/2021,Compass Point,C,AVGE,,NF,265,513,3.9,Dead,Unhealthy,U,No,No,,,
2022,10/14/2021,Compass Point,C,AVGE,,NF,265,485,4.5,Dead,Unhealthy,U,No,No,,,
2022,10/14/2021,Compass Point,C,AVGE,,NF,180,531,4.6,Dead,Unhealthy,U,No,No,,,
2022,10/14/2021,Compass Point,C,AVGE,,NF,16,445,4.9,Dead,Unhealthy,U,No,No,,,
2022,10/14/2021,Compass Point,C,AVGE,,NF,140,274,5.5,Dead,Unhealthy,U,No,No,,,
2022,10/14/2021,Compass Point,C,AVGE,,NF,16,297,5.8,Dead,Unhealthy,U,No,No,,,
2022,10/14/2021,Compass Point,C,AVGE,,NF,15,504,8,Dead,Unhealthy,U,No,No,,,
2022,10/14/2021,Compass Point,C,AVGE,,NF,345,513,8.2,Dead,Unhealthy,U,No,No,,,
2024,7/8/2024,STEER Fringe,B,RHMA ,R2044,NF,285,2.19,3.3,Alive,Healthy,H,No,No,"DG, KG",,marine debris in plot
2024,7/5/2024,STEER Fringe,A,RHMA ,R2043,NF,170,5.02,2.8,Alive,Healthy,H,No,No,"DG, KG",,herbivory
2024,7/8/2024,STEER Fringe,B,RHMA ,R2042,NF,90,5.05,2.9,Alive,Healthy,H,No,No,"DG, KG",,
2024,7/24/2024,Salt River,C,LARA,R2041,"IP, MP",215,1.85,3.2,Alive,Healthy,H,No,No,"DG, KWG",,
2022,10/28/2021,Francis Bay,B,LARA,330,NF,304,405,4.3,Dead,Dead,D,No,No,"LU, HAS, KWG",,
2022,10/28/2021,Francis Bay,B,LARA,331,NF,331,477,3.6,Dead,Dead,D,No,Yes,"LU, HAS, KWG",,
2022,10/28/2021,Francis Bay,B,LARA,332,NF,40,426,5,Dead,Dead,D,No,Yes,"LU, HAS, KWG",,
2022,10/28/2021,Francis Bay,B,LARA,333,NF,65,513,3.5,Dead,Dead,D,No,Yes,"LU, HAS, KWG",,
2022,10/28/2021,Francis Bay,B,LARA,334,NF,75,245,4.5,Dead,Dead,D,No,Yes,"LU, HAS, KWG",,
2022,10/28/2021,Francis Bay,B,LARA,335,NF,75,159,6,Dead,Dead,D,No,Yes,"LU, HAS, KWG",,
2022,10/28/2021,Francis Bay,B,LARA,336,NF,89,356,3.5,Dead,Dead,D,Yes,Yes,"LU, HAS, KWG",,
2024,7/24/2024,Salt River,C,LARA,R2040,"F, IP",205,2.75,3,Alive,Healthy,H,No,No,AND,"R-2903, R-2917",
2024,7/8/2024,STEER Fringe,B,RHMA ,R2039,ID,215,4.8,3.6,Alive,Healthy,H,No,No,"DG, KG",,
2024,7/8/2024,STEER Fringe,B,RHMA ,R2036,NF,233,5,2.6,Alive,Healthy,H,No,No,"DG, KG",,
2024,7/8/2024,STEER Fringe,B,RHMA ,R2035,ID,230,1.65,4.1,Alive,Healthy,H,No,No,"DG, KG",,
2022,10/28/2021,Francis Bay,B,LARA,341,NF,128,471,8.8,Dead,Dead,D,No,No,"LU, HAS, KWG",,
2022,10/28/2021,Francis Bay,B,LARA,342,NF,138,444,7.3,Dead,Dead,D,No,Yes,"LU, HAS, KWG",,
2022,10/28/2021,Francis Bay,B,LARA,343,NF,110,321,4,Dead,Dead,D,No,Yes,"LU, HAS, KWG",,top dead
2022,10/28/2021,Francis Bay,B,LARA,344,NF,222,219,7.6,Dead,Dead,D,No,Yes,"LU, HAS, KWG",,
2022,10/28/2021,Francis Bay,B,LARA,345,NF,250,351,5.1,Dead,Dead,D,No,Yes,"LU, HAS, KWG",,
2022,10/28/2021,Francis Bay,B,LARA,346,NF,230,196,3.1,Dead,Dead,D,No,Yes,"LU, HAS, KWG",,
2022,10/28/2021,Francis Bay,B,LARA,347,NF,230,189,4.3,Dead,Dead,D,No,Yes,"LU, HAS, KWG",,
2022,10/28/2021,Francis Bay,B,LARA,348,NF,242,161,3.1,Dead,Dead,D,No,Yes,"LU, HAS, KWG",,
2024,7/8/2024,STEER Fringe,B,RHMA ,R2034,NF,90,4.68,2.8,Alive,Healthy,H,No,No,"DG, KG",,
2024,7/8/2024,STEER Fringe,B,RHMA ,R2032,NF,235,4.85,2.7,Alive,Healthy,H,No,No,"DG, KG",,
2022,10/28/2021,Francis Bay,B,LARA,387,NF,137,378,5.8,Dead,Dead,D,No,No,"LU, HAS, KWG",,
2022,10/28/2021,Francis Bay,B,LARA,402,NF,130,543,8.6,Dead,Dead,D,No,Yes,"LU, HAS, KWG",,
2022,10/28/2021,Francis Bay,B,LARA,405,NF,180,325,6.5,Dead,Dead,D,No,Yes,"LU, HAS, KWG",,
2022,10/28/2021,Francis Bay,B,LARA,406,NF,270,462,4.1,Dead,Dead,D,No,No,"LU, HAS, KWG",,
2022,10/28/2021,Francis Bay,B,LARA,407,NF,188,369,5,Dead,Dead,D,No,Yes,"LU, HAS, KWG",,
2022,10/28/2021,Francis Bay,B,LARA,408,NF,80,66,4.3,Dead,Dead,D,No,No,"LU, HAS, KWG",,
2022,10/28/2021,Francis Bay,B,LARA,409,NF,120,558,7.1,Dead,Dead,D,No,Yes,"LU, HAS, KWG",,
2022,10/28/2021,Francis Bay,B,LARA,410,NF,48,558,4.7,Dead,Dead,D,No,Yes,"LU, HAS, KWG",,
2024,7/8/2024,STEER Fringe,B,RHMA ,R2031,NF,220,4.49,2.7,Alive,Healthy,H,No,No,"DG, KG",,
2022,10/28/2021,Francis Bay,B,LARA,446,NF,340,468,4.9,Dead,Dead,D,No,Yes,"LU, HAS, KWG",,
2024,7/8/2024,STEER Fringe,B,LARA,R2030,"ID, MD",215,5.39,5.7,Alive,Healthy,H,No,No,"DG, KG",,
2022,10/28/2021,Francis Bay,B,LARA,448,,,,,Dead,Dead,D,,,"LU, HAS, KWG",,"was hit by 445, broken below DBH before it could be measured"
2024,7/8/2024,STEER Fringe,B,RHMA ,R2029,NF,145,4.55,3,Alive,Healthy,H,No,No,"DG, KG",,
2024,7/5/2024,STEER Fringe,A,RHMA ,R2028,NF,175,3.69,3,Alive,Healthy,H,No,No,"DG, KG",,herbivory
2022,10/28/2021,Francis Bay,B,LARA,452,NF,304,474,4.8,Dead,Dead,D,No,Yes,"LU, HAS, KWG",,
2022,10/28/2021,Francis Bay,B,LARA,468,NF,354,559,3.6,Dead,Dead,D,No,Yes,"LU, HAS, KWG",,
2022,10/28/2021,Francis Bay,B,LARA,474,NF,280,189,3,Dead,Dead,D,No,No,"LU, HAS, KWG",,
2022,10/28/2021,Francis Bay,B,LARA,475,NF,270,498,5,Dead,Dead,D,No,No,"LU, HAS, KWG",,
2022,10/28/2021,Francis Bay,B,LARA,476,NF,207,361,4.5,Dead,Dead,D,No,No,"LU, HAS, KWG",,
2022,10/28/2021,Francis Bay,B,LARA,477,NF,218,180,4.8,Dead,Dead,D,No,No,"LU, HAS, KWG",,
2022,10/28/2021,Francis Bay,B,LARA,479,NF,194,364,8.1,Dead,Dead,D,No,No,"LU, HAS, KWG",,
2022,10/28/2021,Francis Bay,B,LARA,480,NF,335,171,3.3,Dead,Dead,D,No,No,"LU, HAS, KWG",,
2022,10/28/2021,Francis Bay,B,LARA,481,NF,350,273,4.8,Dead,Dead,D,No,No,"LU, HAS, KWG",,
2022,10/28/2021,Francis Bay,B,LARA,485,NF,140,229,4.8,Dead,Dead,D,No,Yes,"LU, HAS, KWG",,
2022,10/28/2021,Francis Bay,B,LARA,488,NF,280,436,2.9,Dead,Dead,D,No,Yes,"LU, HAS, KWG",,
2024,7/5/2024,STEER Fringe,A,RHMA ,R2026,F,190,4.5,4.7,Alive,Healthy,H,No,No,"DG, KG",,herbivory
2022,10/28/2021,Francis Bay,B,LARA,490,NF,286,463,3.1,Dead,Dead,D,No,Yes,"LU, HAS, KWG",,
2022,10/28/2021,Francis Bay,B,LARA,491,NF,267,320,6,Dead,Dead,D,No,Yes,"LU, HAS, KWG",,
2024,7/8/2024,STEER Fringe,B,RHMA ,R2025,NF,280,4.23,3,Alive,Healthy,H,No,No,"DG, KG",,
2024,7/8/2024,STEER Fringe,B,RHMA ,R2024,NF,318,4.9,2.8,Alive,Healthy,H,No,No,"DG, KG",,
2022,10/28/2021,Francis Bay,B,LARA,494,NF,201,365,5.6,Dead,Dead,D,No,No,"LU, HAS, KWG",,
2022,10/28/2021,Francis Bay,B,LARA,495,NF,204,520,5.2,Dead,Dead,D,No,Yes,"LU, HAS, KWG",,
2022,10/28/2021,Francis Bay,B,LARA,496,NF,163,170,4,Dead,Dead,D,No,Yes,"LU, HAS, KWG",,
2022,10/28/2021,Francis Bay,B,LARA,497,NF,145,285,7.2,Dead,Dead,D,No,No,"LU, HAS, KWG",,
2022,10/28/2021,Francis Bay,B,LARA,498,NF,348,415,5.1,Dead,Dead,D,No,No,"LU, HAS, KWG",,
2022,10/28/2021,Francis Bay,B,LARA,499,NF,346,184,5.1,Dead,Dead,D,No,No,"LU, HAS, KWG",,Herbivory
2022,10/28/2021,Francis Bay,B,LARA,499,,,,,Dead,Dead,D,,,"LU, HAS, KWG",,"was hit by 445, broken below DBH before it could be measured"
2022,10/28/2021,Francis Bay,B,LARA,561,NF,286,445,2.7,Dead,Dead,D,No,Yes,"LU, HAS, KWG",,
2022,10/28/2021,Francis Bay,B,LARA,562,NF,340,240,6.4,Dead,Dead,D,No,Yes,"LU, HAS, KWG",,
2022,10/28/2021,Francis Bay,B,LARA,563,NF,340,239,4.4,Dead,Dead,D,No,Yes,"LU, HAS, KWG",,
2022,10/28/2021,Francis Bay,C,LARA,401,NF,115,247,6.9,Dead,Dead,D,No,Yes,"LU, HAS, KWG",,
2022,10/28/2021,Francis Bay,C,LARA,403,NF,125,156,5,Dead,Dead,D,No,No,"LU, HAS, KWG",,
2024,7/8/2024,STEER Fringe,B,RHMA ,R2023,NF,140,4.78,3.1,Alive,Healthy,H,No,No,"DG, KG",,
2024,7/8/2024,STEER Fringe,B,LARA,R2022,ID,270,4.4,5,Alive,Healthy,H,No,No,"DG, KG",,
2024,7/8/2024,STEER Fringe,B,RHMA ,R2021,"F, ID, MD",305,3.07,6.8,Alive,Healthy,H,No,No,"DG, KG",,
2024,7/8/2024,STEER Fringe,B,RHMA ,R2020,NF,212,4.53,3,Alive,Healthy,H,No,No,"DG, KG",,
2024,7/8/2024,STEER Fringe,B,RHMA ,R2019,NF,170,4.91,9.1,Alive,Healthy,H,No,No,"DG, KG",,
2024,7/8/2024,STEER Fringe,B,RHMA ,R2018,NF,295,5.44,3.3,Alive,Healthy,H,No,No,"DG, KG",,
2024,7/5/2024,STEER Fringe,A,RHMA ,R2017,NF,185,3.09,2.8,Alive,Healthy,H,No,No,"DG, KG",,herbivory
2024,7/8/2024,STEER Fringe,B,RHMA ,R2016,NF,235,4.24,2.9,Alive,Healthy,H,No,No,"DG, KG",,
2024,7/5/2024,STEER Fringe,A,RHMA ,R2015,NF,165,3.27,2.6,Alive,Healthy,H,No,No,"DG, KG",,herbivory
2024,7/8/2024,STEER Fringe,B,RHMA ,R2014,ID,218,1.64,3.2,Alive,Healthy,H,No,No,"DG, KG",,
2024,7/8/2024,STEER Fringe,B,RHMA ,R2013,NF,220,4.13,4.3,Alive,Healthy,H,No,Yes,"DG, KG",,
2022,10/28/2021,Francis Bay,C,LARA,421,NF,248,331,4,Dead,Dead,D,No,Yes,"LU, HAS, KWG",,
2024,7/8/2024,STEER Fringe,B,RHMA ,R2012,"ID, MD",210,2.32,2.8,Alive,Healthy,H,No,No,"DG, KG",,
2024,7/5/2024,STEER Fringe,A,RHMA ,R2011,NF,185,3.99,2.5,Alive,Healthy,H,No,No,"DG, KG",,herbivory
2024,7/8/2024,STEER Fringe,B,LARA,R2010,ID,195,3.96,4.1,Alive,Healthy,H,No,No,"DG, KG",,herbivory
2024,7/8/2024,STEER Fringe,B,RHMA ,R2008,ID,260,5.46,7,Alive,Healthy,H,No,No,"DG, KG",,
2022,10/28/2021,Francis Bay,C,LARA,426,NF,275,299,5.9,Dead,Dead,D,No,No,"JCC, AJH, AND, VB, Lincoln",,
2024,7/8/2024,STEER Fringe,B,LARA,R2007,NF,195,3.72,2.6,Alive,Healthy,H,No,No,"DG, KG",,
2024,7/8/2024,STEER Fringe,B,LARA,R2006,MD,270,4.13,5.8,Alive,Healthy,H,No,No,"DG, KG",,
2024,7/8/2024,STEER Fringe,B,LARA,R2004,NF,185,2.77,2.9,Alive,Healthy,H,No,No,"DG, KG",,
2024,7/8/2024,STEER Fringe,B,RHMA ,R2003,NF,180,5.37,2.6,Alive,Healthy,H,No,No,"DG, KG",,
2024,7/8/2024,STEER Fringe,B,RHMA ,R2002,NF,205,4.85,2.9,Alive,Healthy,H,No,No,"DG, KG",,
2024,7/8/2024,STEER Fringe,B,RHMA ,R2001,NF,170,5.55,2.5,Alive,Healthy,H,No,No,"DG, KG",,
2024,7/19/2024,Magens Bay,C,RHMA ,R2000,NF,280,3.42,3,Alive,Healthy,H,No,No,"SM, KH, AD",,
2024,7/8/2024,STEER Fringe,C,RHMA ,R1998,"F, ID, MD",345,2.05,3.1,Alive,Healthy,H,No,No,"LU, SM, KWG",,
2024,7/9/2024,Magens Bay,C,RHMA ,R1997,NF,10,5.37,3.5,Alive,Healthy,H,No,No,"JS, JC",,
2024,7/19/2024,Magens Bay,C,RHMA ,R1992,NF,262,2.54,2.5,Alive,Healthy,H,No,No,"SM, KH, AD",,
2022,10/28/2021,Francis Bay,C,LARA,437,NF,158,294,4.4,Dead,Dead,D,No,No,"LU, HAS, KWG",,
2024,7/19/2024,Magens Bay,C,RHMA ,R1991,NF,240,2.19,4,Alive,Healthy,H,No,No,"SM, KH, AD",,
2024,7/8/2024,STEER Fringe,C,LARA,R1990,"ID, MD",290,5.44,4.3,Alive,Healthy,H,No,No,"LU, SM, KWG","connected to R--1982, R--1934, R--1928",
2024,7/9/2024,Magens Bay,C,RHMA ,R1988,NF,40,3.2,4.3,Alive,Healthy,H,No,No,"JS, JC",,
2024,7/9/2024,Magens Bay,C,RHMA ,R1987,NF,5,4.47,5,Alive,Healthy,H,No,No,"JS, JC",,
2024,7/9/2024,Magens Bay,C,RHMA ,R1986,NF,75,4.49,3.9,Alive,Healthy,H,No,No,"JS, JC",,
2024,7/19/2024,Magens Bay,C,RHMA ,R1985,NF,233,4.93,3.1,Alive,Healthy,H,No,No,"SM, KH, AD",,
2024,7/8/2024,STEER Fringe,C,RHMA ,R1983,"F, ID",258,3.29,2.5,Alive,Healthy,H,No,No,"LU, SM, KWG",,
2022,10/28/2021,Francis Bay,C,LARA,444,NF,99,559,3,Dead,Dead,D,No,No,"LU, HAS, KWG",,
2022,10/28/2021,Francis Bay,C,LARA,445,NF,103,544,3.5,Dead,Dead,D,No,No,"LU, HAS, KWG",,
2024,7/8/2024,STEER Fringe,C,LARA,R1981,ID,290,,3,Alive,Unhealthy,U,No,No,"LU, SM, KWG",,
2022,10/28/2021,Francis Bay,C,LARA,447,NF,343,373,5.1,Dead,Dead,D,No,Yes,"JCC, AJH, AND, VB, Lincoln",,
2024,7/24/2024,Salt River,B,LARA,R1980,"IP, MP",29,3.11,5.8,Alive,Healthy,H,No,No,"DG, JS, JC",,
2024,7/19/2024,Magens Bay,C,RHMA ,R1979,NF,263,1.76,2.5,Alive,Healthy,H,No,No,"SM, KH, AD",,
2024,7/18/2024,Princess Bay,B,RHMA ,R1977,NF,345,3.3,3.3,Alive,Healthy,H,No,No,,,
2024,7/19/2024,Magens Bay,C,RHMA ,R1976,NF,230,1.67,3.6,Alive,Healthy,H,No,No,"SM, KH, AD",,
2024,7/9/2024,Magens Bay,C,RHMA ,R1975,NF,0,4.14,4.7,Alive,Healthy,H,No,No,"JS, JC",,
2022,10/28/2021,Francis Bay,C,LARA,453,NF,192,266,3.2,Dead,Unhealthy,U,No,No,"LU, HAS, KWG",,Herbivory
2024,7/23/2024,Krause Lagoon,B,RHMA ,R1974,NF,105,4.27,4.4,Alive,Healthy,H,No,No,"JC, KG, SM, DG",,
2024,8/7/2024,Turner Bay,C,RHMA ,R1973,,65,4.13,3,Alive,Healthy,H,No,No,"AND, KH, DG, LU",,
2024,7/8/2024,STEER Fringe,C,LARA,R1972,"ID, MD",342,2.4,4.5,Alive,Healthy,H,No,No,"LU, SM, KWG",,
2024,7/24/2024,Salt River,C,THPO,R1970,MP,105,5.56,7.1,Alive,Healthy,H,No,Yes,AND,,
2024,7/8/2024,STEER Fringe,C,RHMA ,R1969,F,241,2.02,2.8,Alive,Healthy,H,No,No,"LU, SM, KWG",,
2024,7/8/2024,STEER Fringe,C,RHMA ,R1968,F,268,5.42,3.3,Alive,Healthy,H,No,No,"LU, SM, KWG",,
2024,7/8/2024,STEER Fringe,C,RHMA ,R1967,"F, ID, MD",244,2.56,3.2,Alive,Healthy,H,No,No,"LU, SM, KWG",,
2024,7/8/2024,STEER Fringe,C,RHMA ,R1966,NF,225,2.1,2.6,Alive,Healthy,H,No,No,"LU, SM, KWG",,
2024,7/8/2024,STEER Fringe,C,LARA,R1965,NF,30,4.54,3.7,Alive,Healthy,H,No,Yes,"LU, SM, KWG","connected to R--1926, R--1942, R--1945",
2022,10/28/2021,Francis Bay,C,LARA,463,NF,149,555,2.6,Dead,Dead,D,No,No,"LU, HAS, KWG",,
2024,7/9/2024,Magens Bay,C,RHMA ,R1964,NF,30,3.57,4.7,Alive,Healthy,H,No,No,"JS, JC",,
2024,7/23/2024,Krause Lagoon,B,RHMA ,R1963,NF,141,1.28,3,Alive,Healthy,H,No,No,"JC, KG, SM, DG",,
2024,7/24/2024,Salt River,B,RHMA ,R1962,"IP, MP",29,2.35,12.3,Alive,Healthy,H,No,No,"DG, JS, JC",,
2022,10/28/2021,Francis Bay,C,LARA,467,NF,234,265,3,Dead,Dead,D,No,No,"JCC, AJH, AND, VB, Lincoln",,
2022,10/28/2021,Francis Bay,C,LARA,469,NF,268,129,5.4,Dead,Dead,D,No,No,"LU, HAS, KWG",,
2024,7/19/2024,Magens Bay,C,LARA,R1961,"F, IP",190,3.99,4.7,Alive,Healthy,H,No,No,"SM, KH, AD",,
2024,7/19/2024,Magens Bay,C,RHMA ,R1959,NF,243,4.02,2.6,Alive,Healthy,H,No,No,"SM, KH, AD",,
2024,7/8/2024,STEER Basin,B,RHMA ,R1957,"ID, MD",306,5.33,3,Alive,Healthy,H,No,No,"LU, SM, KWG",,
2024,7/24/2024,Salt River,C,LARA,R1956,"F, IP",200,2.42,2.5,Alive,Healthy,H,No,No,AND,R-2986,
2024,7/8/2024,STEER Fringe,C,LARA,R1955,"F, ID, MD",51,4.51,4.4,Alive,Healthy,H,No,Yes,"AND, KH","connected to R-1938, R-1925, R-1903, R-1905, R-2854, R-2867, R-1155, R-0395, R-360",
2024,7/8/2024,STEER Fringe,C,RHMA ,R1953,NF,249,2.65,2.8,Alive,Healthy,H,No,No,"LU, SM, KWG",,
2024,7/23/2024,Krause Lagoon,A,RHMA ,R1952,NF,166,2.82,2.6,Alive,Healthy,H,No,No,"JC, KG, SM, DG",,
2024,7/19/2024,Magens Bay,C,RHMA ,R1950,NF,245,1.44,3.8,Alive,Healthy,H,No,No,"SM, KH, AD",,
2022,10/28/2021,Francis Bay,C,LARA,564,NF,208,106,3.4,Dead,Dead,D,No,No,"LU, HAS, KWG",,
2022,10/28/2021,Francis Bay,C,LARA,565,NF,221,74,4,Dead,Dead,D,No,No,"LU, HAS, KWG",,
2024,7/9/2024,Magens Bay,C,RHMA ,R1948,NF,50,2.78,2.7,Alive,Healthy,H,No,No,"JS, JC",,
2022,10/28/2021,Francis Bay,C,LARA,567,NF,180,115,5.4,Dead,Dead,D,No,No,"LU, HAS, KWG",,
2024,7/19/2024,Magens Bay,C,RHMA ,R1947,NF,308,9.69,3.9,Alive,Healthy,H,No,No,"SM, KH, AD",,
2022,10/28/2021,Francis Bay,C,LARA,569,NF,204,249,4.6,Dead,Dead,D,No,No,"LU, HAS, KWG",,
2022,10/28/2021,Francis Bay,C,LARA,570,NF,213,246,6.2,Dead,Dead,D,No,No,"LU, HAS, KWG",,
2022,10/28/2021,Francis Bay,C,LARA,571,NF,219,355,2.6,Dead,Dead,D,No,No,"LU, HAS, KWG",,
2024,7/8/2024,STEER Fringe,C,RHMA ,R1946,"ID, MD",270,2.77,3.4,Alive,Healthy,H,No,No,"LU, SM, KWG",,
2024,7/8/2024,STEER Fringe,C,LARA,R1945,NF,36,4.7,2.9,Alive,Healthy,H,No,Yes,"AND, KH","connected to R--1926, R--1942, R--1965",
2024,7/23/2024,Krause Lagoon,C,RHMA ,R1944,IP,325,3.74,3.3,Alive,Healthy,H,No,No,"DG, JC, AD",,
2024,7/8/2024,STEER Fringe,C,RHMA ,R1943,F,305,2.85,3,Alive,Healthy,H,No,No,"LU, SM, KWG",,
2022,10/28/2021,Francis Bay,C,LARA,576,NF,210,537,3,Dead,Dead,D,No,No,"LU, HAS, KWG",,
2024,7/8/2024,STEER Fringe,C,LARA,R1942,NF,21,4.54,3,Alive,Healthy,H,No,Yes,"LU, SM, KWG","connected to R--1926, R--1965, R--1945",
2022,10/28/2021,Francis Bay,C,LARA,578,NF,227,475,3.3,Dead,Dead,D,No,No,"LU, HAS, KWG",,
2024,7/8/2024,STEER Fringe,C,RHMA ,R1941,ID,306,2.55,3,Alive,Healthy,H,No,No,"LU, SM, KWG",,
2024,7/8/2024,STEER Fringe,C,RHMA ,R1939,F,285,1.37,3.2,Alive,Healthy,H,No,No,"LU, SM, KWG",,
2024,7/23/2024,Krause Lagoon,B,RHMA ,R1937,NF,95,2.58,5.4,Alive,Healthy,H,No,No,"JC, KG, SM, DG",,
2024,7/8/2024,STEER Fringe,C,RHMA ,R1936,F,232,1.97,2.8,Alive,Healthy,H,No,No,"LU, SM, KWG",,
2024,7/8/2024,STEER Fringe,C,LARA,R1934,"ID, MD",311,4.88,3.6,Alive,Healthy,H,No,No,"LU, SM, KWG","connected to R--1982, R--1928, R--1990",
2022,10/28/2021,Francis Bay,C,LARA,606,NF,61,489,5.1,Dead,Dead,D,No,Yes,"JCC, AJH, AND, VB, Lincoln",,
2022,10/28/2021,Francis Bay,C,LARA,607,NF,87,508,2.7,Dead,Dead,D,No,No,"JCC, AJH, AND, VB, Lincoln",,
2024,7/8/2024,STEER Fringe,C,RHMA ,R1934,"F, ID, MD",45,5.09,28.4,Alive,Healthy,H,No,Yes,"AND, KH",connected to NA (the one below),
2024,7/24/2024,Salt River,B,RHMA ,R1931,NF,25,5.57,5.4,Alive,Unhealthy,U,No,Yes,"DG, JS, JC",,
2024,7/8/2024,STEER Fringe,C,LARA,R1928,"ID, MD",305,5.05,3.2,Alive,Healthy,H,No,No,"LU, SM, KWG","connected to R--1982, R--1934, R--1990",
2024,7/8/2024,STEER Basin,B,RHMA ,R1927,"ID, MD",306,5.12,2.5,Alive,Healthy,H,No,No,"LU, SM, KWG",,
2024,7/8/2024,STEER Fringe,C,LARA,R1926,NF,19,4.48,9.8,Alive,Healthy,H,No,Yes,"LU, SM, KWG","connected to R--1942, R--1965, R--1945",
2024,7/8/2024,STEER Fringe,C,LARA,R1925,"F, ID, MD",60,5.38,6,Alive,Healthy,H,No,Yes,"AND, KH","connected to R-1938, R-1903, R-1905, R-2854, R-1955, R-2867, R-1155, R-0395, R-360",
2024,7/24/2024,Salt River,A,LARA,R1924,"IP, MP",187,5.44,2.5,Alive,Healthy,H,No,No,,R-2477,
2024,7/24/2024,Salt River,B,LARA,R1922,NF,37,4.99,5.5,Alive,Healthy,H,No,Yes,"DG, JS, JC",,
2024,7/19/2024,Magens Bay,C,RHMA ,R1921,NF,230,5.63,3.1,Alive,Healthy,H,No,No,"SM, KH, AD",,
2024,7/19/2024,Magens Bay,C,RHMA ,R1920,NF,250,2.06,2.5,Alive,Healthy,H,No,No,"SM, KH, AD",,
2024,7/8/2024,STEER Fringe,C,RHMA ,R1918,NF,275,2.28,2.7,Alive,Healthy,H,No,No,"LU, SM, KWG",,
2024,7/23/2024,Krause Lagoon,C,RHMA ,R1916,F,145,3.03,4.8,Alive,Healthy,H,No,No,"DG, JC, AD",,
2022,10/28/2021,Francis Bay,C,LARA,700,NF,39,423,4.5,Dead,Dead,D,No,No,"JCC, AJH, AND, VB, Lincoln",,past termites
2024,7/9/2024,Magens Bay,C,RHMA ,R1915,NF,35,5.53,3.9,Alive,Healthy,H,No,No,"JS, JC",,
2024,7/8/2024,STEER Basin,B,RHMA ,R1914,"F, ID, MD",330,4.32,2.7,Alive,Healthy,H,No,No,"LU, SM, KWG",,
2024,7/19/2024,Magens Bay,C,RHMA ,R1911,NF,258,3.23,4.2,Alive,Healthy,H,No,No,"SM, KH, AD",,
2024,7/24/2024,Salt River,B,RHMA ,R1909,"IP, MP",29,4.16,6,Alive,Healthy,H,No,No,"DG, JS, JC",,
2024,7/8/2024,STEER Fringe,C,RHMA ,R1907,F,21,1.81,2.5,Alive,Healthy,H,No,No,"LU, SM, KWG",,
2024,7/19/2024,Magens Bay,C,RHMA ,R1906,NF,180,1.68,4.1,Alive,Healthy,H,No,No,"SM, KH, AD",,
2022,10/28/2021,Francis Bay,C,LARA,906,NF,75,198,2.5,Dead,Dead,D,No,No,"JCC, AJH, AND, VB, Lincoln",,
2024,7/8/2024,STEER Fringe,C,LARA,R1905,"F, ID, MD",55,5.33,3.5,Alive,Healthy,H,No,Yes,"AND, KH","connected to R-1938, R-1925, R-1903, R-2854, R-1955, R-2867, R-1155, R-0395, R-360",
2024,7/19/2024,Magens Bay,C,RHMA ,R1904,NF,292,1.94,3.7,Alive,Healthy,H,No,No,"SM, KH, AD",,
2024,7/8/2024,STEER Fringe,C,LARA,R1903,"F, ID, MD",57,5.45,4,Alive,Healthy,H,No,Yes,"AND, KH","connected to R-1938, R-1925, R-1905, R-2854, R-1955, R-2867, R-1155, R-0395, R-360",
2022,10/29/2021,Francis Bay,C,LARA,713,NF,295,263,3.3,Dead,Dead,D,No,Yes,"HAS, LU, KH",,
2022,10/29/2021,Francis Bay,C,LARA,714,NF,335,163,3,Dead,Dead,D,No,No,"HAS, LU, KH",,
2024,7/9/2024,Magens Bay,C,RHMA ,R1902,NF,70,5.14,4.9,Alive,Healthy,H,No,No,"JS, JC",,
2024,7/23/2024,Krause Lagoon,B,RHMA ,R1901,NF,330,1.38,5.2,Alive,Healthy,H,No,No,"JC, KG, SM, DG",,
2024,7/23/2024,Krause Lagoon,C,RHMA ,R1833,F,282,2.45,11.2,Alive,Healthy,H,No,No,"DG, AD",R-1395,
2024,7/24/2024,Salt River,B,LARA,R1802,,125,3.52,3.2,Alive,Healthy,H,No,No,"DG, JS, JC",,
2024,7/23/2024,Krause Lagoon,A,RHMA ,R1799,"F, IP",194,5.07,5.9,Alive,Healthy,H,No,No,"SM, JC, KG",,
2022,10/29/2021,Francis Bay,C,LARA,720,NF,331,433,4.8,Dead,Dead,D,No,Yes,"HAS, LU, KH",,
2024,8/7/2024,Turner Bay,B,RHMA ,R1797,NF,287,2.32,3.2,Alive,Healthy,H,No,No,"AND, KH, DG, LU",,
2022,10/29/2021,Francis Bay,C,LARA,722,NF,338,478,3.9,Dead,Dead,D,No,Yes,"HAS, LU, KH",,
2024,7/23/2024,Krause Lagoon,A,RHMA ,R1796,"F, IP, MP",194,4.58,6,Alive,Healthy,H,No,No,"SM, JC, KG",,
2024,7/23/2024,Krause Lagoon,A,RHMA ,R1795,F,92,4.68,2.7,Alive,Healthy,H,No,No,"SM, JC, KG",,
2024,7/23/2024,Krause Lagoon,A,RHMA ,R1794,"IP, MP",190,5.26,3.9,Alive,Healthy,H,No,No,"SM, JC, KG",R-1760,
2024,7/23/2024,Krause Lagoon,B,RHMA ,R1792,"F, IP",333,4.53,4.5,Alive,Healthy,H,No,No,"JC, KG, SM, DG",,
2024,7/23/2024,Krause Lagoon,B,RHMA ,R1791,F,40,2.58,4,Alive,Healthy,H,No,No,"DG, AD",,
2022,10/29/2021,Francis Bay,C,LARA,728,NF,356,438,3.4,Dead,Unhealthy,U,No,Yes,"HAS, LU, KH",,
2024,7/23/2024,Krause Lagoon,B,RHMA ,R1790,F,25,2.84,4,Alive,Healthy,H,No,No,"DG, AD",,
2024,7/23/2024,Krause Lagoon,A,RHMA ,R1789,"IP, MP",136,4.03,,Alive,Healthy,H,No,No,"SM, JC, KG",,
2024,7/23/2024,Krause Lagoon,A,RHMA ,R1788,NF,180,3.98,4,Alive,Healthy,H,No,No,"SM, JC, KG",R-1784,
2024,7/23/2024,Krause Lagoon,A,RHMA ,R1786,"IP, MP",117,3.36,5.6,Alive,Healthy,H,No,No,"SM, JC, KG",,"high props, true DBH"
2022,10/29/2021,Francis Bay,C,LARA,733,NF,8,496,3.2,Dead,Dead,D,No,Yes,"HAS, LU, KH",,
2024,7/23/2024,Krause Lagoon,A,RHMA ,R1785,NF,109,4.75,2.7,Alive,Healthy,H,No,No,"SM, JC, KG",,
2024,7/23/2024,Krause Lagoon,A,RHMA ,R1784,NF,181,4.03,3.5,Alive,Healthy,H,No,No,"SM, JC, KG",R-1788,
2024,7/24/2024,Salt River,B,THPO,R1783,,100,3.56,7,Alive,Healthy,H,No,No,"DG, JS, JC",,
2024,7/23/2024,Krause Lagoon,A,RHMA ,R1782,"F, IP, MP",121,3.75,,Alive,Healthy,H,No,No,"SM, JC, KG",,
2024,7/23/2024,Krause Lagoon,A,RHMA ,R1781,"IP, MP",92,5.38,2.9,Alive,Healthy,H,No,No,"SM, JC, KG",R-2688,
2024,7/24/2024,Salt River,B,LARA,R1780,"F, IP, MP",130,3.7,3.6,Alive,Healthy,H,No,No,"DG, JS, JC",R-1234,
2024,7/23/2024,Krause Lagoon,A,RHMA ,R1779,MP,19,2.32,4.6,Alive,Healthy,H,No,No,"SM, JC, KG",,
2022,10/29/2021,Francis Bay,C,LARA,741,NF,239,564,2.5,Dead,Dead,D,No,No,"HAS, LU, KH",,
2024,7/24/2024,Salt River,B,THPO,R1778,NF,360,4.27,6.1,Alive,Healthy,H,No,No,"DG, JS, JC",,fruits
2022,11/15/2021,Great Pond,A,RHMA ,606,NF,4,407,2.9,Dead,Dead,D,No,No,"AND, HAS, AH, PEDRO, KEKLE (?)",,
2022,11/15/2021,Great Pond,A,RHMA ,694,NF,0,361,2.8,Dead,Dead,D,No,No,"AND, HAS, AH, PEDRO, KEKLE (?)",,
2022,11/15/2021,Great Pond,A,RHMA ,695,NF,20,366,3.9,Dead,Dead,D,No,No,"AND, HAS, AH, PEDRO, KEKLE (?)",,
2022,11/15/2021,Great Pond,A,RHMA ,696,NF,284,236,4.8,Dead,Dead,D,No,No,"AND, HAS, AH, PEDRO, KEKLE (?)",,
2022,11/15/2021,Great Pond,A,RHMA ,774,NF,102,525,3.2,Dead,Dead,D,No,No,"AND, HAS, AH, PEDRO, KEKLE (?)",,
2022,11/15/2021,Great Pond,A,RHMA ,775,NF,48,490,3.7,Dead,Dead,D,No,No,"AND, HAS, AH, PEDRO, KEKLE (?)",,
2022,11/15/2021,Great Pond,A,RHMA ,776,NF,113,521,3.9,Dead,Dead,D,No,No,"AND, HAS, AH, PEDRO, KEKLE (?)",,
2022,11/15/2021,Great Pond,A,RHMA ,777,NF,121,444,2.9,Dead,Dead,D,No,No,"AND, HAS, AH, PEDRO, KEKLE (?)",,
2022,11/15/2021,Great Pond,A,AVGE,778,NF,126,356,3.4,Dead,Dead,D,No,No,"AND, HAS, AH, PEDRO, KEKLE (?)",,
2022,11/15/2021,Great Pond,A,RHMA ,780,NF,35,431,4.1,Dead,Dead,D,No,No,"AND, HAS, AH, PEDRO, KEKLE (?)",,too dead to tell specie for sure
2022,11/15/2021,Great Pond,A,RHMA ,781,NF,50,439,3.3,Dead,Dead,D,No,No,"AND, HAS, AH, PEDRO, KEKLE (?)",,
2022,11/15/2021,Great Pond,A,RHMA ,782,NF,50,506,3.6,Dead,Dead,D,No,No,"AND, HAS, AH, PEDRO, KEKLE (?)",,
2022,11/15/2021,Great Pond,A,RHMA ,783,NF,153,276,3.8,Dead,Dead,D,No,No,"AND, HAS, AH, PEDRO, KEKLE (?)",,
2022,11/15/2021,Great Pond,A,RHMA ,784,NF,43,333,3,Dead,Dead,D,No,No,"AND, HAS, AH, PEDRO, KEKLE (?)",,
2022,11/15/2021,Great Pond,A,RHMA ,785,NF,320,382,4.2,Dead,Dead,D,No,No,"AND, HAS, AH, PEDRO, KEKLE (?)",,
2022,11/15/2021,Great Pond,A,RHMA ,786,NF,307,304,2.7,Dead,Dead,D,No,No,"AND, HAS, AH, PEDRO, KEKLE (?)",,
2022,11/15/2021,Great Pond,A,RHMA ,787,NF,320,504,4,Dead,Dead,D,No,No,"AND, HAS, AH, PEDRO, KEKLE (?)",,
2022,11/15/2021,Great Pond,A,RHMA ,788,NF,320,428,4.2,Dead,Dead,D,No,No,"AND, HAS, AH, PEDRO, KEKLE (?)",,
2022,11/15/2021,Great Pond,A,RHMA ,789,NF,290,425,3.5,Dead,Dead,D,No,No,"AND, HAS, AH, PEDRO, KEKLE (?)",,
2022,11/15/2021,Great Pond,A,RHMA ,790,NF,294,392,3.2,Dead,Dead,D,No,No,"AND, HAS, AH, PEDRO, KEKLE (?)",,
2022,11/15/2021,Great Pond,A,RHMA ,791,NF,288,358,3.2,Dead,Dead,D,No,No,"AND, HAS, AH, PEDRO, KEKLE (?)",,
2022,11/15/2021,Great Pond,A,AVGE,792,NF,51,234,3.5,Dead,Dead,D,No,No,"AND, HAS, AH, PEDRO, KEKLE (?)",,
2022,11/15/2021,Great Pond,A,RHMA ,793,NF,275,295,3.1,Dead,Dead,D,No,No,"AND, HAS, AH, PEDRO, KEKLE (?)",,
2022,11/15/2021,Great Pond,A,RHMA ,905,NF,325,262,3.6,Dead,Dead,D,No,No,"AND, HAS, AH, PEDRO, KEKLE (?)",,
2022,11/15/2021,Great Pond,A,AVGE,908,NF,33,296,3.5,Dead,Dead,D,No,No,"AND, HAS, AH, PEDRO, KEKLE (?)",,
2022,11/15/2021,Great Pond,A,RHMA ,914,NF,207,367,3,Dead,Dead,D,No,No,"AND, HAS, AH, PEDRO, KEKLE (?)",,
2022,11/15/2021,Great Pond,A,RHMA ,915,NF,176,537,3,Dead,Dead,D,No,No,"AND, HAS, AH, PEDRO, KEKLE (?)",,
2022,11/15/2021,Great Pond,B,AVGE,605,NF,229,547,5.1,Dead,Dead,D,No,No,"AND, HAS, AH, PEDRO, KEKLE (?)",,
2022,11/15/2021,Great Pond,B,AVGE,681,NF,225,540,5.2,Dead,Dead,D,No,No,"AND, HAS, AH, PEDRO, KEKLE (?)",,
2022,11/15/2021,Great Pond,B,AVGE,682,NF,229,511,4,Dead,Dead,D,No,No,"AND, HAS, AH, PEDRO, KEKLE (?)",,
2022,11/15/2021,Great Pond,B,AVGE,683,NF,225,456,2.9,Dead,Dead,D,No,No,"AND, HAS, AH, PEDRO, KEKLE (?)",,
2022,11/15/2021,Great Pond,B,AVGE,684,NF,206,443,4.3,Dead,Dead,D,No,No,"AND, HAS, AH, PEDRO, KEKLE (?)",,
2022,11/15/2021,Great Pond,B,AVGE,685,NF,222,520,5.1,Dead,Dead,D,No,No,"AND, HAS, AH, PEDRO, KEKLE (?)",,
2022,11/15/2021,Great Pond,B,AVGE,743,NF,157,171,4.2,Dead,Dead,D,No,No,"AND, HAS, AH, PEDRO, KEKLE (?)",,
2022,11/15/2021,Great Pond,B,AVGE,744,NF,132,406,3.2,Dead,Dead,D,No,No,"AND, HAS, AH, PEDRO, KEKLE (?)",,
2022,11/15/2021,Great Pond,B,AVGE,745,NF,170,536,4.4,Dead,Dead,D,No,No,"AND, HAS, AH, PEDRO, KEKLE (?)",,
2022,11/15/2021,Great Pond,B,AVGE,746,NF,23,55,6.4,Dead,Dead,D,No,No,"AND, HAS, AH, PEDRO, KEKLE (?)",,
2022,11/15/2021,Great Pond,B,AVGE,747,NF,176,165,6.5,Dead,Dead,D,No,No,"AND, HAS, AH, PEDRO, KEKLE (?)",,
2022,11/15/2021,Great Pond,B,AVGE,770,NF,200,188,3.1,Dead,Dead,D,No,No,"AND, HAS, AH, PEDRO, KEKLE (?)",,
2022,11/15/2021,Great Pond,B,AVGE,771,NF,80,456,3.3,Dead,Dead,D,No,No,"AND, HAS, AH, PEDRO, KEKLE (?)",,
2022,11/15/2021,Great Pond,B,AVGE,772,NF,74,434,4.4,Dead,Dead,D,No,No,"AND, HAS, AH, PEDRO, KEKLE (?)",,
2022,11/15/2021,Great Pond,B,AVGE,773,NF,137,390,2.9,Dead,Dead,D,No,No,"AND, HAS, AH, PEDRO, KEKLE (?)",,
2022,11/15/2021,Great Pond,B,AVGE,899,NF,254,458,2.5,Dead,Dead,D,No,No,"AND, HAS, AH, PEDRO, KEKLE (?)",,
2022,11/15/2021,Great Pond,B,AVGE,989,NF,65,474,6,Dead,Dead,D,No,No,"AND, HAS, AH, PEDRO, KEKLE (?)",,
2022,11/15/2021,Great Pond,C,RHMA ,691,NF,90,395,3.4,Dead,Dead,D,No,No,"AND, HAS, AH, PEDRO, KEKLE (?)",,
2022,11/15/2021,Great Pond,C,RHMA ,916,NF,171,482,3.5,Dead,Dead,D,No,No,"AND, HAS, AH, PEDRO, KEKLE (?)",,
2022,11/15/2021,Great Pond,C,AVGE,917,NF,270,177,3.5,Dead,Dead,D,No,No,"AND, HAS, AH, PEDRO, KEKLE (?)",,
2024,7/23/2024,Krause Lagoon,A,RHMA ,R1777,"IP, MP",72,5.23,3.3,Alive,Healthy,H,No,No,"SM, JC, KG",,
2024,8/9/2024,Mary Creek,C,LARA,R1776,"IP, MP",175,5.53,3,Alive,Healthy,H,No,No,"SM,AD,KR,JH",,
2024,7/24/2024,Salt River,C,LARA,R1776,"IP, MP",35,4.77,3.9,Alive,Healthy,H,No,Yes,"DG, KWG",,
2024,7/23/2024,Krause Lagoon,A,RHMA ,R1775,"F, IP, MP",80,1.05,2.7,Alive,Healthy,H,No,No,"SM, JC, KG",,
2024,7/24/2024,Salt River,B,LARA,R1774,"IP, MP",130,3.25,3.1,Alive,Healthy,H,No,No,"DG, JS, JC",,
2022,11/17/2022,Krause Lagoon,A,RHMA ,,NF,24,368,12,Dead,Dead,D,No,Yes,"AND, AJH, HAS, KWG",,
2024,7/23/2024,Krause Lagoon,A,RHMA ,R1773,"F, IP",198,4.1,3.8,Alive,Healthy,H,No,No,"JC, KG, SM, DG",R-1417,
2024,7/24/2024,Salt River,C,RHMA ,R1772,"F, IP, MP",260,2.41,8.1,Alive,Healthy,H,No,No,"DG, KWG",,
2024,7/23/2024,Krause Lagoon,A,RHMA ,R1771,NF,245,2.13,2.9,Alive,Healthy,H,No,No,"JC, KG, SM, DG",,
2022,11/17/2022,Krause Lagoon,A,RHMA ,,NF,52,459,8,Dead,Dead,D,No,Yes,"AND, AJH, HAS, KWG",,
2022,11/17/2022,Krause Lagoon,A,RHMA ,,NF,56,480,11.7,Dead,Dead,D,No,Yes,"AND, AJH, HAS, KWG",,
2022,11/17/2022,Krause Lagoon,A,RHMA ,,NF,59,357,14.5,Dead,Dead,D,No,Yes,"AND, AJH, HAS, KWG",,
2024,7/23/2024,Krause Lagoon,A,RHMA ,R1770,NF,180,3.29,2.7,Alive,Healthy,H,No,No,"SM, JC, KG",,
2024,7/23/2024,Krause Lagoon,A,RHMA ,R1769,"F, IP, MP",85,5.28,3.3,Alive,Healthy,H,No,No,"SM, JC, KG",,
2024,7/23/2024,Krause Lagoon,A,RHMA ,R1768,,86,4.53,2.9,Alive,Healthy,H,No,No,"SM, JC, KG",,
2024,7/23/2024,Krause Lagoon,A,RHMA ,R1767,F,80,3.61,4.2,Alive,Healthy,H,No,Yes,"SM, JC, KG",,
2024,7/23/2024,Krause Lagoon,A,RHMA ,R1766,,180,4.48,3.3,Alive,Healthy,H,No,No,"SM, JC, KG",,
2024,7/24/2024,Salt River,C,LARA,R1765,"IP, MP",125,2.32,4.5,Alive,Healthy,H,No,No,"DG, KWG",R-2895,
2024,7/23/2024,Krause Lagoon,A,RHMA ,R1764,"F, IP, MP",80,0.38,2.7,Alive,Healthy,H,No,No,"SM, JC, KG",,
2024,7/23/2024,Krause Lagoon,A,RHMA ,R1762,"F, IP, MP",82,5.4,4.2,Alive,Healthy,H,No,No,"SM, JC, KG",,
2024,7/23/2024,Krause Lagoon,A,RHMA ,R1761,"F, IP, MP",73,5.36,3.3,Alive,Healthy,H,No,No,"SM, JC, KG",,
2024,7/23/2024,Krause Lagoon,A,RHMA ,R1760,"IP, MP",190,5.42,3.5,Alive,Healthy,H,No,No,"SM, JC, KG",R-1794,
2022,11/17/2022,Krause Lagoon,A,RHMA ,,NF,98,518,6.5,Dead,Dead,D,No,Yes,"AND, AJH, HAS, KWG",,
2022,11/17/2022,Krause Lagoon,A,RHMA ,,NF,329,152,10.8,Dead,Dead,D,No,Yes,"AND, AJH, HAS, KWG",,
2022,11/17/2022,Krause Lagoon,A,RHMA ,,NF,342,158,7.8,Dead,Dead,D,No,Yes,"AND, AJH, HAS, KWG",,
2024,7/24/2024,Salt River,B,RHMA ,R1759,"IP, MP",315,1.64,8.2,Alive,Healthy,H,No,No,,R-1500,
2024,7/23/2024,Krause Lagoon,A,RHMA ,R1758,"IP, MP",53,5.05,3.6,Alive,Healthy,H,No,No,"SM, JC, KG",,
2024,7/23/2024,Krause Lagoon,A,RHMA ,R1757,"IP, MP",48,4.83,3,Alive,Healthy,H,No,No,"SM, JC, KG",R-1408,
2022,11/17/2022,Krause Lagoon,A,RHMA ,,NF,80,122,5.7,Dead,Dead,D,No,Yes,"AND, AJH, HAS, KWG",,
2024,7/23/2024,Krause Lagoon,B,RHMA ,R1756,NF,293,1.71,3,Alive,Healthy,H,No,No,"JC, KG, SM, DG",,
2024,7/23/2024,Krause Lagoon,A,RHMA ,R1755,NF,113,4.41,3,Alive,Healthy,H,No,No,"SM, JC, KG",,
2024,7/23/2024,Krause Lagoon,A,RHMA ,R1754,NF,90,1.39,3.7,Alive,Healthy,H,No,No,"DG, AD",,
2024,7/23/2024,Krause Lagoon,A,RHMA ,R1753,F,165,5.27,4,Alive,Healthy,H,No,No,"JC, KG, SM, DG",,
2024,7/23/2024,Krause Lagoon,A,RHMA ,R1752,NF,93,4.99,2.8,Alive,Healthy,H,No,No,"SM, JC, KG",,
2024,8/9/2024,Mary Creek,C,LARA,R1751,"IP, MP",12,4.65,4.7,Alive,Healthy,H,No,Yes,"SM,AD,KR,JH",,
2024,7/23/2024,Krause Lagoon,A,RHMA ,R1749,F,75,4.82,2.5,Alive,Healthy,H,No,No,"DG, AD",,
2024,7/23/2024,Krause Lagoon,A,RHMA ,R1748,"IP, MP",53,5.52,4.1,Alive,Healthy,H,No,No,"SM, JC, KG",,
2024,7/23/2024,Krause Lagoon,A,RHMA ,R1746,NF,35,3.05,2.6,Alive,Healthy,H,No,No,"SM, JC, KG",,
2022,11/17/2022,Krause Lagoon,A,RHMA ,,NF,155,523,13.2,Dead,Dead,D,No,Yes,"AND, AJH, HAS, KWG",,OUT OF SAME TRUNK as 40
2024,7/23/2024,Krause Lagoon,A,RHMA ,R1745,NF,87,5.29,3.5,Alive,Healthy,H,No,No,"SM, JC, KG",,
2024,7/23/2024,Krause Lagoon,A,RHMA ,R1744,NF,80,4.36,5.2,Alive,Healthy,H,No,No,"SM, JC, KG",,
2024,7/23/2024,Krause Lagoon,A,RHMA ,R1742,MP,81,3.95,3.6,Alive,Healthy,H,No,No,"DG, AD",R-1720,
2024,7/24/2024,Salt River,B,LARA,R1741,NF,80,3.29,3,Alive,Healthy,H,No,No,"DG, JS, JC",,
2024,7/23/2024,Krause Lagoon,A,RHMA ,R1740,NF,40,1.63,2.8,Alive,Healthy,H,No,No,"SM, JC, KG",,
2024,7/23/2024,Krause Lagoon,A,RHMA ,R1739,NF,170,2.82,2.9,Alive,Healthy,H,No,No,"SM, JC, KG",,
2024,7/23/2024,Krause Lagoon,B,RHMA ,R1738,F,115,5.5,5.2,Alive,Healthy,H,No,No,"JC, KG, SM, DG",,
2024,7/23/2024,Krause Lagoon,A,RHMA ,R1737,"IP, MP",117,4.65,2.9,Alive,Healthy,H,No,No,"SM, JC, KG",,
2022,11/17/2022,Krause Lagoon,A,RHMA ,,NF,266,425,6.5,Dead,Dead,D,No,Yes,"AND, AJH, HAS, KWG",,
2022,11/17/2022,Krause Lagoon,A,RHMA ,,NF,266,461,5.8,Dead,Dead,D,No,Yes,"AND, AJH, HAS, KWG",,
2022,11/17/2022,Krause Lagoon,A,RHMA ,,NF,351,480,9.9,Dead,Dead,D,No,Yes,"AND, AJH, HAS, KWG",,
2022,11/17/2022,Krause Lagoon,A,RHMA ,,NF,339,449,4,Dead,Dead,D,No,Yes,"AND, AJH, HAS, KWG",,
2022,11/17/2022,Krause Lagoon,A,RHMA ,,NF,339,426,4.5,Dead,Dead,D,No,Yes,"AND, AJH, HAS, KWG",,
2022,11/17/2022,Krause Lagoon,A,RHMA ,,NF,349,480,8.7,Dead,Dead,D,No,Yes,"AND, AJH, HAS, KWG",,
2022,11/17/2022,Krause Lagoon,B,RHMA ,,NF,156,58,2.5,Dead,Dead,D,No,No,"AND, AJH, HAS, KWG",,
2024,7/23/2024,Krause Lagoon,B,RHMA ,R1736,"F, IP",335,4.97,4.8,Alive,Healthy,H,No,No,"JC, KG, SM, DG",,
2024,7/23/2024,Krause Lagoon,A,RHMA ,R1735,NF,35,3.2,4,Alive,Healthy,H,No,No,"SM, JC, KG",,
2024,7/23/2024,Krause Lagoon,A,RHMA ,R1733,F,117,4.13,2.5,Alive,Healthy,H,No,No,"SM, JC, KG",,
2024,7/23/2024,Krause Lagoon,A,RHMA ,R1732,"F, IP, MP",40,1.62,5.1,Alive,Healthy,H,No,No,"DG, AD",,
2024,7/23/2024,Krause Lagoon,A,RHMA ,R1731,F,130,1.21,4.8,Alive,Healthy,H,No,No,"DG, AD",,
2024,7/23/2024,Krause Lagoon,A,RHMA ,R1730,"F, IP, MP",150,0.47,5.3,Alive,Healthy,H,No,No,"DG, AD",,
2024,7/23/2024,Krause Lagoon,A,RHMA ,R1729,"F, IP, MP",145,2.78,5.1,Alive,Healthy,H,No,No,"DG, AD",R-2673,
2024,7/23/2024,Krause Lagoon,A,RHMA ,R1728,NF,245,3.33,3,Alive,Healthy,H,No,No,"DG, AD",,
2022,11/17/2022,Krause Lagoon,B,RHMA ,,NF,153,509,2.6,Dead,Dead,D,No,No,"AND, AJH, HAS, KWG",,
2024,7/24/2024,Salt River,C,RHMA ,R1727,"F, IP, MP",260,2.03,13.9,Alive,Healthy,H,No,No,"DG, KWG",,
2024,7/24/2024,Salt River,B,LARA,R1726,"IP, MP",255,0.62,4.1,Alive,Healthy,H,No,No,,R-1763,MSD
2024,7/23/2024,Krause Lagoon,A,RHMA ,R1725,"IP, MP",145,4.64,6.6,Alive,Healthy,H,No,No,"JC, KG, SM, DG",,
2024,7/24/2024,Salt River,B,THPO,R1724,NF,360,2.99,5.2,Alive,Healthy,H,No,No,"DG, JS, JC",,fruits
2024,7/23/2024,Krause Lagoon,B,RHMA ,R1723,NF,293,2.9,2.6,Alive,Healthy,H,No,No,"JC, KG, SM, DG",,
2024,7/23/2024,Krause Lagoon,A,RHMA ,R1721,"IP, MP",245,4.5,3.2,Alive,Healthy,H,No,No,"JC, KG, SM, DG",,
2022,11/17/2022,Krause Lagoon,B,RHMA ,,NF,196,523,4.4,Dead,Dead,D,No,No,"AND, AJH, HAS, KWG",,
2024,7/23/2024,Krause Lagoon,A,RHMA ,R1720,MP,80,3.87,3.5,Alive,Healthy,H,No,Yes,"DG, AD",R-1742,wilting
2024,7/23/2024,Krause Lagoon,A,RHMA ,R1719,"F, IP",54,5.24,2.8,Alive,Healthy,H,No,No,"SM, JC, KG",,
2024,7/23/2024,Krause Lagoon,A,RHMA ,R1718,"F, IP",54,5.47,3.5,Alive,Healthy,H,No,No,"SM, JC, KG",,
2024,7/23/2024,Krause Lagoon,A,RHMA ,R1717,"F, IP, MP",215,3.18,2.7,Alive,Healthy,H,No,No,"DG, AD",,
2024,7/23/2024,Krause Lagoon,A,RHMA ,R1716,F,45,5.49,2.9,Alive,Healthy,H,No,No,"SM, JC, KG",,
2024,7/23/2024,Krause Lagoon,A,RHMA ,R1715,NF,25,2.64,3.3,Alive,Healthy,H,No,No,"DG, AD",,wilting
2024,7/23/2024,Krause Lagoon,A,RHMA ,R1714,NF,85,5.01,3,Alive,Healthy,H,No,No,"SM, JC, KG",,
2024,7/23/2024,Krause Lagoon,A,RHMA ,R1713,NF,115,5.43,2.8,Alive,Healthy,H,No,No,"SM, JC, KG",,
2024,7/23/2024,Krause Lagoon,A,RHMA ,R1711,NF,190,3.3,2.7,Alive,Healthy,H,No,No,"SM, JC, KG",,
2024,7/23/2024,Krause Lagoon,B,RHMA ,R1710,NF,165,3.7,3.5,Alive,Healthy,H,No,No,"DG, AD",,herbivory
2024,7/23/2024,Krause Lagoon,A,RHMA ,R1709,MP,18,2.75,4.3,Alive,Healthy,H,No,No,"SM, JC, KG",,
2024,7/23/2024,Krause Lagoon,B,RHMA ,R1708,NF,170,4.46,3.3,Alive,Healthy,H,No,No,"DG, AD",,
2024,7/23/2024,Krause Lagoon,A,RHMA ,R1707,"IP, MP",97,4.43,3.5,Alive,Healthy,H,No,No,"SM, JC, KG",,
2024,7/23/2024,Krause Lagoon,A,RHMA ,R1706,MP,21,2.64,3.4,Alive,Healthy,H,No,No,"SM, JC, KG",,
2024,7/23/2024,Krause Lagoon,A,RHMA ,R1705,NF,131,4.96,3.8,Alive,Healthy,H,No,No,"SM, JC, KG",,
2024,7/23/2024,Krause Lagoon,B,RHMA ,R1704,NF,153,5.42,6.3,Alive,Healthy,H,No,No,"DG, AD",,herbivory
2024,7/24/2024,Salt River,C,LARA,R1703,"IP, MP",,2.53,2.7,Alive,Healthy,H,No,Yes,"DG, KWG",R-0890,predation
2024,7/23/2024,Krause Lagoon,A,RHMA ,R1702,NF,109,,,Alive,Healthy,H,No,No,"SM, JC, KG",,
2024,8/8/2024,Water Creek,A,RHMA ,R1695,,295,3.05,2.8,Alive,Healthy,H,,,"KR,SM,LU,JC,AND",,
2022,11/17/2022,Krause Lagoon,B,RHMA ,,NF,312,184,4.9,Dead,Dead,D,No,No,"AND, AJH, HAS, KWG",,
2024,8/9/2024,Mary Creek,C,LARA,R1694,"IP, MP",328,4.7,3.4,Alive,Healthy,H,No,No,"SM,AD,KR,JH",R1694,connected R1694
2024,8/9/2024,Mary Creek,C,LARA,R1690,"IP, MP",331,3.01,2.7,Alive,Healthy,H,No,No,"SM,AD,KR,JH",,
2024,8/9/2024,Mary Creek,C,LARA,R1687,"IP, MP",150,5.41,3,Alive,Healthy,H,No,No,"SM,AD,KR,JH",,
2024,8/9/2024,Mary Creek,C,LARA,R1685,"IP, MP",82,5.53,4.5,Alive,Healthy,H,No,No,"SM,AD,KR,JH",,
2022,11/17/2022,Krause Lagoon,B,RHMA ,,NF,305,480,4.5,Dead,Dead,D,No,No,"AND, AJH, HAS, KWG",,
2024,8/9/2024,Mary Creek,A,RHMA ,R1684,F,234,2.23,3.2,Alive,Healthy,H,No,No,"SM,AD,KR,JH",,
2024,8/8/2024,Water Creek,A,LARA,R1683,MP,181,4.89,3.3,Alive,Healthy,H,,,"KR,SM,LU,JC,AND",,
2022,11/17/2022,Krause Lagoon,B,RHMA ,,NF,334,470,3.6,Dead,Dead,D,No,No,"AND, AJH, HAS, KWG",,
2024,8/8/2024,Water Creek,B,LARA,R1681,IP,50,0.98,5.8,Alive,Healthy,H,,,"KR,SM,LU,JC,AND",,
2024,8/8/2024,Water Creek,B,LARA,R1678,,42,3,2.8,,,,,,"KR,SM,LU,JC,AND",,
2024,8/9/2024,Mary Creek,A,RHMA ,R1674,"F, IP, MP",5,5.04,4.9,Alive,Healthy,H,No,No,"SM,AD,KR,JH",,tagged above prop
2022,11/17/2022,Krause Lagoon,B,RHMA ,,NF,326,498,4.4,Dead,Dead,D,No,No,"AND, AJH, HAS, KWG",,
2024,8/8/2024,Water Creek,B,COER,R1673,"IP, MP",15,5.65,3.1,Alive,Unhealthy,U,,,"KR,SM,LU,JC,AND",connected to 2111,
2022,11/17/2022,Krause Lagoon,B,RHMA ,,NF,349,545,7.9,Dead,Dead,D,No,No,"AND, AJH, HAS, KWG",,
2022,11/17/2022,Krause Lagoon,B,RHMA ,,NF,349,505,3.2,Dead,Dead,D,No,No,"AND, AJH, HAS, KWG",,
2022,11/17/2022,Krause Lagoon,B,RHMA ,,NF,211,271,4.9,Dead,Dead,D,No,No,"AND, AJH, HAS, KWG",,
2024,8/8/2024,Water Creek,C,RHMA ,R1668,"IP, MP",310,5.06,2.5,Alive,Healthy,H,No,No,"SM,AD,KR,LU",,
2024,8/9/2024,Mary Creek,A,RHMA ,R1661,"F, IP, MP",230,2.32,4.1,Alive,Healthy,H,No,Yes,"SM,AD,KR,JH",,
2024,8/8/2024,Water Creek,B,LARA,R1658,"IP, MP",,,2.8,Alive,Healthy,H,No,No,"SM,AD,KR,LU",409,
2024,8/8/2024,Water Creek,B,LARA,R1651,MP,292,5.62,3.2,Alive,Healthy,H,No,No,"SM,AD,KR,LU",,
2024,8/8/2024,Water Creek,C,LARA,R1649,"IP, MP",,4.07,2.8,Alive,Healthy,H,,,"KR,SM,LU,JC,AND",,
2022,11/17/2022,Krause Lagoon,B,RHMA ,,NF,13,527,4.7,Dead,Dead,D,No,No,"AND, AJH, HAS, KWG",,
2022,11/17/2022,Krause Lagoon,B,RHMA ,,NF,34,406,6.3,Dead,Dead,D,No,No,"AND, AJH, HAS, KWG",,
2024,8/8/2024,Water Creek,A,LARA,R1648,NF,206,4.31,3.1,Alive,Healthy,H,,,"KR,SM,LU,JC,AND",,
2022,11/17/2022,Krause Lagoon,B,RHMA ,,NF,21,501,3.2,Dead,Dead,D,No,No,"AND, AJH, HAS, KWG",,
2024,8/8/2024,Water Creek,A,LARA,R1647,"F, IP, MP",186,3.68,2.5,Alive,Healthy,H,,,"KR,SM,LU,JC,AND",,
2024,8/8/2024,Water Creek,A,LARA,R1645,"F, IP, MP",200,4.72,3.6,Alive,Healthy,H,,,"KR,SM,LU,JC,AND",,
2022,11/17/2022,Krause Lagoon,B,RHMA ,,NF,47,463,5.2,Dead,Dead,D,No,No,"AND, AJH, HAS, KWG",,bark falling off
2024,8/8/2024,Water Creek,A,LARA,R1644,MP,186,5.05,2.8,Alive,Healthy,H,,,"KR,SM,LU,JC,AND",,
2024,9/3/2024,Water Creek,C,RHMA ,R1641,F,247,5.59,4.8,Alive,Healthy,H,,,"KR,SM,LU,JC,AND",,
2024,9/9/2024,Water Creek,B,LARA,R1640,MP,174,3.6,2.7,Alive,Healthy,H,,,,,
2024,8/8/2024,Water Creek,A,AVGE,R1639,F,172,5.61,2.7,Alive,Healthy,H,,,"KR,SM,LU,JC,AND",,
2024,8/8/2024,Water Creek,A,AVGE,R1638,F,173,5.39,2.7,Alive,Healthy,H,,,"KR,SM,LU,JC,AND",,
2022,11/17/2022,Krause Lagoon,B,RHMA ,,NF,67,384,3.2,Dead,Dead,D,No,No,"AND, AJH, HAS, KWG",,
2024,8/9/2024,Mary Creek,C,LARA,R1637,"IP, MP",334,4.95,3.3,Alive,Healthy,H,No,No,"SM,AD,KR,JH",,
2024,9/8/2024,Water Creek,B,RHMA ,R1632,F,243,3.98,2.8,Alive,Healthy,H,,,,,
2022,11/17/2022,Krause Lagoon,B,RHMA ,,NF,64,487,3.1,Dead,Dead,D,No,No,"AND, AJH, HAS, KWG",,
2022,11/17/2022,Krause Lagoon,B,RHMA ,,NF,89,502,3,Dead,Dead,D,No,No,"AND, AJH, HAS, KWG",,
2022,11/17/2022,Krause Lagoon,B,RHMA ,,NF,92,558,2.7,Dead,Dead,D,No,No,"AND, AJH, HAS, KWG",,
2024,8/8/2024,Water Creek,A,LARA,R1631,MP,176,4.68,6.2,Alive,Healthy,H,,,"KR,SM,LU,JC,AND",,
2022,11/17/2022,Krause Lagoon,B,RHMA ,,NF,92,510,3.7,Dead,Dead,D,No,No,"AND, AJH, HAS, KWG",,
2022,11/17/2022,Krause Lagoon,B,RHMA ,,NF,87,399,3.3,Dead,Dead,D,No,No,"AND, AJH, HAS, KWG",,
2024,8/8/2024,Water Creek,A,LARA,R1629,MP,184,4.89,4.1,Alive,Healthy,H,,,"KR,SM,LU,JC,AND",,
2024,8/8/2024,Water Creek,C,LARA,R1628,"IP, MP",60,3.71,3.3,Alive,Healthy,H,No,No,"SM,AD,KR,LU",2058,
2024,8/8/2024,Water Creek,A,AVGE,R1625,F,172,5.51,3.3,Alive,Healthy,H,,,"KR,SM,LU,JC,AND",,
2022,11/17/2022,Krause Lagoon,B,RHMA ,,NF,101,304,3.3,Dead,Dead,D,No,No,"AND, AJH, HAS, KWG",,
2024,8/9/2024,Mary Creek,B,LARA,R1624,"IP, MP",240,4.5,2.7,Alive,Healthy,H,No,Yes,"SM,AD,KR,JH",2302,connected 2302
2024,8/8/2024,Water Creek,A,RHMA ,R1621,"F, IP",300,5.48,3.9,Alive,Healthy,H,,,"KR,SM,LU,JC,AND",,
2024,8/8/2024,Water Creek,B,LARA,R1620,IP,54,21.3,2.5,Alive,Healthy,H,,,"KR,SM,LU,JC,AND",,
2024,8/9/2024,Mary Creek,C,LARA,R1617,"IP, MP",57,5.59,4.4,Alive,Healthy,H,No,No,"SM,AD,KR,JH",,
2024,8/8/2024,Water Creek,B,COER,R1616,"IP, MP",75,1.09,3.4,Alive,Healthy,H,,,"KR,SM,LU,JC,AND",,
2024,8/8/2024,Water Creek,B,LARA,R1614,IP,300,1.53,3.8,Alive,Healthy,H,,,"KR,SM,LU,JC,AND",,
2022,11/17/2022,Krause Lagoon,C,RHMA ,,NF,241,153,7.3,Dead,Dead,D,No,No,"AND, AJH, HAS, KWG",,
2022,11/17/2022,Krause Lagoon,C,RHMA ,,NF,250,205,8.1,Dead,Dead,D,No,No,"AND, AJH, HAS, KWG",,
2022,11/17/2022,Krause Lagoon,C,RHMA ,,NF,252,217,10.1,Dead,Dead,D,No,No,"AND, AJH, HAS, KWG",,
2024,8/9/2024,Mary Creek,C,LARA,R1613,"IP, MP",277,4.36,3.1,Alive,Healthy,H,No,No,"SM,AD,KR,JH","R2173,2177","connected, R2173,2177"
2024,8/8/2024,Water Creek,B,LARA,R1606,IP,46,2.06,2.7,Alive,Healthy,H,,,"KR,SM,LU,JC,AND",,
2024,9/4/2024,Water Creek,C,RHMA ,R1604,NF,205,5.64,3,Alive,Healthy,H,,,"KR,SM,LU,JC,AND",,
2024,8/8/2024,Water Creek,A,RHMA ,R1603,"F, IP",290,5.57,3.7,Alive,Healthy,H,,,"KR,SM,LU,JC,AND",,
2024,7/24/2024,Salt River,B,RHMA ,R1500,"IP, MP",305,0.88,4.1,Alive,Healthy,H,No,No,,R-1759,
2024,7/19/2024,Magens Bay,C,RHMA ,R1499,NF,319,5.27,4.1,Alive,Healthy,H,No,No,"SM, KH, AD",,
2022,11/17/2022,Krause Lagoon,C,RHMA ,,NF,334,176,6.4,Dead,Dead,D,No,No,"AND, AJH, HAS, KWG",,
2024,7/17/2024,Francis Bay,B,LARA,R1498,"F, IP, MP",,2.33,4,Alive,Healthy,H,No,Yes,"LU, DG, AND",,
2024,7/17/2024,Francis Bay,C,LARA,R1496,IP,314,3.56,2.6,Alive,Healthy,H,No,No,"LU, KH, DG",,
2024,7/9/2024,Magens Bay,C,RHMA ,R1495,NF,70,3.95,2.6,Alive,Healthy,H,No,No,"JS, JC",,
2022,11/17/2022,Krause Lagoon,C,RHMA ,,NF,319,372,4.5,Dead,Dead,D,No,No,"AND, AJH, HAS, KWG",,
2022,11/17/2022,Krause Lagoon,C,RHMA ,,NF,325,358,3.1,Dead,Dead,D,No,No,"AND, AJH, HAS, KWG",,
2024,7/23/2024,Krause Lagoon,A,RHMA ,R1494,"F, IP, MP",54,5.01,4.2,Alive,Healthy,H,No,No,"SM, JC, KG",R-1478,
2022,11/17/2022,Krause Lagoon,C,RHMA ,,NF,321,421,3.1,Dead,Dead,D,No,No,"AND, AJH, HAS, KWG",,
2022,11/17/2022,Krause Lagoon,C,RHMA ,,NF,317,423,6,Dead,Dead,D,No,Yes,"AND, AJH, HAS, KWG",,
2024,7/18/2024,Princess Bay,B,RHMA ,R1494,NF,0,3.91,4,Alive,Healthy,H,No,No,,,
2022,11/17/2022,Krause Lagoon,C,RHMA ,,NF,320,412,3.1,Dead,Unhealthy,U,No,Yes,"AND, AJH, HAS, KWG",,
2024,7/19/2024,Magens Bay,C,RHMA ,R1493,,299,4.32,3.9,Alive,Healthy,H,No,No,"SM, KH, AD",,
2024,7/19/2024,Magens Bay,C,RHMA ,R1492,F,355,5.47,2.9,Alive,Healthy,H,No,No,"SM, KH, AD",,
2024,7/18/2024,Princess Bay,C,RHMA ,R1491,,215,2.81,2.7,Alive,Healthy,H,No,No,,,
2022,11/17/2022,Krause Lagoon,C,RHMA ,,NF,320,466,7.2,Dead,Unhealthy,U,No,Yes,"AND, AJH, HAS, KWG",,
2022,11/17/2022,Krause Lagoon,C,RHMA ,,NF,330,507,8.5,Dead,Unhealthy,U,No,Yes,"AND, AJH, HAS, KWG",,
2024,7/23/2024,Krause Lagoon,A,RHMA ,R1490,F,112,3.82,2.7,Alive,Healthy,H,No,No,"SM, JC, KG",,
2022,11/17/2022,Krause Lagoon,C,RHMA ,,NF,323,517,10.8,Dead,Dead,D,No,No,"AND, AJH, HAS, KWG",,
2024,7/17/2024,Francis Bay,C,LARA,R1489,"F, IP",140.5,,2.5,Alive,Healthy,H,No,No,"HM, SM",,
2022,11/17/2022,Krause Lagoon,C,RHMA ,,NF,350,143,4.5,Dead,Dead,D,No,No,"AND, AJH, HAS, KWG",,
2022,11/17/2022,Krause Lagoon,C,RHMA ,,NF,7,97,3,Dead,Dead,D,No,No,"AND, AJH, HAS, KWG",,
2022,11/17/2022,Krause Lagoon,C,RHMA ,,NF,110,76,8.2,Dead,Dead,D,No,Yes,"AND, AJH, HAS, KWG",,
2022,11/17/2022,Krause Lagoon,C,RHMA ,,NF,124,120,4.1,Dead,Dead,D,No,Yes,"AND, AJH, HAS, KWG",,
2024,7/18/2024,Princess Bay,C,RHMA ,R1488,"F, IP, MP",205,4.32,2.5,Alive,Healthy,H,No,No,,,
2022,11/17/2022,Krause Lagoon,C,RHMA ,,NF,193,250,2.5,Dead,Dead,D,No,No,"AND, AJH, HAS, KWG",,
2022,11/17/2022,Krause Lagoon,C,RHMA ,,NF,185,143,2.7,Dead,Dead,D,No,Yes,"AND, AJH, HAS, KWG",,
2024,7/18/2024,Princess Bay,B,RHMA ,R1487,IP,305,4.46,3,Alive,Healthy,H,No,No,,,
2024,7/23/2024,Krause Lagoon,A,RHMA ,R1486,NF,285,2.64,3.2,Alive,Healthy,H,No,No,"JC, KG, SM, DG",,
2024,7/18/2024,Princess Bay,B,RHMA ,R1485,,,4.2,5.4,Alive,Healthy,H,No,No,,,
2022,11/17/2022,Krause Lagoon,C,RHMA ,,NF,141,306,4.2,Dead,Dead,D,No,No,"AND, AJH, HAS, KWG",,
2022,11/17/2022,Krause Lagoon,C,RHMA ,,NF,160,428,4.5,Dead,Dead,D,No,No,"AND, AJH, HAS, KWG",,
2022,11/17/2022,Krause Lagoon,C,RHMA ,,NF,170,527,3.8,Dead,Dead,D,No,Yes,"AND, AJH, HAS, KWG",,
2022,11/17/2022,Krause Lagoon,C,RHMA ,,NF,172,505,4.3,Dead,Dead,D,No,Yes,"AND, AJH, HAS, KWG",,
2022,11/17/2022,Krause Lagoon,C,RHMA ,,NF,172,470,5,Dead,Dead,D,No,No,"AND, AJH, HAS, KWG",,
2022,11/17/2022,Krause Lagoon,C,RHMA ,,NF,277,139,3.8,Dead,Dead,D,No,No,"AND, AJH, HAS, KWG",,
2024,7/18/2024,Princess Bay,C,RHMA ,R1484,"F, IP",110,1.76,3.5,Alive,Healthy,H,No,No,,,
2024,7/24/2024,Salt River,A,COER,R1483,"IP, MP",354,4.84,3.1,Alive,Healthy,H,No,No,"JC, KG, DG, JS",,
2024,7/23/2024,Krause Lagoon,B,RHMA ,R1482,F,200,3.61,3.2,Alive,Healthy,H,No,No,"DG, AD",,
2024,7/19/2024,Magens Bay,C,RHMA ,R1482,NF,352,5.35,3,Alive,Healthy,H,No,No,"SM, KH, AD",,
2024,7/24/2024,Salt River,B,THPO,R1481,NF,360,3.63,5.1,Alive,Healthy,H,No,No,"DG, JS, JC",,fruits
2024,7/17/2024,Francis Bay,C,LARA,R1480,IP,204,3.38,2.5,Alive,Healthy,H,No,No,"LU, KH, DG",,leaning
2022,10/26/2021,Lameshur Bay,A,AVGE,521,NF,98,264,2.8,Dead,Dead,D,No,No,"KH, LP, AND",,
2024,7/19/2024,Magens Bay,C,RHMA ,R1479,NF,320,4.2,2.6,Alive,Healthy,H,No,No,"SM, KH, AD",,
2024,7/23/2024,Krause Lagoon,A,RHMA ,R1478,F,38,4.96,4.1,Alive,Healthy,H,No,No,"SM, JC, KG",R-1494,
2022,10/26/2021,Lameshur Bay,A,AVGE,524,NF,163,223,4.6,Dead,Dead,D,No,No,"KH, LP, AND",,
2024,7/17/2024,Francis Bay,C,LARA,R1477,"IP, MP",310,4.95,3.9,Alive,Healthy,H,No,Yes,"LU, KH, DG",,
2024,7/23/2024,Krause Lagoon,B,RHMA ,R1476,F,215,3.08,3,Alive,Healthy,H,No,No,"DG, AD",,
2024,7/24/2024,Salt River,B,LARA,R1475,"F, IP, MP",132,3.95,5.5,Alive,Healthy,H,No,No,"DG, JS, JC",,
2024,7/19/2024,Magens Bay,C,RHMA ,R1473,NF,145,1.55,3,Alive,Healthy,H,No,No,"SM, KH, AD",,
2024,7/17/2024,Francis Bay,B,LARA,R1470,"F, IP, MP",158,5.64,4.5,Alive,Healthy,H,No,Yes,"LU, DG, AND",,
2024,7/18/2024,Princess Bay,B,RHMA ,R1468,NF,340,2.8,2.5,Alive,Healthy,H,No,No,,,
2024,7/17/2024,Francis Bay,C,LARA,R1467,IP,293,3.5,2.8,Alive,Unhealthy,U,No,No,"LU, KH, DG",,
2024,7/18/2024,Princess Bay,B,RHMA ,R1467,NF,70,2.95,2.6,Alive,Healthy,H,No,No,,"R-1250, R-1445",
2024,7/19/2024,Magens Bay,C,RHMA ,R1466,NF,322,5.26,3.6,Alive,Healthy,H,No,No,"SM, KH, AD",,
2024,7/19/2024,Magens Bay,C,RHMA ,R1465,NF,339,2.03,5,Alive,Healthy,H,No,No,"SM, KH, AD",R-1101,
2024,7/22/2024,Southgate,B,LARA,R1464,"F, IP, MP",0,5.64,3.4,Alive,Healthy,H,No,No,"DG, KWG, SM",,
2024,7/19/2024,Magens Bay,C,RHMA ,R1463,NF,340,5.58,5.3,Alive,Healthy,H,No,No,"SM, KH, AD",,
2024,7/17/2024,Francis Bay,C,LARA,R1460,IP,309,3.13,3,Alive,Healthy,H,No,No,"LU, KH, DG",,
2024,7/17/2024,Francis Bay,A,THPO,R1459,"F, MP",155,5.42,3.3,Alive,Healthy,H,No,No,"LU, DG, AND",,
2024,7/24/2024,Salt River,B,RHMA ,R1458,MP,341,2.65,3.4,Alive,Healthy,H,No,No,,"R-2879, R-1962, R-1909, R-2620, tree #86",
2022,10/26/2021,Lameshur Bay,A,AVGE,540,NF,312,565,3.3,Dead,Dead,D,No,No,"KH, LP, AND",,
2022,10/26/2021,Lameshur Bay,A,AVGE,541,NF,355,432,4.5,Dead,Dead,D,No,No,"KH, LP, AND",,
2024,7/17/2024,Francis Bay,C,LARA,R1457,"IP, MP",341,4.66,3.3,Alive,Healthy,H,No,Yes,"LU, KH, DG",725,termite nest
2024,7/22/2024,Southgate,B,LARA,R1455,"F, IP, MP",0,3.81,3.1,Alive,Healthy,H,No,No,"DG, KWG, SM",,
2022,10/26/2021,Lameshur Bay,A,AVGE,544,NF,83,528,3,Dead,Dead,D,No,No,"KH, LP, AND",,
2022,10/26/2021,Lameshur Bay,A,AVGE,545,NF,87,511,3.2,Dead,Dead,D,No,No,"KH, LP, AND",,
2024,7/17/2024,Francis Bay,B,LARA,R1454,"F, IP, MP",,2.91,3.1,Alive,Healthy,H,No,No,"LU, DG, AND",493,
2022,10/26/2021,Lameshur Bay,A,AVGE,549,NF,348,411,2.8,Dead,Dead,D,No,No,"KH, LP, AND",,
2024,7/23/2024,Krause Lagoon,B,RHMA ,R1453,NF,70,4.4,2.9,Alive,Healthy,H,No,No,"DG, AD",,
2024,7/24/2024,Salt River,B,RHMA ,R1451,NF,318,1.23,4.5,Alive,Healthy,H,No,No,,,
2024,7/17/2024,Francis Bay,C,LARA,R1449,"F, IP",1.1,4.1,2.5,Alive,Healthy,H,No,No,"HM, SM",,
2024,7/17/2024,Francis Bay,C,LARA,R1447,"IP, MP",330,3.69,2.7,Alive,Healthy,H,No,No,"LU, KH, DG",447,
2024,7/18/2024,Princess Bay,B,RHMA ,R1445,"NF, IP",65,2.9,2.7,Alive,Healthy,H,No,No,,"R-1250, R-1467",
2022,10/26/2021,Lameshur Bay,B,UNK,317,NF,345,505,11.2,Dead,Dead,D,No,No,"KH, LP, AND",,used to have termites
2024,7/22/2024,Southgate,B,LARA,R1444,"F, IP, MP",,,3.6,Alive,Healthy,H,No,No,"AND, JS, DG",,
2024,7/9/2024,Magens Bay,C,RHMA ,R1443,NF,30,4.66,5,Alive,Healthy,H,No,No,"JS, JC",,
2022,10/26/2021,Lameshur Bay,B,AVGE,362,NF,264,514,3.1,Dead,Dead,D,No,No,"KH, LP, AND",,
2022,10/26/2021,Lameshur Bay,B,AVGE,363,NF,206,160,3,Dead,Dead,D,No,No,"KH, LP, AND",,
2024,7/19/2024,Magens Bay,C,RHMA ,R1438,NF,335,4.57,5.6,Alive,Healthy,H,No,No,"SM, KH, AD",,
2024,7/9/2024,Magens Bay,C,RHMA ,R1437,NF,55,5.59,3,Alive,Healthy,H,No,No,"JS, JC",,
2024,7/19/2024,Magens Bay,C,RHMA ,R1436,NF,55,2.84,3.5,Alive,Healthy,H,No,No,"SM, KH, AD",,
2024,7/17/2024,Francis Bay,C,LARA,R1435,"IP, MP",347,5,2.6,Alive,Healthy,H,No,No,"LU, KH, DG",,
2024,7/19/2024,Magens Bay,C,RHMA ,R1434,NF,280,1.6,4.3,Alive,Healthy,H,No,No,"SM, KH, AD",,
2024,7/9/2024,Magens Bay,C,RHMA ,R1433,NF,20,5.1,2.9,Alive,Healthy,H,No,No,"JS, JC",,
2024,7/19/2024,Magens Bay,C,LARA,R1431,NF,264,4.83,3.1,Alive,Healthy,H,No,No,"SM, KH, AD",,
2024,7/18/2024,Princess Bay,A,RHMA ,R1429,F,15,5.21,3,Alive,Healthy,H,No,No,,,
2024,7/23/2024,Krause Lagoon,A,RHMA ,R1427,"F, IP, MP",50,4.52,4,Alive,Healthy,H,No,No,"SM, JC, KG",,
2024,7/18/2024,Princess Bay,B,RHMA ,R1426,IP,305,4.46,3.5,Alive,Healthy,H,No,No,,,
2024,7/17/2024,Francis Bay,C,LARA,R1425,"IP, MP",24,3.31,4,Alive,Healthy,H,No,No,"LU, KH, DG",442,
2024,7/17/2024,Francis Bay,C,LARA,R1424,"F, IP",,,3,Alive,Healthy,H,No,No,"HM, SM",,
2022,10/26/2021,Lameshur Bay,B,UNK,500,NF,348,436,4.4,Dead,Dead,D,No,No,"KH, LP, AND",,used to have termites
2022,10/26/2021,Lameshur Bay,B,UNK,501,NF,348,460,5.4,Dead,Dead,D,No,No,"KH, LP, AND",,used to have termites
2022,10/26/2021,Lameshur Bay,B,UNK,502,NF,358,516,6.2,Dead,Dead,D,No,No,"KH, LP, AND",,used to have termites
2022,10/26/2021,Lameshur Bay,B,UNK,503,NF,354,565,6.2,Dead,Dead,D,No,No,"KH, LP, AND",,used to have termites
2022,10/26/2021,Lameshur Bay,B,UNK,504,NF,25,450,4.9,Dead,Dead,D,No,No,"KH, LP, AND",,used to have termites
2022,10/26/2021,Lameshur Bay,B,UNK,505,NF,32,467,2.9,Dead,Dead,D,No,No,"KH, LP, AND",,used to have termites
2024,7/18/2024,Princess Bay,A,RHMA ,R1422,NF,260,2.84,2.8,Alive,Healthy,H,No,No,,,
2024,7/24/2024,Salt River,B,LARA,R1420,"F, IP, MP",20,5.32,6.2,Alive,Healthy,H,No,No,"DG, JS, JC",,
2022,10/26/2021,Lameshur Bay,B,UNK,508,NF,42,460,2.5,Dead,Dead,D,No,No,"KH, LP, AND",,
2022,10/26/2021,Lameshur Bay,B,AVGE,509,NF,78,327,3,Dead,Dead,D,No,No,"KH, LP, AND",,
2022,10/26/2021,Lameshur Bay,B,AVGE,510,NF,97,402,2.9,Dead,Dead,D,No,No,"KH, LP, AND",,
2022,10/26/2021,Lameshur Bay,B,AVGE,511,NF,93,407,3,Dead,Dead,D,No,No,"KH, LP, AND",,
2024,7/17/2024,Francis Bay,B,LARA,R1419,"IP, MP",92,5.36,3.3,Alive,Healthy,H,No,Yes,"LU, DG, AND",,
2024,7/24/2024,Salt River,B,THPO,R1419,NF,360,4.16,5.5,Alive,Healthy,H,No,No,"DG, JS, JC",,fruits
2024,7/23/2024,Krause Lagoon,A,RHMA ,R1417,F,204,4.18,3.2,Alive,Healthy,H,No,No,"JC, KG, SM, DG",R-1773,
2022,10/26/2021,Lameshur Bay,B,AVGE,515,NF,68,539,3.3,Dead,Dead,D,No,No,"KH, LP, AND",,
2022,10/26/2021,Lameshur Bay,B,AVGE,516,NF,61,503,4.3,Dead,Dead,D,No,No,"KH, LP, AND",,
2024,7/22/2024,Southgate,B,LARA,R1415,"F, IP, MP",335,2.73,2.5,Alive,Healthy,H,No,No,"AND, JS, DG",,
2022,10/26/2021,Lameshur Bay,B,AVGE,518,NF,125,315,3.8,Dead,Dead,D,No,No,"KH, LP, AND",,
2024,7/18/2024,Princess Bay,A,RHMA ,R1414,NF,340,3.89,2.5,Alive,Healthy,H,No,No,,,
2024,7/17/2024,Francis Bay,C,LARA,R1411,IP,220.2,4.7,2.5,Alive,Healthy,H,No,No,"HM, SM",,
2024,7/9/2024,Magens Bay,C,RHMA ,R1410,NF,40,3.27,2.5,Alive,Healthy,H,No,No,"JS, JC",,
2024,7/19/2024,Magens Bay,C,RHMA ,R1409,NF,122,0.67,6.3,Alive,Healthy,H,No,No,"SM, KH, AD",,
2024,7/23/2024,Krause Lagoon,A,RHMA ,R1408,NF,43,4.84,2.5,Alive,Healthy,H,No,No,"SM, JC, KG",R-1757,
2024,7/17/2024,Francis Bay,B,LARA,R1407,"F, IP, MP",216,5.52,2.6,Alive,Healthy,H,No,No,"LU, DG, AND",,
2024,7/19/2024,Magens Bay,C,RHMA ,R1406,NF,300,1.2,4.7,Alive,Healthy,H,No,No,"SM, KH, AD",,
2024,7/19/2024,Magens Bay,C,RHMA ,R1405,NF,325,3.26,3.6,Alive,Healthy,H,No,No,"SM, KH, AD",,
2024,7/24/2024,Salt River,B,RHMA ,R1404,"F, IP, MP",155,2.62,8.1,Alive,Healthy,H,No,No,"DG, JS, JC",,
2024,7/9/2024,Magens Bay,C,RHMA ,R1403,NF,45,3.45,4.2,Alive,Healthy,H,No,No,"JS, JC",,
2024,7/23/2024,Krause Lagoon,A,RHMA ,R1402,NF,285,2.84,2.5,Alive,Healthy,H,No,No,"JC, KG, SM, DG",,
2024,7/23/2024,Krause Lagoon,B,RHMA ,R1401,F,145,2.26,3.8,Alive,Healthy,H,No,No,"DG, JC, AD",,
2024,7/23/2024,Krause Lagoon,C,RHMA ,R1400,NF,240,3.87,6.4,Alive,Healthy,H,No,No,"DG, JC, AD",,
2024,7/9/2024,Magens Bay,A,RHMA ,R1399,NF,60,5.64,4.5,Alive,Healthy,H,No,No,,,
2024,7/23/2024,Krause Lagoon,C,RHMA ,R1398,F,275,3.76,5.5,Alive,Healthy,H,No,No,"DG, JC, AD",,
2024,7/9/2024,Magens Bay,A,RHMA ,R1398,NF,162,5.42,2.6,Alive,Healthy,H,No,No,"LU. SM, AD",,
2024,7/9/2024,Magens Bay,A,RHMA ,R1397,NF,26,4.02,2.6,Alive,Healthy,H,No,No,,,
2024,7/24/2024,Salt River,B,RHMA ,R1396,"F, IP, MP",,4.29,8.8,Alive,Healthy,H,No,No,"DG, JS, JC",,
2024,7/23/2024,Krause Lagoon,C,RHMA ,R1395,NF,279,2.8,9,Alive,Healthy,H,No,No,"DG, AD",R-1833,
2024,8/9/2024,Mary Creek,C,LARA,R1394,NF,328,4.9,2.8,Alive,Healthy,H,No,No,"SM,AD,KR,JH",2328,connected 2328
2024,7/9/2024,Magens Bay,B,RHMA ,R1393,NF,144,3.16,6.1,Alive,Healthy,H,No,No,"LU. SM, AD",,
2024,7/23/2024,Krause Lagoon,B,RHMA ,R1392,NF,191,2.81,4.3,Alive,Healthy,H,No,No,"JC, KG, SM, DG","R-1339, R-1340",
2024,7/23/2024,Krause Lagoon,B,RHMA ,R1391,NF,123,1.57,3.4,Alive,Healthy,H,No,No,"JC, KG, SM, DG",,
2024,7/9/2024,Magens Bay,A,RHMA ,R1390,NF,135,3.83,4.2,Alive,Healthy,H,No,No,,connected to 301,
2024,7/24/2024,Salt River,B,THPO,R1389,NF,360,4.12,5.3,Alive,Healthy,H,No,No,"DG, JS, JC",,fruits
2024,7/23/2024,Krause Lagoon,B,RHMA ,R1387,NF,70,2.87,8.9,Alive,Healthy,H,No,No,"JC, KG, SM, DG",,
2024,7/9/2024,Magens Bay,A,RHMA ,R1386,NF,185,3.88,4.2,Alive,Healthy,H,No,No,"LU. SM, AD",,
2024,7/9/2024,Magens Bay,A,RHMA ,R1385,NF,132,4.47,3.5,Alive,Healthy,H,No,No,,,
2024,7/23/2024,Krause Lagoon,B,RHMA ,R1384,NF,100,3.58,6,Alive,Healthy,H,No,No,"JC, KG, SM, DG",,
2024,8/9/2024,Mary Creek,C,LARA,R1383,"IP, MP",32,5.14,4,Alive,Healthy,H,No,No,"SM,AD,KR,JH",,
2024,7/9/2024,Magens Bay,A,RHMA ,R1382,NF,60,3.57,5.1,Alive,Healthy,H,No,No,,,
2024,7/9/2024,Magens Bay,B,RHMA ,R1380,NF,264,4.54,5.6,Alive,Healthy,H,No,No,"LU. SM, AD",,
2022,10/22/2021,Magens Bay,A,RHMA ,109,NF,15.5,166,3,Dead,Dead,D,No,No,"KWG, AD, HS, LU, LP",,
2022,10/22/2021,Magens Bay,A,RHMA ,110,NF,355,419,3.4,Dead,Dead,D,No,Yes,"KWG, AD, HS, LU, LP",,
2024,7/9/2024,Magens Bay,A,RHMA ,R1379,NF,45,4.85,4.2,Alive,Healthy,H,No,No,,,
2024,7/9/2024,Magens Bay,A,RHMA ,R1378,NF,60,5.39,2.7,Alive,Healthy,H,No,No,,,
2024,7/9/2024,Magens Bay,B,RHMA ,R1377,NF,168,2.46,4.9,Alive,Healthy,H,No,No,"LU. SM, AD",,
2024,7/23/2024,Krause Lagoon,B,RHMA ,R1376,NF,123,1.72,2.6,Alive,Healthy,H,No,No,"JC, KG, SM, DG",,
2022,10/22/2021,Magens Bay,A,RHMA ,147,NF,224,223,11.2,Dead,Dead,D,No,No,"KWG, AD, HS, LU, LP",,
2022,10/22/2021,Magens Bay,A,RHMA ,149,NF,356,527,2.7,Dead,Dead,D,No,Yes,"KWG, AD, HS, LU, LP",,
2024,7/23/2024,Krause Lagoon,C,RHMA ,R1375,F,320,2.34,6.2,Alive,Healthy,H,No,No,"DG, AD",R-2611,
2024,7/9/2024,Magens Bay,A,RHMA ,R1374,NF,162,5.84,2.7,Alive,Healthy,H,No,No,"LU. SM, AD",,
2024,7/9/2024,Magens Bay,A,RHMA ,R1373,NF,183,3.66,3.1,Alive,Healthy,H,No,No,"LU. SM, AD",,
2024,7/9/2024,Magens Bay,A,RHMA ,R1372,NF,152,4.03,3,Alive,Healthy,H,No,No,"LU. SM, AD",,
2024,7/9/2024,Magens Bay,A,RHMA ,R1371,NF,345,4.08,3.2,Alive,Healthy,H,No,No,,,
2024,8/7/2024,Turner Bay,B,RHMA ,R1370,NF,294,4.72,3,Alive,Healthy,H,No,No,"AND, KH, DG, LU",,
2024,7/19/2024,Magens Bay,C,RHMA ,R1369,NF,211,5.38,3.1,Alive,Healthy,H,No,No,"SM, KH, AD",,
2024,7/9/2024,Magens Bay,A,RHMA ,R1368,NF,63,5.4,4.1,Alive,Healthy,H,No,No,,,
2024,7/9/2024,Magens Bay,A,RHMA ,R1367,NF,105,4.93,5.5,Alive,Healthy,H,No,No,,,
2022,10/22/2021,Magens Bay,A,RHMA ,275,NF,316,510,11.7,Dead,Dead,D,No,Yes,"KWG, AD, HS, LU, LP",,
2024,7/9/2024,Magens Bay,B,RHMA ,R1366,NF,255,3.5,3.5,Alive,Healthy,H,No,No,"LU. SM, AD",,
2024,7/23/2024,Krause Lagoon,A,RHMA ,R1364,F,95,5.03,3.3,Alive,Healthy,H,No,No,"SM, JC, KG",,
2024,7/24/2024,Salt River,A,LARA,R1363,"IP, MP",186,3.23,2.7,Alive,Healthy,H,No,No,,,
2024,7/9/2024,Magens Bay,A,RHMA ,R1362,NF,30,5.02,2.6,Alive,Healthy,H,No,No,,,
2024,7/9/2024,Magens Bay,A,RHMA ,R1361,NF,85,4.59,3.3,Alive,Healthy,H,No,No,,,
2024,7/18/2024,Princess Bay,C,RHMA ,R1360,"F, IP, MP",190,5.59,3,Alive,Healthy,H,No,No,,,
2024,7/9/2024,Magens Bay,A,RHMA ,R1359,NF,75,4.32,2.5,Alive,Healthy,H,No,No,,,
2024,7/9/2024,Magens Bay,A,RHMA ,R1357,NF,75,4.57,3.1,Alive,Healthy,H,No,No,,,
2024,7/9/2024,Magens Bay,A,RHMA ,R1355,NF,192,5.16,2.5,Alive,Healthy,H,No,No,"SM, JC, JS",,
2024,7/23/2024,Krause Lagoon,A,RHMA ,R1354,"IP, MP",345,1.58,2.6,Alive,Healthy,H,No,No,"JC, KG, SM, DG",,
2024,7/19/2024,Magens Bay,C,RHMA ,R1353,NF,275,4.92,3.3,Alive,Healthy,H,No,No,"SM, KH, AD",,
2024,7/19/2024,Magens Bay,C,RHMA ,R1351,NF,302,4.14,3.2,Alive,Healthy,H,No,No,"SM, KH, AD",,
2024,7/19/2024,Magens Bay,C,RHMA ,R1350,NF,240,4.05,4.2,Alive,Healthy,H,No,No,"SM, KH, AD",,
2024,7/9/2024,Magens Bay,A,COER,R1349,NF,230,3.76,8,Alive,Healthy,H,No,Yes,"SM, JC, JS",,termite nest
2024,7/9/2024,Magens Bay,A,RHMA ,R1348,NF,145,3.16,4,Alive,Healthy,H,No,No,"LU. SM, AD",,
2024,7/23/2024,Krause Lagoon,B,RHMA ,R1347,,94,4.28,3.5,Alive,Healthy,H,No,No,"JC, KG, SM, DG",,
2024,7/23/2024,Krause Lagoon,A,RHMA ,R1346,"F, IP, MP",50,3.62,3.8,Alive,Healthy,H,No,No,"SM, JC, KG",,
2024,7/24/2024,Salt River,B,RHMA ,R1345,"IP, MP",70,3.99,3.3,Alive,Healthy,H,No,No,"DG, JS, JC",,
2024,7/9/2024,Magens Bay,A,RHMA ,R1344,NF,35,4.01,3.8,Alive,Healthy,H,No,No,,,
2024,7/9/2024,Magens Bay,A,RHMA ,R1343,NF,26,4.42,3.1,Alive,Healthy,H,No,No,,,
2024,7/9/2024,Magens Bay,A,RHMA ,R1342,NF,26,4.76,4.7,Alive,Healthy,H,No,No,,,
2024,7/9/2024,Magens Bay,A,RHMA ,R1341,NF,105,5.11,4,Alive,Healthy,H,No,No,,,
2024,7/23/2024,Krause Lagoon,B,RHMA ,R1340,NF,180,2.31,4,Alive,Healthy,H,No,No,"JC, KG, SM, DG","R-1339, R-1392",
2024,7/23/2024,Krause Lagoon,B,RHMA ,R1339,NF,180,2.28,4.2,Alive,Healthy,H,No,No,"JC, KG, SM, DG","R-1340, R-1392",
2024,7/9/2024,Magens Bay,B,RHMA ,R1338,NF,308,2.7,4.5,Alive,Healthy,H,No,No,"LU. SM, AD",,
2024,7/24/2024,Salt River,B,THPO,R1337,NF,360,3.59,10,Alive,Healthy,H,No,No,"DG, JS, JC",,fruits
2024,7/23/2024,Krause Lagoon,B,RHMA ,R1336,NF,105,2.47,3,Alive,Healthy,H,No,No,"JC, KG, SM, DG",,
2024,7/19/2024,Magens Bay,C,RHMA ,R1335,NF,270,2.78,3,Alive,Healthy,H,No,No,"SM, KH, AD",,
2024,7/9/2024,Magens Bay,B,RHMA ,R1334,NF,35,4.74,3.4,Alive,Healthy,H,No,No,"LU. SM, AD",,
2022,10/22/2021,Magens Bay,B,RHMA ,323,NF,129,267,4.1,Dead,Dead,D,No,Yes,"KWG, AD, HS, LU, LP",,
2024,7/9/2024,Magens Bay,A,RHMA ,R1332,NF,70,4.95,3.5,Alive,Healthy,H,No,No,,,
2024,8/7/2024,Turner Bay,C,LARA,R1331,NF,220,2.53,2.5,Alive,Healthy,H,No,No,"AND, KH, DG, LU",,
2024,7/19/2024,Magens Bay,C,RHMA ,R1328,NF,275,5.05,3.1,Alive,Healthy,H,No,No,"SM, KH, AD",,
2024,7/9/2024,Magens Bay,C,RHMA ,R1327,NF,60,4.25,3.1,Alive,Healthy,H,No,No,"JS, JC",,
2024,7/9/2024,Magens Bay,A,COER,R1326,NF,216,5.49,6.4,Alive,Healthy,H,No,No,"SM, JC, JS",,
2024,7/9/2024,Magens Bay,A,RHMA ,R1325,NF,242,3.31,3.4,Alive,Healthy,H,No,No,"SM, JC, JS",,
2024,7/9/2024,Magens Bay,A,RHMA ,R1324,NF,230,3.76,3.5,Alive,Healthy,H,No,Yes,"SM, JC, JS",,
2024,7/9/2024,Magens Bay,A,RHMA ,R1323,NF,205,2.62,4.2,Alive,Healthy,H,No,No,"SM, JC, JS",,
2024,7/9/2024,Magens Bay,A,RHMA ,R1322,NF,196,3.36,2.6,Alive,Healthy,H,No,Yes,"SM, JC, JS",,connected to R1306
2024,7/23/2024,Krause Lagoon,C,RHMA ,R1321,NF,298,4.49,3.5,Alive,Healthy,H,No,No,"DG, JC, AD",,
2024,7/9/2024,Magens Bay,A,RHMA ,R1320,NF,221,1.93,3.5,Alive,Healthy,H,No,No,"SM, JC, JS",,
2024,7/9/2024,Magens Bay,B,RHMA ,R1319,NF,26,1.87,3.2,Alive,Unhealthy,U,No,No,"LU. SM, AD",connected to 1092,
2024,7/9/2024,Magens Bay,A,RHMA ,R1318,NF,238,5.28,3.4,Alive,Healthy,H,No,No,"SM, JC, JS",,
2024,7/9/2024,Magens Bay,A,RHMA ,R1317,NF,228,3.87,3.4,Alive,Healthy,H,No,No,"SM, JC, JS",,
2024,8/7/2024,Turner Bay,B,RHMA ,R1316,NF,242,3.63,3,Alive,Unhealthy,U,No,No,"AND, KH, DG, LU",,
2024,7/19/2024,Magens Bay,C,RHMA ,R1313,NF,260,5.18,2.6,Alive,Healthy,H,No,No,"SM, KH, AD",,
2024,7/9/2024,Magens Bay,A,RHMA ,R1312,NF,196,5.57,2.7,Alive,Healthy,H,No,Yes,"SM, JC, JS",,
2024,7/19/2024,Magens Bay,C,RHMA ,R1311,NF,275,5.62,2.6,Alive,Healthy,H,No,No,"SM, KH, AD",,
2024,7/9/2024,Magens Bay,B,RHMA ,R1310,NF,34,5.56,3,Alive,Healthy,H,No,No,"LU. SM, AD",,
2024,7/19/2024,Magens Bay,C,RHMA ,R1309,NF,315,3.92,4,Alive,Healthy,H,No,No,"SM, KH, AD",,
2024,7/9/2024,Magens Bay,A,RHMA ,R1308,NF,184,4.38,2.8,Alive,Healthy,H,No,No,"SM, JC, JS",,
2024,7/19/2024,Magens Bay,C,RHMA ,R1307,NF,245,4.02,2.6,Alive,Healthy,H,No,No,"SM, KH, AD",,
2024,7/9/2024,Magens Bay,A,RHMA ,R1306,NF,198,3.34,3.7,Alive,Healthy,H,No,Yes,"SM, JC, JS",,connected to R1322
2024,7/19/2024,Magens Bay,C,RHMA ,R1305,NF,182,4.52,3.2,Alive,Healthy,H,No,No,"SM, KH, AD",,
2024,7/9/2024,Magens Bay,B,RHMA ,R1303,NF,41,5.65,5.2,Alive,Healthy,H,No,No,"LU. SM, AD",,
2022,11/20/2021,Magens Bay,C,RHMA ,1003,NF,335,111,13.9,Dead,Dead,D,No,Yes,"AJH, AND",,
2022,11/20/2021,Magens Bay,C,RHMA ,1004,NF,190,238,7.7,Dead,Dead,D,No,Yes,"AJH, AND",,
2022,11/20/2021,Magens Bay,C,RHMA ,1005,NF,244,265,11.6,Dead,Dead,D,No,Yes,"AJH, AND",,
2024,7/9/2024,Magens Bay,B,RHMA ,R1302,NF,24,4.58,3.2,Alive,Healthy,H,No,No,"LU. SM, AD",,
2024,7/23/2024,Krause Lagoon,A,RHMA ,R1301,NF,202,4.36,2.5,Alive,Healthy,H,No,No,"JC, KG, SM, DG",,
2022,11/20/2021,Magens Bay,C,RHMA ,1008,NF,214,341,9.8,Dead,Dead,D,No,Yes,"AJH, AND",,
2024,7/19/2024,Magens Bay,C,RHMA ,R1301,NF,180,4.87,2.8,Alive,Healthy,H,No,No,"SM, KH, AD",,
2024,7/9/2024,Magens Bay,A,RHMA ,R1299,NF,185,3.53,3,Alive,Healthy,H,No,No,"LU. SM, AD",,
2024,7/24/2024,Salt River,B,THPO,R1298,NF,360,3.49,6.5,Alive,Healthy,H,No,No,"DG, JS, JC",,fruits
2022,11/20/2021,Magens Bay,C,RHMA ,1012,NF,233,453,7.1,Dead,Dead,D,No,Yes,"AJH, AND",,
2022,11/20/2021,Magens Bay,C,RHMA ,1013,NF,233,559,5.1,Dead,Dead,D,No,Yes,"AJH, AND",,
2022,11/20/2021,Magens Bay,C,RHMA ,1014,NF,256,372,10.3,Dead,Dead,D,No,Yes,"AJH, AND",,
2024,7/9/2024,Magens Bay,B,RHMA ,R1296,NF,225,4.14,2.5,Alive,Healthy,H,No,No,"SM, JC, JS",,
2022,11/20/2021,Magens Bay,C,RHMA ,1016,NF,251,464,7.8,Dead,Dead,D,No,Yes,"AJH, AND",,
2024,7/9/2024,Magens Bay,B,RHMA ,R1295,NF,280,4.85,2.6,Alive,Healthy,H,No,No,"SM, JC, JS",,
2024,7/9/2024,Magens Bay,A,RHMA ,R1294,NF,26,4.41,3.5,Alive,Healthy,H,No,No,,,
2022,11/20/2021,Magens Bay,C,RHMA ,1019,NF,88,525,11.4,Dead,Dead,D,No,Yes,"AJH, AND",,
2022,11/20/2021,Magens Bay,C,RHMA ,1020,NF,304,536,10.8,Dead,Dead,D,No,Yes,"AJH, AND",,
2024,7/9/2024,Magens Bay,A,RHMA ,R1294,NF,230,1.31,4.1,Alive,Healthy,H,No,No,"LU. SM, AD",,
2024,7/9/2024,Magens Bay,B,RHMA ,R1293,NF,270,2.51,2.8,Alive,Healthy,H,No,No,"SM, JC, JS",,
2024,7/9/2024,Magens Bay,B,RHMA ,R1292,NF,287,5.28,2.9,Alive,Healthy,H,No,No,"SM, JC, JS",,
2024,7/9/2024,Magens Bay,A,RHMA ,R1291,NF,230,1.26,4.4,Alive,Healthy,H,No,No,"LU. SM, AD",,
2024,7/9/2024,Magens Bay,A,RHMA ,R1290,NF,195,,3.1,Alive,Healthy,H,No,No,"LU. SM, AD",,
2024,7/9/2024,Magens Bay,A,RHMA ,R1289,NF,110,2.22,6.6,Alive,Healthy,H,No,No,"LU. SM, AD",,
2024,7/24/2024,Salt River,B,THPO,R1288,NF,360,3.59,10.1,Alive,Healthy,H,No,No,"DG, JS, JC",,fruits
2024,7/9/2024,Magens Bay,A,RHMA ,R1287,NF,195,,5.4,Alive,Healthy,H,No,No,"LU. SM, AD",,
2024,7/23/2024,Krause Lagoon,B,RHMA ,R1286,NF,145,2.88,3,Alive,Healthy,H,No,No,"DG, JC, AD",,
2024,7/9/2024,Magens Bay,A,RHMA ,R1285,NF,355,3.79,2.5,Alive,Healthy,H,No,No,,,
2024,7/9/2024,Magens Bay,A,RHMA ,R1284,NF,340,4.84,2.6,Alive,Unhealthy,U,No,No,"LU. SM, AD",,
2024,7/9/2024,Magens Bay,B,RHMA ,R1283,NF,263,5.04,2.5,Alive,Healthy,H,No,No,"SM, JC, JS",,
2024,7/9/2024,Magens Bay,B,RHMA ,R1281,NF,175,5,3,Alive,Healthy,H,No,No,"JS, JC",,
2024,7/9/2024,Magens Bay,A,RHMA ,R1280,NF,345,4.11,3.6,Alive,Healthy,H,No,No,,,
2024,7/9/2024,Magens Bay,A,RHMA ,R128,NF,,1.55,3,Alive,Healthy,H,No,No,"LU. SM, AD",,
2024,7/9/2024,Magens Bay,A,RHMA ,R1279,NF,,4.07,4.5,Alive,Healthy,H,No,No,,,
2024,7/9/2024,Magens Bay,A,RHMA ,R1278,NF,5,2.83,4.8,Alive,Healthy,H,No,No,,,
2024,7/9/2024,Magens Bay,A,RHMA ,R1277,NF,270,3.65,3.5,Alive,Healthy,H,No,No,,,
2024,7/9/2024,Magens Bay,A,RHMA ,R1276,NF,123,3.89,2.5,Alive,Healthy,H,No,No,,,
2024,7/9/2024,Magens Bay,A,RHMA ,R1275,NF,350,2.24,3.9,Alive,Healthy,H,No,No,,,
2024,7/24/2024,Salt River,B,RHMA ,R1274,NF,25,5.49,6.4,Alive,Unhealthy,U,No,Yes,"DG, JS, JC",,
2024,7/9/2024,Magens Bay,A,RHMA ,R1273,NF,140,3.51,3.4,Alive,Healthy,H,No,No,"LU. SM, AD",,
2024,7/9/2024,Magens Bay,A,RHMA ,R1272,NF,355,2.99,3.9,Alive,Healthy,H,No,No,,,
2024,7/23/2024,Krause Lagoon,A,RHMA ,R1271,NF,310,4.36,3,Alive,Healthy,H,No,No,"JC, KG, SM, DG",,
2024,7/23/2024,Krause Lagoon,A,RHMA ,R1270,NF,147,4.7,2.5,Alive,Healthy,H,No,No,"SM, JC, KG",,
2024,7/9/2024,Magens Bay,A,RHMA ,R1269,NF,345,1.49,2.8,Alive,Healthy,H,No,No,,,
2024,7/9/2024,Magens Bay,A,RHMA ,R1268,NF,80,3.19,4.3,Alive,Healthy,H,No,No,,,
2024,7/23/2024,Krause Lagoon,A,RHMA ,R1267,"F, IP, MP",50,3.82,2.5,Alive,Healthy,H,No,No,"SM, JC, KG",,
2024,7/9/2024,Magens Bay,A,RHMA ,R1266,NF,305,,3.9,Alive,Healthy,H,No,No,,,
2024,7/9/2024,Magens Bay,A,RHMA ,R1265,NF,143,4.7,3.5,Alive,Healthy,H,No,No,"LU. SM, AD",,
2024,7/24/2024,Salt River,B,LARA,R1264,"IP, MP",29,3.97,3.7,Alive,Healthy,H,No,No,"DG, JS, JC",,
2024,7/9/2024,Magens Bay,A,RHMA ,R1263,NF,160,2.52,4.6,Alive,Healthy,H,No,No,"LU. SM, AD",,
2024,7/9/2024,Magens Bay,A,RHMA ,R1262,NF,246,0.78,4.1,Alive,Healthy,H,No,No,,,
2024,7/9/2024,Magens Bay,A,RHMA ,R1261,NF,240,0.73,3.3,Alive,Healthy,H,No,No,,,
2024,7/9/2024,Magens Bay,B,RHMA ,R1260,NF,309,3.19,3,Alive,Healthy,H,No,No,"SM, JC, JS",,
2024,7/9/2024,Magens Bay,B,RHMA ,R1259,NF,199,4.97,4.5,Alive,Healthy,H,No,No,"JS, JC",,
2024,7/9/2024,Magens Bay,B,RHMA ,R1258,NF,303,2.74,2.5,Alive,Healthy,H,No,No,"SM, JC, JS",,
2024,7/9/2024,Magens Bay,A,RHMA ,R1257,NF,300,2.64,3.2,Alive,Healthy,H,No,No,,,
2024,7/9/2024,Magens Bay,A,RHMA ,R1256,NF,170,2.7,3,Alive,Healthy,H,No,No,"LU. SM, AD",,
2024,7/9/2024,Magens Bay,A,RHMA ,R1255,NF,275,4.74,6.5,Alive,Healthy,H,No,No,,,
2024,7/24/2024,Salt River,C,ACTO,R1251,,145,4.27,4.4,Alive,Healthy,H,No,Yes,AND,"R-2957, R-2081, R-0727",
2024,7/18/2024,Princess Bay,B,RHMA ,R1250,"NF, IP",,3.59,3.1,Alive,Healthy,H,No,No,,"R-1467, R-1445",
2024,7/9/2024,Magens Bay,A,RHMA ,R1249,NF,330,0.61,5.6,Alive,Healthy,H,No,No,"LU. SM, AD",,
2024,7/9/2024,Magens Bay,A,RHMA ,R1249,NF,325,1.44,4.3,Alive,Healthy,H,No,No,"LU. SM, AD",,
2024,7/18/2024,Princess Bay,C,LARA,R1248,"F, IP",10,2.52,2.7,Alive,Healthy,H,No,No,,R-1125,
2022,11/20/2021,Magens Bay,C,RHMA ,1093,NF,47,170,5.1,Dead,Dead,D,No,Yes,"AJH, AND",,
2024,7/9/2024,Magens Bay,B,RHMA ,R1247,NF,199,5.05,2.5,Alive,Healthy,H,No,No,"SM, JC, JS",,"connected to R1259, R1246"
2024,7/9/2024,Magens Bay,B,RHMA ,R1246,NF,199,5.32,3.4,Alive,Healthy,H,No,No,"JS, JC",,
2024,7/9/2024,Magens Bay,B,RHMA ,R1244,NF,130,4.15,3,Alive,Healthy,H,No,No,"JS, JC",,
2024,7/9/2024,Magens Bay,A,RHMA ,R1243,NF,335,5.58,2.6,Alive,Unhealthy,U,No,No,"LU. SM, AD",,
2024,7/24/2024,Salt River,C,THPO,R1242,MP,85,4.13,2.7,Alive,Healthy,H,No,No,"DG, KWG","R-1240, R-1109, R-1236, R-2813, R-0850, R-2883",fruits
2024,7/24/2024,Salt River,B,LARA,R1241,"IP, MP",156,5.48,3,Alive,Healthy,H,No,No,,R-2671,
2024,7/24/2024,Salt River,C,THPO,R1240,MP,105,4.65,3.5,Alive,Healthy,H,No,No,"DG, KWG","R-1109, R-1236, R-2813, R-0850, R-2883, R-1242",fruits
2024,7/9/2024,Magens Bay,B,RHMA ,R1239,NF,276,2.88,2.9,Alive,Healthy,H,No,No,"SM, JC, JS",,
2024,7/24/2024,Salt River,B,RHMA ,R1237,"IP, MP",260,1.51,9.1,Alive,Healthy,H,No,Yes,,,
2024,7/24/2024,Salt River,C,THPO,R1236,MP,87,5.12,4.5,Alive,Healthy,H,No,Yes,"DG, KWG","R-1240, R-1109, R-2813, R-0850, R-2883, R-1242",fruits
2024,7/17/2024,Francis Bay,B,LARA,R1235,"IP, MP",91,5.6,3,Alive,Unhealthy,U,No,No,"LU, DG, AND",,snapped at base
2024,7/23/2024,Krause Lagoon,B,RHMA ,R1234,NF,150,4.84,3.6,Alive,Healthy,H,No,No,"DG, AD",,
2024,7/24/2024,Salt River,B,LARA,R1234,F,130,2.48,3.8,Alive,Healthy,H,No,No,"DG, JS, JC",R-1780,
2022,11/20/2021,Magens Bay,C,RHMA ,1107,NF,44,536,5.2,Dead,Dead,D,No,No,"AJH, AND",,"not true DBH, prop roots too tall"
2024,7/9/2024,Magens Bay,A,RHMA ,R1233,NF,88,5.63,4.1,Alive,Healthy,H,No,No,,,
2022,11/20/2021,Magens Bay,C,RHMA ,1109,NF,52,477,5.6,Dead,Dead,D,No,Yes,"AJH, AND",,
2024,7/9/2024,Magens Bay,B,RHMA ,R1232,NF,252,2.2,4,Alive,Healthy,H,No,No,"SM, JC, JS",,
2024,7/9/2024,Magens Bay,B,RHMA ,R1231,NF,66,5.34,3.5,Alive,Healthy,H,No,No,"JS, JC",,
2024,7/24/2024,Salt River,B,RHMA ,R1230,"IP, MP",213,0.8,7.2,Alive,Healthy,H,No,Yes,,,
2024,7/9/2024,Magens Bay,B,RHMA ,R1229,NF,299,3.76,4.6,Alive,Healthy,H,No,No,"SM, JC, JS",,
2024,7/18/2024,Princess Bay,B,RHMA ,R1228,F,65,3.78,2.8,Alive,Healthy,H,No,No,,R-2803,
2024,7/9/2024,Magens Bay,A,RHMA ,R1227,NF,295,2,3.8,Alive,Healthy,H,No,No,,,
2024,7/9/2024,Magens Bay,A,RHMA ,R1226,NF,95,5.09,3.4,Alive,Healthy,H,No,No,,,
2024,7/9/2024,Magens Bay,A,RHMA ,R1225,NF,80,3.78,4.5,Alive,Healthy,H,No,No,,,
2024,7/9/2024,Magens Bay,A,RHMA ,R1224,NF,305,3.86,2.5,Alive,Healthy,H,No,No,,,
2022,11/20/2021,Magens Bay,C,RHMA ,1119,NF,158,305,11,Dead,Dead,D,No,Yes,"AJH, AND",,"not true DBH, prop roots too tall"
2024,7/9/2024,Magens Bay,A,RHMA ,R1223,NF,152,4.01,8.4,Alive,Healthy,H,No,No,"LU. SM, AD",,
2024,7/9/2024,Magens Bay,A,RHMA ,R1222,NF,145,3.72,3.4,Alive,Healthy,H,No,No,"LU. SM, AD",,
2024,7/9/2024,Magens Bay,A,RHMA ,R1221,NF,5,3.66,3.1,Alive,Healthy,H,No,No,,,
2024,7/23/2024,Krause Lagoon,A,RHMA ,R1220,NF,115,5.1,2.6,Alive,Healthy,H,No,No,"SM, JC, KG",,
2024,7/9/2024,Magens Bay,A,RHMA ,R1219,NF,75,4.98,3.1,Alive,Healthy,H,No,No,,,
2024,7/23/2024,Krause Lagoon,B,RHMA ,R1218,NF,50,3.69,3,Alive,Healthy,H,No,No,"DG, AD",,
2024,7/24/2024,Salt River,B,LARA,R1217,F,130,2.5,13.5,Alive,Healthy,H,No,No,"DG, JS, JC","R-0311, R-2954, R-2910",
2024,7/24/2024,Salt River,B,RHMA ,R1216,"IP, MP",50,4.94,4.7,Alive,Healthy,H,No,No,"DG, JS, JC",,
2024,7/24/2024,Salt River,B,RHMA ,R1215,"IP, MP",325,2.71,5.7,Alive,Healthy,H,No,No,,,
2024,7/24/2024,Salt River,C,LARA,R1212,"NF, MD",310,1.6,3,Alive,Healthy,H,No,No,"DG, KWG",,predation
2024,7/18/2024,Princess Bay,B,RHMA ,R1211,"F, MP",65,3.92,2.6,Alive,Healthy,H,No,No,,R-2826,
2024,7/24/2024,Salt River,C,LARA,R1210,NF,270,3.61,2.5,Alive,Healthy,H,No,No,"DG, KWG",,predation
2024,7/24/2024,Salt River,B,LARA,R1209,,100,4.03,6.6,Alive,Healthy,H,No,No,"DG, JS, JC",,
2024,7/9/2024,Magens Bay,A,RHMA ,R1208,NF,95,5.37,3.7,Alive,Healthy,H,No,No,,,
2024,7/9/2024,Magens Bay,A,RHMA ,R1207,NF,350,1.87,3.5,Alive,Healthy,H,No,No,,,
2024,7/17/2024,Francis Bay,B,LARA,R1206,"F, IP, MP",215,5.48,2.5,Alive,Healthy,H,No,No,"LU, DG, AND",,
2022,10/1/2021,Mandahl Bay,A,LARA,,NF,301,259,6.2,Dead,Dead,D,No,Yes,,,
2022,10/1/2021,Mandahl Bay,A,LARA,,NF,276,395,5,Dead,Dead,D,No,No,,,
2022,10/1/2021,Mandahl Bay,A,LARA,,NF,241,488,5.5,Dead,Dead,D,No,No,,,
2024,7/9/2024,Magens Bay,B,RHMA ,R1205,NF,253,4.99,2.8,Alive,Healthy,H,No,No,"SM, JC, JS",,
2024,7/9/2024,Magens Bay,A,RHMA ,R1204,NF,275,4.2,4.5,Alive,Healthy,H,No,No,,,
2024,7/9/2024,Magens Bay,A,RHMA ,R1203,NF,90,5.56,2.5,Alive,Healthy,H,No,No,,,
2024,7/18/2024,Princess Bay,A,RHMA ,R1202,NF,,2.89,15,Alive,Healthy,H,No,No,,,
2024,7/9/2024,Magens Bay,B,RHMA ,R1201,NF,270,4.87,3.3,Alive,Healthy,H,No,No,"SM, JC, JS",,
2024,7/8/2024,STEER Fringe,B,RHMA ,R1195,MD,19,4.49,2.8,Alive,Healthy,H,No,No,"LU, SM, KWG",,
2022,10/1/2021,Mandahl Bay,A,LARA,,NF,113,314,5.6,Dead,Dead,D,No,Yes,,,
2024,7/8/2024,STEER Fringe,C,RHMA ,R1193,NF,185,5.26,2.5,Alive,Healthy,H,No,No,"DG, KG",,
2022,10/1/2021,Mandahl Bay,A,LARA,,NF,92,390,7.7,Dead,Dead,D,No,Yes,,,
2022,10/1/2021,Mandahl Bay,A,LARA,,NF,60,410,12.7,Dead,Dead,D,No,Yes,,,
2024,7/23/2024,Krause Lagoon,B,RHMA ,R1191,NF,50,4.43,3.1,Alive,Healthy,H,No,No,"DG, AD",,
2022,10/1/2021,Mandahl Bay,A,LARA,,NF,64,572,8,Dead,Dead,D,No,Yes,,,
2024,7/5/2024,STEER Fringe,A,RHMA ,R1190,F,63,2.75,2.7,Alive,Healthy,H,No,No,"AD, JC, SM",,
2024,7/8/2024,STEER Fringe,B,LARA,R1189,MD,95,1.64,4.7,Alive,Healthy,H,No,No,"LU, SM, KWG","connected to R-756, R-382, R-1145, R-317, R-1157",
2022,10/1/2021,Mandahl Bay,A,LARA,,NF,20,403,8.9,Dead,Dead,D,No,Yes,,,
2022,10/1/2021,Mandahl Bay,A,LARA,,NF,13,400,7.8,Dead,Dead,D,No,No,,,
2022,10/1/2021,Mandahl Bay,A,LARA,,NF,13,522,8.5,Dead,Dead,D,No,Yes,,,
2022,10/1/2021,Mandahl Bay,A,LARA,,NF,13,522,6,Dead,Dead,D,No,Yes,,,
2024,7/23/2024,Krause Lagoon,C,RHMA ,R1188,F,330,3.92,3.3,Alive,Healthy,H,No,No,"DG, JC, AD",,
2024,7/8/2024,STEER Fringe,B,RHMA ,R1187,NF,300,1.29,3.3,Alive,Healthy,H,No,No,"LU, SM, KWG",,
2024,7/8/2024,STEER Fringe,B,RHMA ,R1186,NF,358,1.54,2.6,Alive,Healthy,H,No,No,"LU, SM, KWG",,
2024,7/8/2024,STEER Fringe,C,RHMA ,R1185,F,170,3.42,3.1,Alive,Healthy,H,No,No,"DG, KG",,
2024,7/8/2024,STEER Fringe,B,RHMA ,R1183,NF,130,525,3,Alive,Healthy,H,No,No,"AD, JC, SM",,
2024,7/8/2024,STEER Fringe,B,RHMA ,R1182,MD,165,80,4,Alive,Healthy,H,No,No,"AD, JC, SM",,
2024,7/8/2024,STEER Fringe,B,LARA,R1181,"F, ID",160,0.18,5.1,Alive,Healthy,H,No,No,"DG, KG",,
2024,7/8/2024,STEER Fringe,B,RHMA ,R1180,NF,155,316,3,Alive,Healthy,H,No,No,"AD, JC, SM",,
2024,7/8/2024,STEER Fringe,B,RHMA ,R1179,NF,95,306,2.5,Alive,Healthy,H,No,No,"AD, JC, SM",,
2024,7/5/2024,STEER Fringe,A,RHMA ,R1178,F,110,3.45,5.1,Alive,Healthy,H,No,No,"AD, JC, SM",,herbivory
2024,7/23/2024,Krause Lagoon,B,RHMA ,R1171,F,135,3.3,4.7,Alive,Healthy,H,No,No,"DG, AD",,
2024,7/23/2024,Krause Lagoon,A,RHMA ,R11700,"F, IP, MP",100,2.16,4.4,Alive,Healthy,H,No,No,"DG, AD",,
2024,6/17/2024,Brewers Bay,C,LARA,R1163,"F, ID",2,5.58,2.5,Alive,Healthy,H,No,No,"JC, HM",,
2024,7/8/2024,STEER Fringe,B,LARA,R1160,"ID, MD",200,258,5.5,Alive,Healthy,H,No,No,"AD, JC, SM",connected to R-2006,
2022,10/1/2021,Mandahl Bay,A,LARA,,NF,301,259,6.2,Dead,Dead,D,No,Yes,"KH, HAS, LP, LU",,
2022,10/1/2021,Mandahl Bay,A,LARA,,NF,276,395,5,Dead,Dead,D,No,No,"KH, HAS, LP, LU",,
2022,10/1/2021,Mandahl Bay,A,LARA,,NF,241,488,5.5,Dead,Dead,D,No,No,"KH, HAS, LP, LU",,
2024,6/10/2024,Brewers Bay,C,LARA,R1159,NF,180,3.71,3.3,Alive,Unhealthy,U,No,No,,,
2024,6/10/2024,Brewers Bay,C,LARA,R1158,"F, ID",220,2.89,4.5,Alive,Healthy,H,No,No,,,
2024,7/8/2024,STEER Fringe,B,RHMA ,R1157,MD,15,4.04,4.8,Alive,Healthy,H,No,No,"LU, SM, KWG","connected to R-1189, R-756, R-382, R-1145, R-317",
2024,7/8/2024,STEER Fringe,B,RHMA ,R1156,NF,355,3.83,3,Alive,Healthy,H,No,No,"LU, SM, KWG",,
2024,7/8/2024,STEER Fringe,C,LARA,R1155,"F, ID, MD",51,3.4,3.6,Alive,Healthy,H,No,Yes,"AND, KH","connected to R-1938, R-1925, R-1903, R-1905, R-2854, R-1955, R-2867, R-0395, R-360",
2024,7/5/2024,STEER Fringe,A,RHMA ,R1154,F,120,3.67,4.5,Alive,Healthy,H,No,No,"AD, JC, SM",,
2022,10/1/2021,Mandahl Bay,A,LARA,,NF,113,314,5.6,Dead,Dead,D,No,Yes,"KH, HAS, LP, LU",,
2024,7/8/2024,STEER Fringe,B,LARA,R1152,"F, ID, MD",55,3.24,7.4,Alive,Healthy,H,No,No,"DG, KG",,
2022,10/1/2021,Mandahl Bay,A,LARA,,NF,92,390,7.7,Dead,Dead,D,No,Yes,"KH, HAS, LP, LU",,
2022,10/1/2021,Mandahl Bay,A,LARA,,NF,60,410,12.7,Dead,Dead,D,No,Yes,"KH, HAS, LP, LU",,
2024,7/18/2024,Princess Bay,C,RHMA ,R1151,"F, IP, MP",265,9.57,3,Alive,Healthy,H,No,No,,,
2022,10/1/2021,Mandahl Bay,A,LARA,,NF,64,572,8,Dead,Dead,D,No,Yes,"KH, HAS, LP, LU",,
2024,7/23/2024,Krause Lagoon,B,RHMA ,R1150,F,190,4.48,3.5,Alive,Healthy,H,No,No,"DG, AD",,
2024,7/8/2024,STEER Fringe,B,RHMA ,R1149,NF,50,4.03,2.8,Alive,Healthy,H,No,No,"LU, SM, KWG",,
2022,10/1/2021,Mandahl Bay,A,LARA,,NF,20,403,8.9,Dead,Dead,D,No,Yes,"KH, HAS, LP, LU",,
2022,10/1/2021,Mandahl Bay,A,LARA,,NF,13,400,7.8,Dead,Dead,D,No,No,"KH, HAS, LP, LU",,
2022,10/1/2021,Mandahl Bay,A,LARA,,NF,13,522,8.5,Dead,Dead,D,No,Yes,"KH, HAS, LP, LU",,
2022,10/1/2021,Mandahl Bay,A,LARA,,NF,13,522,6,Dead,Dead,D,No,Yes,"KH, HAS, LP, LU",,
2024,7/23/2024,Krause Lagoon,C,RHMA ,R1147,F,295,4.39,5.5,Alive,Healthy,H,No,Yes,"DG, JC, AD",,
2024,7/23/2024,Krause Lagoon,C,RHMA ,R1146,"F, IP",329,1.07,3.1,Alive,Healthy,H,No,No,"DG, JC, AD",,
2024,7/8/2024,STEER Fringe,B,LARA,R1145,MD,80,2.31,7.7,Alive,Healthy,H,No,No,"LU, SM, KWG","connected to R-1189, R-756, R-382, R-317, R-1157",
2024,6/10/2024,Brewers Bay,C,LARA,R1144,,140,5.17,5.5,Alive,Unhealthy,U,No,No,,,
2024,7/8/2024,STEER Fringe,C,RHMA ,R1143,"F, ID",65,4.93,3,Alive,Healthy,H,No,No,"SM, KWG",,
2024,6/10/2024,Brewers Bay,C,LARA,R1142,,200,5.2,5.1,Alive,Healthy,H,No,No,,,
2024,6/10/2024,Brewers Bay,C,RHMA ,R1141,"F, ID",225,3.24,6.4,Alive,Healthy,H,No,No,,,
2024,6/10/2024,Brewers Bay,C,RHMA ,R1140,,35,5.18,4,Alive,Healthy,H,No,No,,,
2024,6/10/2024,Brewers Bay,C,LARA,R1139,"F, ID",25,4.9,2.8,Alive,Healthy,H,No,No,,,
2024,7/8/2024,STEER Fringe,C,RHMA ,R1138,"F, ID",135,3.91,2.9,Alive,Healthy,H,No,No,"SM, KWG",,
2024,6/10/2024,Brewers Bay,C,RHMA ,R1137,,305,4.32,7.6,Alive,Unhealthy,U,No,No,,,
2024,7/23/2024,Krause Lagoon,B,RHMA ,R1136,NF,162,4.54,4.9,Alive,Healthy,H,No,No,"DG, AD",,
2024,6/10/2024,Brewers Bay,C,LARA,R1135,,210,4.36,2.7,Alive,Unhealthy,U,No,No,,,
2024,7/8/2024,STEER Fringe,B,LARA,R1134,"ID, MD",125,251,7.3,Alive,Healthy,H,No,No,"AD, JC, SM",connected to R-0382,
2022,10/1/2021,Mandahl Bay,A,LARA,,NF,322,312,4,Dead,Dead,D,No,No,"KH, HAS, LP, LU",,
2024,6/10/2024,Brewers Bay,C,RHMA ,R1133,,30,5.08,3.6,Alive,Healthy,H,No,No,,,
2024,7/5/2024,STEER Fringe,A,RHMA ,R1132,NF,85,5.5,2.9,Alive,Healthy,H,No,No,"AD, JC, SM",,herbivory
2024,7/8/2024,STEER Fringe,B,RHMA ,R1131,NF,130,1.51,2.7,Alive,Healthy,H,No,No,"DG, KG",,
2024,7/23/2024,Krause Lagoon,B,RHMA ,R1130,F,90,1.33,4,Alive,Healthy,H,No,No,"DG, JC, AD",,
2024,7/8/2024,STEER Fringe,B,RHMA ,R1130,NF,120,19,2.5,Alive,Healthy,H,No,No,"AD, JC, SM",,
2024,7/8/2024,STEER Fringe,B,RHMA ,R1129,MD,52,5.27,11.6,Alive,Healthy,H,No,Yes,"LU, SM, KWG",connected to R-790,
2024,6/10/2024,Brewers Bay,C,LARA,R1128,,205,4.89,3.5,Alive,Healthy,H,No,No,,,
2022,10/1/2021,Mandahl Bay,B,LARA,,NF,157,453,11.8,Dead,Dead,D,No,Yes,"KH, HAS, LP, LU",,SAME TREE as 2 and 3
2024,7/18/2024,Princess Bay,C,LARA,R1127,NF,,5.3,2.8,Alive,Healthy,H,No,No,,,
2024,7/18/2024,Princess Bay,C,LARA,R1125,"F, IP",10,2.6,2.6,Alive,Healthy,H,No,No,,R-1248,
2024,6/10/2024,Brewers Bay,C,RHMA ,R1124,,330,2.7,4.1,Alive,Healthy,H,No,No,,,
2024,6/17/2024,Brewers Bay,C,LARA,R1123,"NF, ID",185,2.98,2.9,Alive,Unhealthy,U,No,Yes,,,
2022,10/1/2021,Mandahl Bay,B,LARA,,NF,150,340,4.8,Dead,Dead,D,No,Yes,"KH, HAS, LP, LU",,
2022,10/1/2021,Mandahl Bay,B,LARA,,NF,120,339,3.9,Dead,Dead,D,No,Yes,"KH, HAS, LP, LU",,
2022,10/1/2021,Mandahl Bay,B,LARA,,NF,121,340,11.7,Dead,Dead,D,No,Yes,"KH, HAS, LP, LU",,
2024,7/8/2024,STEER Fringe,C,RHMA ,R1122,NF,185,4.81,2.5,Alive,Healthy,H,No,No,"DG, KG",,
2024,6/10/2024,Brewers Bay,C,LARA,R1121,"F, ID",215,2.71,4.7,Alive,Healthy,H,No,No,,,
2024,6/10/2024,Brewers Bay,C,LARA,R1120,NF,180,2.86,2.8,Alive,Unhealthy,U,No,Yes,,,
2024,7/24/2024,Salt River,C,LARA,R1119,NF,337,4.13,2.7,Alive,Healthy,H,No,Yes,"DG, KWG",,predation
2024,6/10/2024,Brewers Bay,C,LARA,R1118,"F, ID",180,3.67,5.4,Alive,Healthy,H,No,No,,,
2024,6/10/2024,Brewers Bay,C,LARA,R1117,"F, ID",170,3.77,5.2,Alive,Healthy,H,No,No,,,
2022,10/1/2021,Mandahl Bay,B,LARA,,MD,190,289,12.4,Dead,Dead,D,No,Yes,"KH, HAS, LP, LU",,big nest of termites
2022,10/1/2021,Mandahl Bay,B,LARA,,NF,210,170,12.7,Dead,Dead,D,No,No,"KH, HAS, LP, LU",,
2022,10/1/2021,Mandahl Bay,B,LARA,,NF,140,160,4.9,Dead,Dead,D,No,Yes,"KH, HAS, LP, LU",,
2022,10/1/2021,Mandahl Bay,B,LARA,,NF,130,520,16,Dead,Dead,D,No,Yes,"KH, HAS, LP, LU",,snapped dead tree
2024,6/10/2024,Brewers Bay,C,RHMA ,R1116,"F, ID",330,3.13,4.7,Alive,Healthy,H,No,No,,,
2024,6/10/2024,Brewers Bay,C,LARA,R1115,,25,2.76,2.8,Alive,Healthy,H,No,No,,,
2022,10/1/2021,Mandahl Bay,B,LARA,,NF,140,412,9.2,Dead,Dead,D,No,Yes,"KH, HAS, LP, LU",,
2024,7/23/2024,Krause Lagoon,C,RHMA ,R1114,F,263,4.46,9.9,Alive,Healthy,H,No,No,"DG, JC, AD",,
2024,6/10/2024,Brewers Bay,C,LARA,R1113,,145,1.59,3.1,Alive,Healthy,H,No,No,,,
2024,6/10/2024,Brewers Bay,C,RHMA ,R1112,MD,245,3.88,3,Alive,Healthy,H,No,No,,,
2024,7/8/2024,STEER Fringe,B,RHMA ,R1111,NF,5,5.09,4.1,Alive,Healthy,H,No,No,"LU, SM, KWG",,
2022,10/1/2021,Mandahl Bay,B,LARA,,NF,90,200,11.3,Dead,Dead,D,No,Yes,"KH, HAS, LP, LU",,
2024,6/10/2024,Brewers Bay,C,LARA,R1110,"F, ID",215,5.27,4.3,Alive,Unhealthy,U,No,No,,,
2024,7/24/2024,Salt River,C,LARA,R1110,"IP, MP",65,3.1,2.5,Alive,Healthy,H,No,Yes,"DG, KWG",,
2024,7/24/2024,Salt River,C,THPO,R1109,MP,95,5.55,4.4,Alive,Healthy,H,No,No,"DG, KWG","R-1240, R-1236, R-2813, R-0850, R-2883, R-1242",fruits
2024,6/10/2024,Brewers Bay,C,LARA,R1108,"F, ID",25,4.63,4.7,Alive,Healthy,H,No,No,,,
2024,6/10/2024,Brewers Bay,C,LARA,R1107,"F, ID",30,4,5.1,Alive,Healthy,H,No,No,,,
2022,10/1/2021,Mandahl Bay,B,LARA,,NF,75,470,6.5,Dead,Dead,D,No,Yes,"KH, HAS, LP, LU",,
2024,6/10/2024,Brewers Bay,C,RHMA ,R1105,"F, ID",280,3.57,5,Alive,Unhealthy,U,No,No,,,
2024,7/24/2024,Salt River,C,LARA,R1104,NF,25,1.33,2.9,Alive,Healthy,H,No,No,"DG, JS, JC",,
2024,6/10/2024,Brewers Bay,C,LARA,R1103,"F, ID",25,4.67,3.5,Alive,Healthy,H,No,No,,,
2024,6/10/2024,Brewers Bay,C,LARA,R1102,"F, ID",25,4.48,5,Alive,Healthy,H,No,No,,,
2024,6/10/2024,Brewers Bay,C,RHMA ,R1101,"ID, MD, F",310,2.78,4,Alive,Healthy,H,No,No,,,
2024,7/9/2024,Magens Bay,C,RHMA ,R1101,NF,,,5.7,Alive,Healthy,H,No,No,"JS, JC",,
2024,7/19/2024,Magens Bay,C,RHMA ,R1029,NF,,,5.9,Alive,Healthy,H,No,No,"SM, KH, AD",,
2024,7/19/2024,Magens Bay,C,RHMA ,R1028,NF,,,4.8,Alive,Healthy,H,No,No,"SM, KH, AD",,
2024,7/19/2024,Magens Bay,C,RHMA ,R1025,NF,,,4,Alive,Healthy,H,No,No,"SM, KH, AD",,
2024,7/19/2024,Magens Bay,C,RHMA ,R1024,NF,,,4.7,Alive,Healthy,H,No,No,"SM, KH, AD",,
2024,7/19/2024,Magens Bay,C,RHMA ,R1023,NF,,,4.5,Alive,Healthy,H,No,No,"SM, KH, AD",,
2024,7/19/2024,Magens Bay,C,RHMA ,R1021,NF,,,4.3,Alive,Healthy,H,No,No,"SM, KH, AD",,
2024,7/23/2024,Krause Lagoon,C,RHMA ,R1000,"F, IP",220,3.53,11.3,Alive,Healthy,H,No,No,"DG, JC, AD",,
2024,7/22/2024,Southgate,C,LARA,R0999,NF,243,5.57,3.9,Alive,Healthy,H,No,No,"AND, JS",,herbivory
2024,7/24/2024,Salt River,B,LARA,R0998,"F, IP, MP",60,3.12,3.5,Alive,Healthy,H,No,No,,,
2024,7/23/2024,Krause Lagoon,B,RHMA ,R0997,NF,335,0.66,5.9,Alive,Healthy,H,No,No,"JC, KG, SM, DG",,
2024,7/22/2024,Southgate,B,LARA,R0996,"F, IP, MP",150,5.64,3.9,Alive,Healthy,H,No,No,"DG, KWG, SM",,
2024,7/24/2024,Salt River,A,LARA,R0994,"IP, MP",195,4.38,2.9,Alive,Healthy,H,No,No,,,
2022,10/1/2021,Mandahl Bay,B,LARA,,NF,260,330,10.5,Dead,Dead,D,No,Yes,"KH, HAS, LP, LU",,
2024,7/23/2024,Krause Lagoon,A,RHMA ,R0993,NF,147,4.82,2.5,Alive,Healthy,H,No,No,"SM, JC, KG",,
2022,10/1/2021,Mandahl Bay,B,LARA,,NF,260,404,7.4,Dead,Dead,D,No,No,"KH, HAS, LP, LU",,
2024,7/23/2024,Krause Lagoon,A,RHMA ,R0992,MP,39,2.43,4,Alive,Healthy,H,No,No,"SM, JC, KG",,
2024,7/24/2024,Salt River,C,LARA,R0992,"IP, MP",210,4.94,2.6,Alive,Healthy,H,No,No,"DG, KWG",,
2024,7/23/2024,Krause Lagoon,B,RHMA ,R0991,NF,198,2.23,4,Alive,Healthy,H,No,No,"JC, KG, SM, DG",,
2024,7/24/2024,Salt River,C,LARA,R0991,"IP, MP",210,4.95,2.9,Alive,Healthy,H,No,No,"DG, KWG",,
2024,7/24/2024,Salt River,A,LARA,R0990,"IP, MP",160,3.69,2.5,Alive,Healthy,H,No,No,,R-2994,
2022,10/1/2021,Mandahl Bay,B,LARA,,NF,215,455,5.6,Dead,Dead,D,No,Yes,"KH, HAS, LP, LU",,SAME TREE as 62
2022,10/1/2021,Mandahl Bay,B,RHMA ,,NF,190,485,11.8,Dead,Dead,D,No,Yes,"KH, HAS, LP, LU",,
2024,7/24/2024,Salt River,B,THPO,R0989,NF,360,3.05,5.2,Alive,Healthy,H,No,No,"DG, JS, JC",,fruits
2022,10/1/2021,Mandahl Bay,C,LARA,,NF,203,162,3.5,Dead,Dead,D,No,Yes,"KH, HAS, LP, LU",,
2024,7/24/2024,Salt River,A,COER,R0988,"IP, MP",350,4.95,2.5,Alive,Healthy,H,No,No,"JC, KG, DG, JS",,
2022,10/1/2021,Mandahl Bay,C,LARA,,NF,213,238,7.7,Dead,Dead,D,No,Yes,"KH, HAS, LP, LU",,
2024,7/23/2024,Krause Lagoon,C,RHMA ,R0987,F,300,3.91,5.1,Alive,Healthy,H,No,No,"DG, JC, AD",,
2024,7/23/2024,Krause Lagoon,B,RHMA ,R0986,F,120,4.73,2.6,Alive,Healthy,H,No,No,"JC, KG, SM, DG",,
2024,7/24/2024,Salt River,A,LARA,R0985,"IP, MP",260,3.18,2.7,Alive,Healthy,H,No,No,,,
2024,7/23/2024,Krause Lagoon,B,RHMA ,R0984,NF,330,4.89,7.2,Alive,Healthy,H,No,No,"JC, KG, SM, DG",,
2024,7/24/2024,Salt River,A,LARA,R0983,"IP, MP",140,0.99,3.4,Alive,Healthy,H,No,No,"JC, KG, DG, JS",,
2022,10/1/2021,Mandahl Bay,C,UNK,,NF,228,485,8.1,Dead,Dead,D,No,Yes,"KH, HAS, LP, LU",,
2022,10/1/2021,Mandahl Bay,C,UNK,,NF,228,453,4.3,Dead,Dead,D,No,Yes,"KH, HAS, LP, LU",,
2024,7/23/2024,Krause Lagoon,B,RHMA ,R0982,"F, IP",335,4.54,4.7,Alive,Healthy,H,No,No,"JC, KG, SM, DG",,
2024,7/24/2024,Salt River,A,LARA,R0981,"IP, MP",231,2.18,2.5,Alive,Healthy,H,No,No,,"R-2492, R-2493, 823",
2022,10/1/2021,Mandahl Bay,C,LARA,,NF,185,326,4,Dead,Dead,D,No,No,"KH, HAS, LP, LU",,
2024,7/23/2024,Krause Lagoon,B,RHMA ,R0979,NF,215,1.05,2.8,Alive,Healthy,H,No,No,"DG, AD",,
2022,10/1/2021,Mandahl Bay,C,LARA,,NF,184,381,4.1,Dead,Dead,D,No,No,"KH, HAS, LP, LU",,
2024,7/22/2024,Southgate,B,LARA,R0978,"F, IP, MP",320,4.67,3.5,Alive,Healthy,H,No,No,"AND, JS, DG","989, R-2689, R-0972, R-2650",
2022,10/1/2021,Mandahl Bay,C,LARA,,NF,268,374,10.7,Dead,Dead,D,No,Yes,"KH, HAS, LP, LU",,
2024,7/22/2024,Southgate,B,LARA,R0977,"F, IP, MP",340,3.42,2.9,Alive,Healthy,H,No,No,"AND, JS, DG",,
2022,10/1/2021,Mandahl Bay,C,LARA,,NF,184,447,3.7,Dead,Dead,D,No,No,"KH, HAS, LP, LU",,
2024,7/22/2024,Southgate,B,LARA,R0977,"F, IP, MP",175,3.29,,Alive,Healthy,H,No,No,"AND, JS, DG",,
2024,7/22/2024,Southgate,B,LARA,R0976,"F, IP, MP",92,3.43,4.9,Alive,Healthy,H,No,No,"AND, JS, DG",,
2024,7/22/2024,Southgate,C,LARA,R0975,"F, IP, MP",134,3.26,3.6,Alive,Healthy,H,No,No,"AND, JS",,
2024,7/23/2024,Krause Lagoon,A,RHMA ,R0973,NF,120,3.69,3.3,Alive,Healthy,H,No,No,"SM, JC, KG",,
2024,7/22/2024,Southgate,B,LARA,R0972,"F, IP, MP",320,4.55,3.8,Alive,Healthy,H,No,No,"AND, JS, DG","989, R-2689, R-0978, R-2650",
2024,7/23/2024,Krause Lagoon,A,RHMA ,R0971,NF,170,5.63,2.7,Alive,Healthy,H,No,No,"JC, KG, SM, DG",,
2024,7/22/2024,Southgate,C,LARA,R0970,"F, IP, MP",130,3.19,4.2,Alive,Healthy,H,No,No,"AND, JS",,
2024,7/22/2024,Southgate,C,LARA,R0968,NF,65,4.12,2.6,Alive,Healthy,H,No,No,DG,,predation
2024,7/23/2024,Krause Lagoon,A,RHMA ,R0967,F,201,5.18,3.5,Alive,Healthy,H,No,No,"JC, KG, SM, DG",,
2022,10/1/2021,Mandahl Bay,C,LARA,,NF,181,364,6,Dead,Dead,D,No,Yes,"KH, HAS, LP, LU",,
2024,7/23/2024,Krause Lagoon,A,RHMA ,R0966,NF,150,4.59,3.5,Alive,Healthy,H,No,No,"SM, JC, KG",,
2024,7/22/2024,Southgate,B,LARA,R0965,"F, IP, MP",41,2.02,4.6,Alive,Healthy,H,No,No,"AND, JS, DG",,
2022,10/1/2021,Mandahl Bay,C,LARA,,NF,309,186,4.4,Dead,Dead,D,No,Yes,"KH, HAS, LP, LU",,
2022,10/1/2021,Mandahl Bay,C,LARA,,NF,318,248,7.3,Dead,Dead,D,No,Yes,"KH, HAS, LP, LU",,
2024,7/23/2024,Krause Lagoon,B,RHMA ,R0964,NF,20,5.16,3.5,Alive,Healthy,H,No,No,"JC, KG, SM, DG",,
2024,7/22/2024,Southgate,B,LARA,R0963,"F, IP, MP",335,2.63,3.9,Alive,Healthy,H,No,No,"AND, JS, DG",,
2022,10/12/2021,Mandahl Bay,C,UNK,,,292,555,4,Dead,Dead,D,No,No,"KWG, AND, LP",,
2024,7/22/2024,Southgate,B,LARA,R0961,"F, IP, MP",91,3.45,2.8,Alive,Healthy,H,No,No,"AND, JS, DG",,
2022,10/12/2021,Mandahl Bay,C,ACTO,,,320,320,4.3,Dead,Dead,D,No,Yes,"KWG, AND, LP",,
2024,7/22/2024,Southgate,B,LARA,R0960,"F, IP, MP",6,0.05,2.9,Alive,Healthy,H,No,No,"AND, JS, DG",,
2024,7/23/2024,Krause Lagoon,A,RHMA ,R0959,F,285,3.21,3.8,Alive,Healthy,H,No,No,"JC, KG, SM, DG",,
2024,7/22/2024,Southgate,B,LARA,R0957,"F, IP, MP",330,3.13,3.1,Alive,Healthy,H,No,No,"AND, JS, DG",,
2024,7/23/2024,Krause Lagoon,C,RHMA ,R0955,F,230,2.96,9.6,Alive,Healthy,H,No,No,"DG, JC, AD",,
2024,7/22/2024,Southgate,C,LARA,R0954,NF,96,4.14,2.5,Alive,Unhealthy,U,No,No,"AND, JS",,"MSD, herbivory"
2024,7/23/2024,Krause Lagoon,C,RHMA ,R0953,F,,5.27,4,Alive,Healthy,H,No,No,"DG, JC, AD",,
2022,10/12/2021,Mandahl Bay,C,LARA,,,177,187,3.8,Dead,Dead,D,No,Yes,"KWG, AND, LP",,
2024,7/23/2024,Krause Lagoon,A,RHMA ,R0952,"F, IP",110,3.5,3.4,Alive,Healthy,H,No,No,"SM, JC, KG",,
2024,7/23/2024,Krause Lagoon,B,RHMA ,R0951,"F, IP",293,3.37,6.5,Alive,Healthy,H,No,No,"JC, KG, SM, DG",,
2022,10/12/2021,Mandahl Bay,C,LARA,,,353,446,4.1,Dead,Dead,D,No,Yes,"KWG, AND, LP",,
2022,10/12/2021,Mandahl Bay,C,LARA,,"ID, MD",160,226,3.1,Dead,Dead,D,No,Yes,"KWG, AND, LP",,
2024,7/23/2024,Krause Lagoon,B,RHMA ,R0950,NF,236,1.84,5.3,Alive,Healthy,H,No,No,"JC, KG, SM, DG",,
2022,10/12/2021,Mandahl Bay,C,LARA,,,164,322,3.3,Dead,Dead,D,No,No,"KWG, AND, LP",,
2024,7/23/2024,Krause Lagoon,A,RHMA ,R0949,NF,205,4.8,3.7,Alive,Healthy,H,No,No,"JC, KG, SM, DG",,
2022,10/12/2021,Mandahl Bay,C,THPO,,,357,418,6.1,Dead,Dead,D,No,No,"KWG, AND, LP",,
2024,7/23/2024,Krause Lagoon,A,RHMA ,R0948,"F, IP",167,4.68,4,Alive,Healthy,H,No,No,"JC, KG, SM, DG",,
2024,7/23/2024,Krause Lagoon,A,RHMA ,R0947,NF,117,4.9,3.7,Alive,Healthy,H,No,No,"SM, JC, KG",,
2024,7/23/2024,Krause Lagoon,B,RHMA ,R0946,"F, IP, MP",300,4.2,7,Alive,Healthy,H,No,No,"JC, KG, SM, DG",,
2024,7/23/2024,Krause Lagoon,B,RHMA ,R0945,NF,20,5.25,3.7,Alive,Healthy,H,No,No,"JC, KG, SM, DG",,
2024,7/22/2024,Southgate,B,LARA,R0944,"F, IP, MP",315,4.4,4.3,Alive,Healthy,H,No,No,"AND, JS, DG",,
2024,7/23/2024,Krause Lagoon,A,RHMA ,R0943,F,225,4.42,2.8,Alive,Healthy,H,No,No,"JC, KG, SM, DG",,
2024,7/22/2024,Southgate,C,LARA,R0942,"F, IP",240,5.6,4,Alive,Healthy,H,No,No,"AND, JS",,herbivory
2024,7/23/2024,Krause Lagoon,A,RHMA ,R0941,NF,95,5.48,3,Alive,Healthy,H,No,No,"SM, JC, KG",,
2024,7/23/2024,Krause Lagoon,C,RHMA ,R0940,F,220,4.29,4.4,Alive,Healthy,H,No,No,"DG, JC, AD",,
2024,7/22/2024,Southgate,C,LARA,R0939,NF,115,2.5,3,Alive,Healthy,H,No,No,"AND, JS",,
2024,7/23/2024,Krause Lagoon,C,RHMA ,R0938,NF,230,2.73,3.5,Alive,Healthy,H,No,No,"DG, JC, AD",,
2024,7/23/2024,Krause Lagoon,A,RHMA ,R0937,"F, IP",111,3.39,3.1,Alive,Healthy,H,No,No,"SM, JC, KG",,
2024,7/22/2024,Southgate,B,LARA,R0936,"F, IP, MP",340,3.54,3.7,Alive,Healthy,H,No,No,"AND, JS, DG",,
2024,7/22/2024,Southgate,B,LARA,R0935,"F, IP, MP",330,2.69,3.1,Alive,Healthy,H,No,No,"AND, JS, DG",,
2024,7/22/2024,Southgate,B,LARA,R0934,"IP, MP",118,3.71,4.7,Alive,Healthy,H,No,No,"AD, DG, KWG, JS",R-2639,
2022,10/12/2021,Mandahl Bay,C,THPO,,,131,206,2.6,Dead,Dead,D,No,Yes,"KWG, AND, LP",,
2024,7/23/2024,Krause Lagoon,A,RHMA ,R0933,NF,110,4.63,2.7,Alive,Healthy,H,No,No,"SM, JC, KG",,
2024,7/23/2024,Krause Lagoon,B,RHMA ,R0932,F,353,1.41,6.8,Alive,Healthy,H,No,No,"JC, KG, SM, DG",,
2024,7/23/2024,Krause Lagoon,B,RHMA ,R0931,NF,45,4.49,4.2,Alive,Healthy,H,No,No,"DG, AD",,
2024,7/23/2024,Krause Lagoon,B,RHMA ,R0930,NF,25,5.54,5.2,Alive,Healthy,H,No,No,"JC, KG, SM, DG",,true DBH
2024,7/23/2024,Krause Lagoon,C,RHMA ,R0929,NF,190,4.61,2.9,Alive,Healthy,H,No,No,"DG, JC, AD",,
2024,7/22/2024,Southgate,B,LARA,R0927,"F, IP, MP",340,3.91,9,Alive,Healthy,H,No,No,"AND, JS, DG",,
2024,7/22/2024,Southgate,B,LARA,R0927,"F, IP, MP",175,4.26,,Alive,Healthy,H,No,No,"AND, JS, DG",,
2022,10/12/2021,Mandahl Bay,C,LARA,,,126,464,6,Dead,Dead,D,No,No,"KWG, AND, LP",,
2024,7/23/2024,Krause Lagoon,A,RHMA ,R0926,"IP, MP",235,4.49,2.9,Alive,Healthy,H,No,No,"JC, KG, SM, DG",,
2024,7/23/2024,Krause Lagoon,B,RHMA ,R0924,"F, IP, MP",0,3.73,7,Alive,Healthy,H,No,No,"JC, KG, SM, DG",,
2024,7/22/2024,Southgate,B,LARA,R0922,"F, IP, MP",310,4.76,3,Alive,Healthy,H,No,No,"AND, JS, DG",,
2024,7/23/2024,Krause Lagoon,B,RHMA ,R0921,NF,315,3.88,3,Alive,Healthy,H,No,No,"JC, KG, SM, DG",,
2024,7/23/2024,Krause Lagoon,A,RHMA ,R0920,NF,152,5.24,3.2,Alive,Healthy,H,No,No,"JC, KG, SM, DG",,
2024,7/23/2024,Krause Lagoon,A,RHMA ,R0919,NF,161,1.82,4.7,Alive,Healthy,H,No,No,"JC, KG, SM, DG",,
2022,10/12/2021,Mandahl Bay,C,LARA,,,58,217,6,Dead,Dead,D,No,No,"KWG, AND, LP",,
2024,7/22/2024,Southgate,B,LARA,R0918,"F, IP, MP",308,1.2,2.7,Alive,Healthy,H,No,No,"AND, JS, DG",,
2024,7/23/2024,Krause Lagoon,C,RHMA ,R0917,NF,230,4.73,6.9,Alive,Healthy,H,No,No,"DG, JC, AD",,
2024,7/23/2024,Krause Lagoon,A,RHMA ,R0916,"IP, MP",295,2.4,2.9,Alive,Healthy,H,No,No,"JC, KG, SM, DG",,
2024,7/24/2024,Salt River,A,LARA,R0914,"IP, MP",240,3.69,2.8,Alive,Healthy,H,No,No,,826,
2024,7/23/2024,Krause Lagoon,A,RHMA ,R0913,"IP, MP",315,1.67,3.8,Alive,Healthy,H,No,No,"JC, KG, SM, DG",,
2024,7/23/2024,Krause Lagoon,B,RHMA ,R0909,NF,110,3.49,4.9,Alive,Healthy,H,No,No,"JC, KG, SM, DG",,
2022,10/12/2021,Mandahl Bay,C,LARA,,,57,476,6.8,Dead,Dead,D,No,Yes,"KWG, AND, LP",,
2024,7/23/2024,Krause Lagoon,A,RHMA ,R0907,NF,115,5.22,2.5,Alive,Healthy,H,No,No,"SM, JC, KG",,
2024,7/22/2024,Southgate,B,LARA,R0906,"F, IP, MP",,,2.5,Alive,Healthy,H,No,No,"AND, JS, DG",,
2024,7/22/2024,Southgate,B,LARA,R0904,"F, IP, MP",,4.79,2.6,Alive,Healthy,H,No,No,"DG, KWG, SM",,
2024,7/23/2024,Krause Lagoon,A,RHMA ,R0903,F,315,3.09,2.9,Alive,Healthy,H,No,No,"JC, KG, SM, DG",,
2022,10/12/2021,Mandahl Bay,C,LARA,,,69,525,5.1,Dead,Dead,D,No,No,"KWG, AND, LP",,
2024,7/23/2024,Krause Lagoon,B,RHMA ,R0903,F,115,5.4,7.3,Alive,Healthy,H,No,No,"JC, KG, SM, DG",,
2024,7/23/2024,Krause Lagoon,A,RHMA ,R0901,"IP, MP",315,1.64,4.3,Alive,Healthy,H,No,No,"JC, KG, SM, DG",,
2024,6/10/2024,Brewers Bay,B,LARA,R0900,NF,182,3.98,6.2,Alive,Healthy,H,No,No,,,
2024,6/17/2024,Brewers Bay,C,LARA,R0899,"NF, ID",20,4.47,4.3,Alive,Unhealthy,U,No,No,,,
2024,6/17/2024,Brewers Bay,C,RHMA ,R0898,,231,1.32,3.9,Alive,Healthy,H,No,No,"JC, HM",,
2024,6/17/2024,Brewers Bay,C,RHMA ,R0897,"NF, ID",260,1.62,4.2,Alive,Healthy,H,No,No,"JC, HM",,
2024,6/10/2024,Brewers Bay,B,LARA,R0896,NF,270,4.26,2.8,Alive,Unhealthy,U,No,No,,,
2024,6/10/2024,Brewers Bay,B,LARA,R0895,NF,170,5.52,5,Alive,Unhealthy,U,No,Yes,,,
2024,6/17/2024,Brewers Bay,C,RHMA ,R0894,"NF, ID",4,3.56,3.5,Alive,Healthy,H,No,No,,,
2024,7/8/2024,STEER Fringe,C,RHMA ,R0893,F,210,2.33,2.8,Alive,Healthy,H,No,No,"DG, KG",,
2024,7/8/2024,STEER Fringe,B,RHMA ,R0892,NF,57,2.74,3,Alive,Healthy,H,No,No,"LU, SM, KWG",,
2022,10/12/2021,Mandahl Bay,C,LARA,,,80,443,3.5,Dead,Dead,D,No,No,"KWG, AND, LP",,
2024,6/10/2024,Brewers Bay,B,LARA,R0891,F,182,3.98,6.3,Alive,Healthy,H,No,No,,,
2024,7/24/2024,Salt River,C,LARA,R0890,"IP, MP",,2.23,4.1,Alive,Healthy,H,No,Yes,"DG, KWG",R-1703,predation
2022,4/5/2022,Mary Creek,A,RHMA ,1875,NF,87,268,4,Dead,Dead,D,No,No,,,
2022,4/5/2022,Mary Creek,A,UNK,1877,NF,299,228,4.6,Dead,Dead,D,No,No,,,
2022,4/5/2022,Mary Creek,A,LARA,1878,NF,266,281,4.7,Dead,Dead,D,No,No,,,
2022,4/5/2022,Mary Creek,A,LARA,1879,NF,266,214,8.2,Dead,Dead,D,No,Yes,,,
2022,4/5/2022,Mary Creek,A,LARA,1880,NF,266,172,9.6,Dead,Dead,D,No,Yes,,,
2024,6/11/2024,Compass Point,C,AVGE,R0889,NF,71,4.9,2.5,Alive,Healthy,H,No,No,,,herbivory
2022,4/5/2022,Mary Creek,A,UNK,1882,NF,202,217,12,Dead,Dead,D,No,Yes,,,
2022,4/5/2022,Mary Creek,A,UNK,1883,NF,220,283,10.8,Dead,Dead,D,No,Yes,,,
2022,4/5/2022,Mary Creek,A,UNK,1884,NF,226,261,9.2,Dead,Dead,D,No,Yes,,,
2022,4/5/2022,Mary Creek,A,UNK,1885,NF,267,565,10.6,Dead,Dead,D,No,Yes,,,
2022,4/5/2022,Mary Creek,A,LARA,1886,NF,308,493,3.6,Dead,Dead,D,No,No,,,
2022,4/5/2022,Mary Creek,A,RHMA ,2029,NF,102,415,4.5,Dead,Dead,D,No,No,,,
2022,4/5/2022,Mary Creek,A,RHMA ,2030,NF,84,551,5.1,Dead,Dead,D,No,No,,,
2022,4/5/2022,Mary Creek,A,RHMA ,2031,NF,149,431,6.7,Dead,Dead,D,No,No,,,
2022,4/5/2022,Mary Creek,A,RHMA ,2032,NF,160,523,7.1,Dead,Dead,D,No,No,,,
2022,4/5/2022,Mary Creek,A,RHMA ,2033,NF,159,550,7.4,Dead,Dead,D,No,No,,,
2022,4/5/2022,Mary Creek,A,RHMA ,2034,NF,166,553,3.3,Dead,Dead,D,No,No,,,
2022,4/5/2022,Mary Creek,A,RHMA ,2035,NF,185,518,7.3,Dead,Dead,D,No,No,,,
2022,4/5/2022,Mary Creek,A,RHMA ,2036,NF,193,419,3.2,Dead,Dead,D,No,No,,,
2022,4/5/2022,Mary Creek,A,RHMA ,2037,NF,85,313,4.3,Dead,Dead,D,No,No,,,
2024,6/10/2024,Brewers Bay,B,LARA,R0888,NF,185,5.59,2.8,Alive,Unhealthy,U,No,Yes,,,
2024,6/10/2024,Brewers Bay,B,LARA,R0887,"F, ID",196,4.65,7.1,Alive,Healthy,H,No,Yes,,,
2022,4/5/2022,Mary Creek,A,RHMA ,2311,NF,215,447,4.9,Dead,Dead,D,No,No,,,
2022,4/5/2022,Mary Creek,A,RHMA ,2312,NF,159,253,3.5,Dead,Dead,D,No,No,,,
2022,4/5/2022,Mary Creek,A,RHMA ,2313,NF,99,1,3.8,Dead,Dead,D,No,No,,,
2022,4/5/2022,Mary Creek,A,UNK,2314,NF,25,549,3.1,Dead,Dead,D,No,No,,,
2022,4/5/2022,Mary Creek,A,UNK,2315,NF,16,533,3.6,Dead,Dead,D,No,No,,,
2022,4/5/2022,Mary Creek,A,UNK,2316,NF,15,514,2.6,Dead,Dead,D,No,No,,,
2022,4/5/2022,Mary Creek,A,UNK,2317,NF,8,546,2.8,Dead,Dead,D,No,No,,,
2022,4/5/2022,Mary Creek,A,UNK,2318,NF,4,495,2.9,Dead,Dead,D,No,No,,,
2022,4/5/2022,Mary Creek,A,UNK,2319,NF,332,522,8.8,Dead,Dead,D,No,No,,,
2022,4/5/2022,Mary Creek,B,RHMA ,1835,NF,25,22,4.3,Dead,Dead,D,No,No,,,
2022,4/5/2022,Mary Creek,B,RHMA ,1839,NF,41,527,7.1,Dead,Dead,D,No,No,,,
2022,4/5/2022,Mary Creek,B,RHMA ,1841,NF,73,321,4.1,Dead,Dead,D,No,No,,,
2022,4/5/2022,Mary Creek,B,UNK,1842,NF,65,530,3.9,Dead,Dead,D,No,No,,,
2022,4/5/2022,Mary Creek,B,UNK,1843,NF,312,505,2.6,Dead,Dead,D,No,No,,,
2022,4/5/2022,Mary Creek,B,UNK,1843,NF,53,250,8.3,Dead,Dead,D,No,No,,,
2022,4/5/2022,Mary Creek,B,RHMA ,1844,NF,339,398,5.5,Dead,Dead,D,No,No,,,
2022,4/5/2022,Mary Creek,B,RHMA ,1845,NF,344,225,2.7,Dead,Dead,D,No,No,,,
2022,4/5/2022,Mary Creek,B,UNK,1876,NF,315,540,3.4,Dead,Dead,D,No,No,,,
2022,4/5/2022,Mary Creek,B,RHMA ,2301,NF,243,377,5,Dead,Dead,D,No,No,,,
2024,6/10/2024,Brewers Bay,B,LARA,R0886,NF,242,4.79,8.4,Alive,Healthy,H,No,No,,,
2022,4/5/2022,Mary Creek,B,RHMA ,2303,NF,227,372,4,Dead,Dead,D,No,No,,,
2022,4/5/2022,Mary Creek,B,RHMA ,2304,NF,168,256,5.9,Dead,Dead,D,No,No,,,
2022,4/5/2022,Mary Creek,B,RHMA ,2305,NF,97,461,4,Dead,Dead,D,No,No,,,
2022,4/5/2022,Mary Creek,B,RHMA ,2306,NF,93,544,3.8,Dead,Dead,D,No,No,,,
2022,4/5/2022,Mary Creek,B,RHMA ,2307,NF,84,497,3.1,Dead,Dead,D,No,No,,,
2022,4/5/2022,Mary Creek,B,RHMA ,2308,NF,87,450,4.3,Dead,Dead,D,No,No,,,
2022,4/5/2022,Mary Creek,B,RHMA ,2398,NF,345,426,5.6,Dead,Dead,D,No,No,,,
2022,4/5/2022,Mary Creek,B,AVGE,2399,NF,216,285,6,Dead,Dead,D,No,No,,,
2022,4/5/2022,Mary Creek,B,RHMA ,2400,NF,292,160,7.5,Dead,Dead,D,No,No,,,
2024,6/11/2024,Compass Point,B,RHMA ,R0885,MD,64,1.07,2.7,Alive,Healthy,H,No,No,"KWG, LU",,CONNECTED TO 300
2022,4/5/2022,Mary Creek,C,LARA,2151,NF,304,403,4.9,Dead,Dead,D,No,No,,,
2022,4/5/2022,Mary Creek,C,LARA,2166,NF,320,526,6.1,Dead,Dead,D,No,No,,,
2022,4/5/2022,Mary Creek,C,LARA,2167,NF,312,525,6,Dead,Dead,D,No,Yes,,,
2022,4/5/2022,Mary Creek,C,LARA,2168,NF,306,514,3.1,Dead,Dead,D,No,No,,,
2024,6/10/2024,Brewers Bay,B,LARA,R0884,"F, ID",262,4.89,7.2,Alive,Unhealthy,U,No,No,,,
2022,4/5/2022,Mary Creek,C,LARA,2170,NF,270,437,7,Dead,Dead,D,No,Yes,,,
2022,4/5/2022,Mary Creek,C,LARA,2171,NF,265,481,5.2,Dead,Dead,D,No,No,,,
2022,4/5/2022,Mary Creek,C,THPO,2172,NF,264,472,3,Dead,Dead,D,No,No,,,
2024,6/11/2024,Compass Point,B,RHMA ,R0883,NF,330,5.46,2.5,Alive,Healthy,H,No,No,"KWG, LU",,
2024,6/11/2024,Compass Point,C,AVGE,R0883,NF,72,3.76,3,Alive,Healthy,H,No,No,,,herbivory
2024,6/10/2024,Brewers Bay,C,LARA,R0882,,100,4.56,2.7,Alive,Unhealthy,U,No,No,,,
2024,6/17/2024,Brewers Bay,C,LARA,R0881,NF,353,3.06,3.9,Alive,Unhealthy,U,No,No,,,
2024,6/11/2024,Compass Point,B,RHMA ,R0880,NF,345,4.57,2.8,Alive,Healthy,H,No,No,"KWG, LU",,
2024,6/10/2024,Brewers Bay,B,LARA,R0879,NF,243,5.11,6.1,Alive,Healthy,H,No,No,,,
2022,4/5/2022,Mary Creek,C,THPO,2179,NF,266,546,5,Dead,Dead,D,No,No,,,
2024,6/10/2024,Brewers Bay,C,LARA,R0878,,110,5.05,3.5,Alive,Unhealthy,U,No,No,,,
2022,4/5/2022,Mary Creek,C,THPO,2181,NF,225,261,2.7,Dead,Dead,D,No,No,,,
2024,6/10/2024,Brewers Bay,B,LARA,R0877,NF,345,3.58,8,Alive,Unhealthy,U,No,Yes,,,
2024,6/10/2024,Brewers Bay,C,RHMA ,R0876,,,1.46,3.8,Alive,Healthy,H,No,No,,,
2024,6/11/2024,Compass Point,B,LARA,R0875,F,96,3.83,4,Alive,Healthy,H,No,No,"KWG, LU",,
2024,6/10/2024,Brewers Bay,B,LARA,R0874,NF,245,5.36,9.8,Alive,Healthy,H,No,Yes,,,
2022,4/5/2022,Mary Creek,C,UNK,2186,NF,112,123,3.5,Dead,Dead,D,No,Yes,,,
2022,4/5/2022,Mary Creek,C,THPO,2187,NF,218,278,2.8,Dead,Dead,D,No,No,,,
2022,4/5/2022,Mary Creek,C,UNK,2188,NF,221,337,2.9,Dead,Dead,D,No,No,,,
2022,4/5/2022,Mary Creek,C,THPO,2189,NF,223,420,3.5,Dead,Dead,D,No,No,,,
2022,4/5/2022,Mary Creek,C,THPO,2190,NF,223,397,3.6,Dead,Dead,D,No,No,,,
2024,6/10/2024,Brewers Bay,B,LARA,R0873,NF,285,4.5,2.8,Alive,Healthy,H,No,No,,,
2022,4/5/2022,Mary Creek,C,THPO,2192,NF,212,410,3.2,Dead,Dead,D,No,No,,,
2024,6/10/2024,Brewers Bay,B,LARA,R0872,NF,220,3.59,3.7,Alive,Unhealthy,U,No,No,,,
2024,7/23/2024,Krause Lagoon,A,RHMA ,R0871,"F, IP",275,3.8,2.8,Alive,Healthy,H,No,No,"DG, AD",,
2024,6/10/2024,Brewers Bay,C,LARA,R0870,,75,4.97,3.5,Alive,Unhealthy,U,No,No,,,
2022,4/5/2022,Mary Creek,C,THPO,2196,NF,202,557,3.2,Dead,Dead,D,No,No,,,
2024,6/10/2024,Brewers Bay,B,LARA,R0869,NF,10.1,5.35,7,Alive,Healthy,H,No,,,,
2022,4/5/2022,Mary Creek,C,LARA,2321,NF,334,279,3.1,Dead,Dead,D,No,No,,,
2022,4/5/2022,Mary Creek,C,LARA,2322,NF,325,284,2.6,Dead,Dead,D,No,No,,,
2022,4/5/2022,Mary Creek,C,LARA,2323,NF,323,307,8,Dead,Dead,D,No,No,,,
2024,7/8/2024,STEER Fringe,C,RHMA ,R0868,"F, MD",165,2.85,3.2,Alive,Healthy,H,No,No,"SM, KWG",,
2024,6/10/2024,Brewers Bay,B,LARA,R0867,NF,192,3.64,3,Alive,Healthy,H,No,No,,,
2022,4/5/2022,Mary Creek,C,LARA,2326,NF,335,467,4.3,Dead,Dead,D,No,No,,,
2024,7/23/2024,Krause Lagoon,A,RHMA ,R0866,"IP, MP",280,3.83,2.6,Alive,Healthy,H,No,No,"DG, AD",,
2024,7/23/2024,Krause Lagoon,A,RHMA ,R0865,"F, IP",150,0.82,5.3,Alive,Healthy,H,No,No,"DG, AD",,
2022,4/5/2022,Mary Creek,C,LARA,2329,NF,341,299,3.6,Dead,Dead,D,No,No,,,
2024,6/10/2024,Brewers Bay,C,LARA,R0864,,125,4.03,3.2,Alive,Unhealthy,U,No,No,,,
2024,6/11/2024,Compass Point,B,RHMA ,R0863,IF,35,5.04,2.5,Alive,Healthy,H,No,No,"KWG, LU",,
2024,6/11/2024,Compass Point,B,LARA,R0862,F,94,4.69,2.6,Alive,Healthy,H,No,No,"KWG, LU",,
2022,4/5/2022,Mary Creek,C,LARA,2333,NF,139,365,3,Dead,Dead,D,No,Yes,,,
2022,4/5/2022,Mary Creek,C,LARA,2334,NF,165,474,5,Dead,Dead,D,No,Yes,,,
2022,4/5/2022,Mary Creek,C,LARA,2335,NF,154,502,4.8,Dead,Dead,D,No,No,,,moderate Herbivory
2022,4/5/2022,Mary Creek,C,LARA,2336,NF,155,487,6.4,Dead,Dead,D,No,No,,,moderate Herbivory
2024,6/10/2024,Brewers Bay,C,LARA,R0860,,90,4.94,3.6,Alive,Healthy,H,No,No,,,
2022,4/5/2022,Mary Creek,C,LARA,2338,NF,163,529,3.8,Dead,Dead,D,No,Yes,,,
2024,6/11/2024,Compass Point,B,RHMA ,R0859,"ID, MD",312,5.53,6.4,Alive,Healthy,H,No,Yes,"KWG, LU",,
2022,4/5/2022,Mary Creek,C,LARA,2340,NF,178,498,3.8,Dead,Dead,D,No,Yes,,,
2022,4/5/2022,Mary Creek,C,THPO,2341,NF,183,502,3.4,Dead,Dead,D,No,No,,,
2024,6/11/2024,Compass Point,B,LARA,R0858,F,109,5.37,4.3,Alive,Healthy,H,No,No,"KWG, LU",,
2022,4/5/2022,Mary Creek,C,THPO,2343,NF,186,484,4,Dead,Dead,D,No,No,,,
2024,6/10/2024,Brewers Bay,C,RHMA ,R0857,,120,3.5,2.7,Alive,Unhealthy,U,No,No,,,
2024,6/11/2024,Compass Point,B,LARA,R0856,F,111,4.88,3,Alive,Healthy,H,No,No,"KWG, LU",,
2022,4/5/2022,Mary Creek,C,UNK,2346,NF,164,280,4.8,Dead,Dead,D,No,Yes,,,
2024,6/10/2024,Brewers Bay,C,RHMA ,R0855,"ID, MD",145,3.17,7.5,Alive,Healthy,H,No,No,,,
2022,9/23/2021,Perseverance Bay,A,LARA,156,,0,0,15.3,Dead,Unhealthy,U,No,No,,,center of plot
2022,9/23/2021,Perseverance Bay,A,RHMA ,,,190,556,12.5,Dead,Dead,D,No,No,"KWG, HAS, LP",,No tree tagging at this site
2022,9/23/2021,Perseverance Bay,A,RHMA ,,,195,534,8.3,Dead,Dead,D,No,No,,,
2022,9/23/2021,Perseverance Bay,A,RHMA ,,,215,527,10.8,Dead,Dead,D,No,No,,,
2022,9/23/2021,Perseverance Bay,A,RHMA ,,,212,535,11.4,Dead,Dead,D,No,No,,,
2022,9/23/2021,Perseverance Bay,A,RHMA ,,,182,248,5.7,Dead,Dead,D,No,No,,,
2022,9/23/2021,Perseverance Bay,A,LARA,,,243,289,4.2,Dead,Dead,D,No,No,,,
2022,9/23/2021,Perseverance Bay,A,LARA,,,253,322,5.3,Dead,Dead,D,No,No,,,
2022,9/23/2021,Perseverance Bay,A,LARA,,,254,344,5.4,Dead,Dead,D,No,No,,,
2022,9/23/2021,Perseverance Bay,A,LARA,,,232,274,6.2,Dead,Dead,D,No,No,,,
2022,9/23/2021,Perseverance Bay,A,LARA,,,281,284,7.8,Dead,Dead,D,No,No,,,
2022,9/23/2021,Perseverance Bay,A,LARA,,,234,430,5.2,Dead,Dead,D,No,Yes,,,
2022,9/23/2021,Perseverance Bay,A,LARA,,,261,417,5.5,Dead,Unhealthy,U,No,No,,,
2024,6/10/2024,Brewers Bay,B,LARA,R0854,NF,113,2.31,4.3,Alive,Healthy,H,No,Yes,,,
2022,9/23/2021,Perseverance Bay,A,LARA,,,314,434,4.9,Dead,Dead,D,No,No,,,
2022,9/23/2021,Perseverance Bay,A,LARA,,,325,409,8.4,Dead,Unhealthy,U,No,No,,,
2022,9/23/2021,Perseverance Bay,A,LARA,,,321,414,3.5,Dead,Unhealthy,U,No,No,,,
2022,9/23/2021,Perseverance Bay,A,LARA,,,355,438,8.6,Dead,Unhealthy,U,No,No,,,
2022,9/23/2021,Perseverance Bay,A,LARA,,,341,490,7.2,Dead,Unhealthy,U,No,Yes,,,
2022,9/23/2021,Perseverance Bay,A,RHMA ,,,120,428,14.8,Dead,Unhealthy,U,No,Yes,,,dbh from top of buttressing roots
2022,9/23/2021,Perseverance Bay,A,RHMA ,,,120,393,10.4,Dead,Unhealthy,U,No,Yes,,,
2022,9/23/2021,Perseverance Bay,A,RHMA ,,,80,414,11.2,Dead,Unhealthy,U,No,Yes,,,
2022,9/23/2021,Perseverance Bay,A,LARA,,,310,15,8.8,Dead,Unhealthy,U,No,No,,,
2022,9/23/2021,Perseverance Bay,B,LARA,,,0,0,7.7,Dead,Unhealthy,U,No,Yes,,,
2022,9/23/2021,Perseverance Bay,B,LARA,,,33,40,4.9,Dead,Unhealthy,U,No,Yes,,,
2022,9/23/2021,Perseverance Bay,B,LARA,,,250,12,10.1,Dead,Unhealthy,U,No,Yes,,,
2022,9/23/2021,Perseverance Bay,B,LARA,,,295,98,4.5,Dead,Unhealthy,U,No,Yes,,,
2022,9/23/2021,Perseverance Bay,B,LARA,,,295,201,4.3,Dead,Unhealthy,U,No,Yes,,,
2022,9/23/2021,Perseverance Bay,B,LARA,,,295,209,5.3,Dead,Unhealthy,U,No,Yes,,,
2022,9/23/2021,Perseverance Bay,B,LARA,,,29,202,5.4,Dead,Unhealthy,U,No,Yes,,,
2022,9/23/2021,Perseverance Bay,B,LARA,,,110,215,7.1,Dead,Unhealthy,U,No,Yes,,,
2022,9/23/2021,Perseverance Bay,B,LARA,,,114,230,3,Dead,Unhealthy,U,No,Yes,,,
2024,6/10/2024,Brewers Bay,C,RHMA ,R0853,MD,,1.12,3.8,Alive,Healthy,H,No,No,,,
2024,6/10/2024,Brewers Bay,C,RHMA ,R0852,MD,120,3.6,5.6,Alive,Healthy,H,No,No,,,
2022,9/23/2021,Perseverance Bay,C,RHMA ,,,187,466,9.9,Dead,Unhealthy,U,No,Yes,,,
2022,9/23/2021,Perseverance Bay,C,RHMA ,,,190,447,7,Dead,Unhealthy,U,No,Yes,,,
2022,9/23/2021,Perseverance Bay,C,RHMA ,,,190,440,4.9,Dead,Unhealthy,U,No,Yes,,,
2024,6/11/2024,Compass Point,C,AVGE,R0851,NF,145,4.64,3.5,Alive,Healthy,H,No,No,,,herbivory
2024,7/24/2024,Salt River,C,THPO,R0850,MP,85,4.84,2.9,Alive,Healthy,H,No,No,"DG, KWG","R-1240, R-1109, R-1236, R-2813, R-2883, R-1242",fruits
2022,10/25/2021,Princess Bay,A,RHMA ,608,NF,326,344,9.5,Dead,Dead,D,Yes,No,"JCC, LU, AJH, KWG, HS, AND",,fungus
2024,7/8/2024,STEER Fringe,B,RHMA ,R0849,NF,276,1.6,3.2,Alive,Healthy,H,No,No,"LU, SM, KWG",,
2022,10/25/2021,Princess Bay,A,RHMA ,610,NF,330,573,12.1,Dead,Dead,D,No,No,"JCC, LU, AJH, KWG, HS, AND",,"PREVIOUSLY TAGGED, OUT OF PLOT"
2022,10/25/2021,Princess Bay,A,RHMA ,611,NF,319,483,9.8,Dead,Dead,D,No,Yes,"JCC, LU, AJH, KWG, HS, AND",,
2022,10/25/2021,Princess Bay,A,RHMA ,612,NF,357,273,16.1,Dead,Dead,D,No,Yes,"JCC, LU, AJH, KWG, HS, AND",,
2022,10/25/2021,Princess Bay,A,RHMA ,620,NF,16,624,11.2,Dead,Dead,D,Yes,Yes,"JCC, LU, AJH, KWG, HS, AND",,"PREVIOUSLY TAGGED, OUT OF PLOT"
2022,10/25/2021,Princess Bay,A,RHMA ,621,NF,343,638,11.3,Dead,Dead,D,No,No,"JCC, LU, AJH, KWG, HS, AND",,"PREVIOUSLY TAGGED, OUT OF PLOT"
2022,10/25/2021,Princess Bay,A,RHMA ,622,NF,205,353,18.1,Dead,Dead,D,No,Yes,"JCC, LU, AJH, KWG, HS, AND",,
2022,10/25/2021,Princess Bay,A,RHMA ,623,NF,255,536,10,Dead,Dead,D,No,No,"JCC, LU, AJH, KWG, HS, AND",,DBH is off for safety
2022,10/25/2021,Princess Bay,A,RHMA ,624,NF,269,562,14.7,Dead,Dead,D,No,Yes,"JCC, LU, AJH, KWG, HS, AND",,
2022,10/25/2021,Princess Bay,A,RHMA ,625,NF,275,549,13,Dead,Dead,D,No,Yes,"JCC, LU, AJH, KWG, HS, AND",,nest
2022,10/25/2021,Princess Bay,A,RHMA ,701,NF,50,418,11.1,Dead,Dead,D,No,No,"JCC, LU, AJH, KWG, HS, AND",,
2022,10/25/2021,Princess Bay,A,RHMA ,702,NF,42,116,10.6,Dead,Dead,D,No,No,"JCC, LU, AJH, KWG, HS, AND",,
2022,10/25/2021,Princess Bay,A,RHMA ,703,NF,110,158,8.1,Dead,Dead,D,No,No,"JCC, LU, AJH, KWG, HS, AND",,
2022,10/25/2021,Princess Bay,A,RHMA ,704,NF,107,440,10.5,Dead,Dead,D,No,No,"JCC, LU, AJH, KWG, HS, AND",,
2024,6/17/2024,Brewers Bay,C,LARA,R0848,"NF, ID",9,4.28,5.9,Alive,Unhealthy,U,No,No,,,
2022,10/25/2021,Princess Bay,A,RHMA ,706,NF,175,352,7.5,Dead,Dead,D,No,No,"JCC, LU, AJH, KWG, HS, AND",,
2022,10/25/2021,Princess Bay,A,RHMA ,707,NF,148,547,8.3,Dead,Dead,D,No,No,"JCC, LU, AJH, KWG, HS, AND",,
2022,10/25/2021,Princess Bay,A,RHMA ,708,NF,173,437,6.6,Dead,Dead,D,No,No,"JCC, LU, AJH, KWG, HS, AND",,
2022,10/25/2021,Princess Bay,A,RHMA ,709,NF,187,289,8,Dead,Dead,D,Yes,No,"JCC, LU, AJH, KWG, HS, AND",,
2022,10/25/2021,Princess Bay,A,RHMA ,710,NF,216,460,5.4,Dead,Dead,D,No,No,"JCC, LU, AJH, KWG, HS, AND",,
2022,10/25/2021,Princess Bay,A,RHMA ,800,NF,41,233,6.1,Dead,Dead,D,Yes,Yes,"JCC, LU, AJH, KWG, HS, AND",,
2024,6/17/2024,Brewers Bay,C,RHMA ,R0847,NF,280,2.21,4.3,Alive,Healthy,H,No,No,"JC, HM",,
2024,6/17/2024,Brewers Bay,C,LARA,R0846,"NF, ID",354,2.25,4.7,Alive,Healthy,H,No,No,,,
2022,10/25/2021,Princess Bay,B,RHMA ,309,NF,93,563,11.5,Dead,Dead,D,No,No,"JCC, LU, AJH, KWG, HS, AND",,broken branches
2024,6/10/2024,Brewers Bay,B,LARA,R0845,"F, ID",270,4.6,7.3,Alive,Healthy,H,No,Yes,,,
2022,10/25/2021,Princess Bay,B,RHMA ,311,NF,2,549,10,Dead,Dead,D,No,No,"JCC, LU, AJH, KWG, HS, AND",,
2024,6/10/2024,Brewers Bay,C,LARA,R0844,"F, ID",90,5.45,5.7,Alive,Healthy,H,No,No,,,
2022,10/25/2021,Princess Bay,B,RHMA ,326,NF,171,272,30,Dead,Dead,D,No,No,"JCC, LU, AJH, KWG, HS, AND",,
2022,10/25/2021,Princess Bay,B,RHMA ,327,NF,146,324,39.5,Dead,Dead,D,No,No,"JCC, LU, AJH, KWG, HS, AND",,
2024,6/10/2024,Brewers Bay,B,LARA,R0843,"F, ID",290,1.48,6.5,Alive,Healthy,H,No,Yes,, connected to R-811,
2022,10/25/2021,Princess Bay,B,RHMA ,329,NF,227,126,4.1,Dead,Dead,D,No,No,"JCC, LU, AJH, KWG, HS, AND",,
2022,10/25/2021,Princess Bay,B,RHMA ,428,NF,348,484,6.9,Dead,Dead,D,No,No,"JCC, LU, AJH, KWG, HS, AND",,
2022,10/25/2021,Princess Bay,C,RHMA ,613,NF,270,510,5.6,Dead,Dead,D,No,No,"JCC, LU, AJH, KWG, HS, AND",,
2024,6/10/2024,Brewers Bay,B,LARA,R0842,NF,153,4.67,2.5,Alive,Healthy,H,No,No,,,connected R900
2024,6/10/2024,Brewers Bay,C,LARA,R0841,,60,5.58,4.2,Alive,Unhealthy,U,No,No,,,
2024,6/10/2024,Brewers Bay,C,RHMA ,R0840,,120,3.06,4.3,Alive,Healthy,H,No,No,,,
2022,10/25/2021,Princess Bay,C,RHMA ,617,NF,180,554,15.2,Dead,Dead,D,No,No,"JCC, LU, AJH, KWG, HS, AND",,
2024,6/10/2024,Brewers Bay,B,LARA,R0839,NF,350,5.55,5.8,Alive,Healthy,H,No,,,,Disease-leaves spots
2024,6/10/2024,Brewers Bay,C,LARA,R0839,"F, ID",80,4.88,4.6,Alive,Healthy,H,No,No,,,
2024,6/17/2024,Brewers Bay,C,LARA,R0837,"NF, ID",348,2.42,7.2,Alive,Healthy,H,No,No,,,disease leaves
2022,10/25/2021,Princess Bay,C,LARA,627,NF,34,473,2.5,Dead,Dead,D,No,Yes,"JCC, LU, AJH, KWG, HS, AND",,
2022,10/25/2021,Princess Bay,C,LARA,628,NF,7,437,3.4,Dead,Dead,D,No,No,"JCC, LU, AJH, KWG, HS, AND",,
2022,10/25/2021,Princess Bay,C,LARA,629,NF,358,477,2.6,Dead,Dead,D,No,No,"JCC, LU, AJH, KWG, HS, AND",,
2022,10/25/2021,Princess Bay,C,RHMA ,630,NF,306,354,7.4,Dead,Dead,D,No,No,"JCC, LU, AJH, KWG, HS, AND",,
2024,6/10/2024,Brewers Bay,B,LARA,R0836,NF,285,3.46,2.5,Alive,Healthy,H,No,No,,,
2024,6/11/2024,Compass Point,C,AVGE,R0835,NF,315,4.84,3.7,Alive,Healthy,H,No,No,,,herbivory
2022,10/25/2021,Princess Bay,C,RHMA ,633,NF,279,442,10.7,Dead,Dead,D,No,No,"JCC, LU, AJH, KWG, HS, AND",,
2024,6/17/2024,Brewers Bay,C,RHMA ,R0832,NF,280,0.36,5.5,Alive,Healthy,H,No,No,"JC, HM",,
2024,6/10/2024,Brewers Bay,B,LARA,R0831,"F, ID",286,3.31,7.9,Alive,Unhealthy,U,No,No,,,
2024,7/8/2024,STEER Fringe,C,RHMA ,R0830,"ID, MD",155,4.68,5.1,Alive,Healthy,H,No,No,"DG, KG",,
2024,6/10/2024,Brewers Bay,B,LARA,R0829,NF,255,4.69,2.9,Alive,Unhealthy,U,No,No,,,
2024,6/10/2024,Brewers Bay,B,LARA,R0828,"NF, IM",182,5.26,5.4,Alive,Healthy,H,No,Yes,,,Disease-leaves spots 
2024,6/10/2024,Brewers Bay,C,LARA,R0827,,160,5,3.3,Alive,Healthy,H,No,No,,,
2024,6/10/2024,Brewers Bay,B,LARA,R0826,"NF, IM, DL",230,2.76,4.8,Alive,Healthy,H,No,No,,,
2022,12/3/2021,Reef Bay,A,LARA,1208,NF,131,340,5.2,Dead,Dead,D,No,No,"LU, LP ",,
2024,6/10/2024,Brewers Bay,C,LARA,R0825,"F, ID",75,3.32,7.4,Alive,Healthy,H,No,No,,,
2024,7/8/2024,STEER Fringe,C,RHMA ,R0824,"ID, F",160,4.99,3,Alive,Healthy,H,No,No,"DG, KG",,
2024,6/10/2024,Brewers Bay,B,LARA,R0823,"F, IM",155,5.22,7.1,Alive,Healthy,H,No,,,,
2024,6/10/2024,Brewers Bay,B,LARA,R0822,NF,220,3.2,6.2,Alive,Unhealthy,U,No,No,,,
2024,6/10/2024,Brewers Bay,C,LARA,R0821,,80,5.53,3.9,Alive,Unhealthy,U,No,No,,,
2024,6/10/2024,Brewers Bay,B,LARA,R0819,"NF, IM",,5.33,7.4,Alive,Healthy,H,No,No,,,connected to R0734
2024,6/11/2024,Compass Point,C,AVGE,R0818,NF,152,4.63,2.5,Alive,Healthy,H,No,No,,,herbivory
2024,7/24/2024,Salt River,B,LARA,R0817,,125,3.49,4.1,Alive,Healthy,H,No,No,"DG, JS, JC",,
2024,7/8/2024,STEER Fringe,B,RHMA ,R0816,NF,85,4.58,3,Alive,Healthy,H,No,No,"LU, SM, KWG",,
2024,6/10/2024,Brewers Bay,B,LARA,R0813,NF,235,5.62,4,Alive,Unhealthy,U,No,Yes,,,
2024,6/10/2024,Brewers Bay,B,LARA,R0812,NF,142,4.25,3.8,Alive,Unhealthy,U,No,Yes,,,"Dying, disease"
2024,6/10/2024,Brewers Bay,B,LARA,R0811,"F, ID",314,1.5,5.9,Alive,Healthy,H,No,Yes,,Connected R-843,
2024,8/7/2024,Turner Bay,B,RHMA ,R0810,NF,284,3.56,7.9,Alive,Healthy,H,No,No,"AND, KH, DG, LU",,lost tag from prev
2024,7/8/2024,STEER Fringe,B,RHMA ,R0809,NF,305,25,3.3,Alive,Healthy,H,No,No,"AD, JC, SM",,
2024,6/10/2024,Brewers Bay,B,LARA,R0808,NF,111,2.59,2.5,Alive,Healthy,H,No,No,,,
2024,6/10/2024,Brewers Bay,B,LARA,R0807,NF,85,0.12,2.9,Alive,Healthy,H,No,No,,Connected to R-805,Disease Leaves 
2024,6/10/2024,Brewers Bay,B,LARA,R0805,F,102,0.23,5.6,Alive,Healthy,H,No,Yes,,connected to R-807,
2024,7/24/2024,Salt River,C,LARA,R0804,MP,360,1.06,3.5,Alive,Healthy,H,No,No,"DG, KWG",,
2024,7/8/2024,STEER Fringe,B,RHMA ,R0803,NF,88,5.2,3,Alive,Healthy,H,No,No,"LU, SM, KWG",,
2024,6/10/2024,Brewers Bay,B,LARA,R0802,"NF, MD",258,4.51,3.6,Alive,Healthy,H,No,,,,
2024,7/19/2024,Magens Bay,C,RHMA ,R0801,NF,258,3.94,2.8,Alive,Healthy,H,No,No,"SM, KH, AD",,
2024,7/5/2024,STEER Fringe,A,RHMA ,R0799,NF,335,1.08,2.5,Alive,Healthy,H,No,No,"AD, JC, SM",,herbivory
2024,6/10/2024,Brewers Bay,C,LARA,R0798,,210,4.58,3.6,Alive,Healthy,H,No,No,,,
2024,6/10/2024,Brewers Bay,C,RHMA ,R0797,"NF, MD",280,5.32,5.1,Alive,Healthy,H,No,No,,,
2024,6/11/2024,Compass Point,A,RHMA ,R0796,ID,276,5.06,11.7,Alive,Healthy,H,No,No,"AD, KWG, LU",,
2024,6/11/2024,Compass Point,A,RHMA ,R0795,ID,265,3.05,8.1,Alive,Healthy,H,No,No,"AD, KWG, LU",,
2024,7/8/2024,STEER Fringe,B,RHMA ,R0794,NF,140,375,2.5,Alive,Healthy,H,No,No,"AD, JC, SM",,
2024,6/10/2024,Brewers Bay,B,LARA,R0793,"NF, IM",141,5.51,6.5,Alive,Healthy,H,No,,,,
2024,6/11/2024,Compass Point,A,RHMA ,R0792,NF,165,4.34,3.4,Alive,Healthy,H,No,No,"AD, KWG, LU",CONNECTED TO 2867,
2024,6/10/2024,Brewers Bay,B,LARA,R0791,"NF, IM",160,5.35,3.9,Alive,Healthy,H,No,Yes,,,
2024,7/8/2024,STEER Fringe,B,RHMA ,R0790,NF,52,4.67,4,Alive,Healthy,H,No,No,"LU, SM, KWG",connected to R-1129,
2024,6/10/2024,Brewers Bay,C,RHMA ,R0788,,220,5.56,5.2,Alive,Healthy,H,No,No,,,
2024,6/10/2024,Brewers Bay,C,RHMA ,R0787,,220,5.38,3,,,,No,No,,,
2024,6/10/2024,Brewers Bay,C,LARA,R0787,,205,5.6,3.6,Alive,Healthy,H,No,No,,,
2024,7/8/2024,STEER Fringe,B,RHMA ,R0785,NF,130,0.2,2.5,Alive,Healthy,H,No,No,"DG, KG",,
2024,6/17/2024,Brewers Bay,C,RHMA ,R0784,"NF, ID",25,3.65,6.5,Alive,Healthy,H,No,No,,,
2024,6/17/2024,Brewers Bay,C,RHMA ,R0783,"NF, ID",5,4.26,10.2,Alive,Healthy,H,No,No,,,
2024,6/17/2024,Brewers Bay,C,LARA,R0782,"NF, ID",11,4.54,5.5,Alive,Unhealthy,U,No,No,,,
2022,12/3/2021,Reef Bay,A,LARA,1247,NF,189,384,2.5,Dead,Dead,D,No,No,"LU, LP, AND, KH",,
2024,6/11/2024,Compass Point,C,AVGE,R0781,NF,228,1.11,3.2,Alive,Healthy,H,No,No,,,herbivory
2024,7/8/2024,STEER Fringe,B,RHMA ,R0780,NF,85,3.9,2.5,Alive,Healthy,H,No,No,"LU, SM, KWG",,
2024,6/10/2024,Brewers Bay,B,LARA,R0778,"NF, IM",255,4.34,4,Alive,Healthy,H,No,,,,
2024,7/24/2024,Salt River,C,LARA,R0777,"IP, MP",45,4.71,5.9,Alive,Healthy,H,No,Yes,"DG, KWG",,
2024,6/11/2024,Compass Point,C,AVGE,R0776,NF,222,2.96,2.7,Alive,Healthy,H,No,No,,,herbivory
2024,6/11/2024,Compass Point,B,RHMA,R0775,NF,128,2.75,2.8,Alive,Healthy,H,No,No,,,
2024,6/11/2024,Compass Point,C,AVGE,R0774,NF,221,2.84,2.8,Alive,Healthy,H,No,No,,,herbivory
2024,6/11/2024,Compass Point,B,RHMA,R0773,NF,24,4.3,2.5,Alive,Healthy,H,No,No,,,
2024,6/10/2024,Brewers Bay,B,LARA,R0772,"F, IM",146,5.26,7.2,Alive,Healthy,H,No,,,,
2024,7/24/2024,Salt River,C,RHMA ,R0771,NF,38,3.36,2.5,Alive,Healthy,H,No,No,"DG, KWG",,
2024,7/8/2024,STEER Fringe,B,RHMA ,R0770,NF,353,5.35,3.2,Alive,Healthy,H,No,No,"LU, SM, KWG",,
2024,6/11/2024,Compass Point,B,RHMA ,R0768,MD,41,1.15,2.6,Alive,Healthy,H,No,No,"KWG, LU",,CONNECTED TO 300
2024,7/8/2024,STEER Fringe,C,RHMA ,R0767,F,90,2.29,2.5,Alive,Healthy,H,No,No,"DG, KG",,
2024,7/8/2024,STEER Fringe,B,RHMA ,R0766,NF,85,2.11,2.6,Alive,Healthy,H,No,No,"LU, SM, KWG",,
2024,7/8/2024,STEER Fringe,C,LARA,R0765,NF,210,205,3,Alive,Healthy,H,No,No,"DG, KG",,
2024,6/11/2024,Compass Point,C,AVGE,R0764,NF,330,4.21,3.2,Alive,Healthy,H,No,No,,,predation insect
2024,6/11/2024,Compass Point,C,AVGE,R0762,NF,32,2.28,2.5,Alive,Healthy,H,No,No,,,herbivory
2024,6/10/2024,Brewers Bay,C,LARA,R0760,,210,4.09,5.1,Alive,Healthy,H,No,No,,,
2024,6/11/2024,Compass Point,B,RHMA,R0759,F,35,4.22,4.2,Alive,Healthy,H,No,No,,,
2024,6/11/2024,Compass Point,B,RHMA,R0758,NF,50,3.28,2.5,Alive,Healthy,H,No,No,,,
2024,7/24/2024,Salt River,C,RHMA ,R0757,"F, IP, MP",30,5.54,10.9,Alive,Healthy,H,No,Yes,"DG, KWG",R-2690,
2024,7/8/2024,STEER Fringe,B,RHMA ,R0757,NF,17,5.03,3.8,Alive,Healthy,H,No,No,"LU, SM, KWG",,
2024,7/8/2024,STEER Fringe,B,LARA,R0756,"F, MD",93,0.12,8.3,Alive,Healthy,H,No,No,"DG, KG",,
2024,6/10/2024,Brewers Bay,B,LARA,R0755,NF,340,2.94,5,Alive,Unhealthy,U,No,Yes,,,
2024,6/17/2024,Brewers Bay,C,LARA,R0754,"NF, ID",10,4.07,5.4,Alive,Unhealthy,U,No,No,,,
2024,6/10/2024,Brewers Bay,B,LARA,R0753,"NF, NP",231,4.27,4.3,Alive,Healthy,H,No,No,,,R0752 is connected to R0714
2024,7/8/2024,STEER Fringe,C,RHMA ,R0752,"F, ID, MD",185,5.39,2.9,Alive,Healthy,H,No,No,"DG, KG",,
2022,12/3/2021,Reef Bay,A,LARA,1275,NF,256,544,2.6,Dead,Dead,D,No,No,"LU, LP, AND, KH",,
2024,6/10/2024,Brewers Bay,B,LARA,R0750,NF,332,3.91,3.8,Alive,Unhealthy,U,No,Yes,,,
2024,8/7/2024,Turner Bay,A,RHMA ,R0749,NF,245,5.44,3.4,Alive,Healthy,H,No,No,"AND, KH, DG, LU",,
2024,6/11/2024,Compass Point,C,AVGE,R0748,MP,59,4.95,3.5,Alive,Healthy,H,No,No,,,predation
2024,7/24/2024,Salt River,C,RHMA ,R0747,"F, IP, MP",260,2.59,12.8,Alive,Healthy,H,No,No,"DG, KWG",,
2022,12/3/2021,Reef Bay,A,LARA,1280,NF,249,440,8,Dead,Dead,D,No,No,"LU, LP, AND, KH",,
2024,6/11/2024,Compass Point,B,RHMA,R0746,IP,308,3.76,6.1,Alive,Healthy,H,No,No,,,
2024,6/17/2024,Brewers Bay,C,LARA,R0745,"NF, ID",355,2.82,5.5,Alive,Healthy,H,No,No,,,
2024,6/11/2024,Compass Point,B,RHMA,R0744,IP,323,3.49,2.8,Alive,Healthy,H,No,No,,,
2024,6/17/2024,Brewers Bay,C,RHMA ,R0743,ID,39,5.3,6.8,Alive,Healthy,H,No,No,,,
2024,6/17/2024,Brewers Bay,C,LARA,R0742,"NF, ID",9,4.49,6.8,Alive,Unhealthy,U,No,No,,,
2024,7/24/2024,Salt River,C,LARA,R0741,"IP, MP",125,2.73,5.2,Alive,Healthy,H,No,Yes,"DG, KWG",,
2024,7/24/2024,Salt River,C,RHMA ,R0740,NF,55,3.6,4.1,Alive,Healthy,H,No,No,"DG, KWG",,
2024,6/10/2024,Brewers Bay,B,LARA,R0738,"NF, IM",290,0.7,9.4,Alive,Healthy,H,No,No,,,
2024,7/8/2024,STEER Fringe,B,RHMA ,R0736,MD,56,2.92,3.4,Alive,Healthy,H,No,No,"LU, SM, KWG",,
2022,12/3/2021,Reef Bay,A,LARA,1290,NF,257,274,2.6,Dead,Dead,D,No,No,"LU, LP, AND, KH",,
2024,7/8/2024,STEER Fringe,B,RHMA ,R0735,NF,74,1.84,2.8,Alive,Healthy,H,No,No,"DG, KG",,
2024,6/10/2024,Brewers Bay,B,LARA,R0734,"NF, NP",176,4.84,6.2,Alive,Healthy,H,No,No,,,connected to R0819
2024,7/8/2024,STEER Fringe,B,RHMA ,R0733,NF,85,388,2.5,Alive,Healthy,H,No,No,"AD, JC, SM",,
2024,6/11/2024,Compass Point,B,RHMA,R0731,NF,150,3.49,2.5,Alive,Healthy,H,No,No,,CONNECTED TO 2980,
2022,12/3/2021,Reef Bay,A,LARA,1295,NF,257,151,3.9,Dead,Dead,D,No,No,"LU, LP, AND, KH",,
2024,6/17/2024,Brewers Bay,C,LARA,R0730,NF,336,4.24,2.5,Alive,Healthy,H,No,No,"JC, HM",,
2024,6/10/2024,Brewers Bay,C,LARA,R0728,,210,4.35,3,Alive,Healthy,H,No,No,,,
2024,7/24/2024,Salt River,C,ACTO,R0727,,144,4.46,2.6,Alive,Healthy,H,No,Yes,AND,"R-2957, R-2081, R-1251",
2024,6/10/2024,Brewers Bay,B,LARA,R0726,"F, IM",151,4.38,3.8,Alive,Unhealthy,U,No,Yes,,,No leaves 
2024,6/11/2024,Compass Point,B,RHMA,R0725,NF,349,5.65,2.7,Alive,Healthy,H,No,No,,,
2022,12/3/2021,Reef Bay,A,LARA,1301,NF,,78,16.2,Dead,Dead,D,No,No,"LU, LP, AND, KH",,AZI not recorded
2024,6/17/2024,Brewers Bay,C,LARA,R0724,F,330,4.71,4.5,Alive,Healthy,H,No,No,"JC, HM",,
2024,6/11/2024,Compass Point,C,AVGE,R0722,NF,293,5.3,3.4,Alive,Healthy,H,No,No,,,herbivory
2024,7/8/2024,STEER Fringe,B,RHMA ,R0721,NF,275,1.34,5,Alive,Healthy,H,No,No,"LU, SM, KWG",,
2022,12/3/2021,Reef Bay,A,LARA,1305,NF,21,171,2.8,Dead,Dead,D,No,No,"KH, AND",,
2024,7/24/2024,Salt River,B,LARA,R0720,"IP, MP",160,4.48,3.5,Alive,Healthy,H,No,No,,R-0328,herbivory
2024,6/11/2024,Compass Point,A,RHMA ,R0719,NF,304,4.19,3.5,Alive,Healthy,H,No,No,"AD, KWG, LU",CONECTED TO 2966,
2024,7/23/2024,Krause Lagoon,B,RHMA ,R0717,NF,200,4.12,3.5,Alive,Healthy,H,No,No,"DG, AD",,
2024,6/11/2024,Compass Point,C,AVGE,R0716,NF,225,1.7,2.9,Alive,Healthy,H,No,No,,,
2024,6/10/2024,Brewers Bay,B,LARA,R0714,"NF, NP",220,4.3,7.5,Alive,Healthy,H,No,No,,,R0714 is connected to R0753
2024,6/17/2024,Brewers Bay,C,LARA,R0713,F,330,4.69,3,Alive,Healthy,H,No,No,"JC, HM",,
2024,6/11/2024,Compass Point,C,AVGE,R0712,NF,220,2.85,2.5,Alive,Healthy,H,No,No,,,herbivory
2024,6/10/2024,Brewers Bay,C,LARA,R0711,,210,4.89,4.3,Alive,Healthy,H,No,No,,,
2024,6/11/2024,Compass Point,A,RHMA ,R0709,ID,300,1.25,8.9,Alive,Healthy,H,No,No,"AD, KWG, LU",,
2024,6/17/2024,Brewers Bay,C,LARA,R0708,F,330,4.9,3.7,Alive,Healthy,H,No,No,"JC, HM",,
2024,7/8/2024,STEER Fringe,B,RHMA ,R0705,NF,55,2.8,3.8,Alive,Healthy,H,No,No,"LU, SM, KWG",,
2024,6/10/2024,Brewers Bay,B,LARA,R0704,"F, ID",264,3.59,7.1,Alive,Healthy,H,No,Yes,,,
2024,6/10/2024,Brewers Bay,C,RHMA ,R0703,,275,5.17,10.6,Alive,Healthy,H,No,No,,,
2024,7/24/2024,Salt River,C,RHMA ,R0703,NF,5,3.88,3.5,Alive,Healthy,H,No,No,"DG, KWG",,
2022,12/3/2021,Reef Bay,A,LARA,1320,NF,330,514,7.6,Dead,Dead,D,No,Yes,"KH, AND",,
2024,7/8/2024,STEER Fringe,B,RHMA ,R0701,NF,130,492,3.1,Alive,Healthy,H,No,No,"AD, JC, SM",,
2024,6/26/2024,STEER Basin,C,AVGE,R0398,NF,1,3.78,3.3,Alive,Healthy,H,No,No,"DG, KR",,
2024,7/8/2024,STEER Fringe,B,RHMA ,R0396,NF,120,464,2.8,Alive,Healthy,H,No,No,"AD, JC, SM",,
2024,7/8/2024,STEER Fringe,C,LARA,R0395,ID,68,5.34,4.9,Alive,Healthy,H,No,Yes,"AND, KH","connected to R-1938, R-1925, R-1903, R-1905, R-2854, R-1955, R-2867, R-1155, R-360",
2024,6/26/2024,STEER Basin,C,RHMA ,R0394,MD,265,5.19,3.1,Alive,Healthy,H,No,No,"DG, KR",,
2024,7/8/2024,STEER Fringe,B,RHMA ,R0393,ID,220,86,4.3,Alive,Healthy,H,No,No,"AD, JC, SM",,
2024,7/24/2024,Salt River,C,LARA,R0385,NF,7,3.25,2.7,Alive,Healthy,H,No,No,"DG, KWG",,
2024,6/26/2024,STEER Basin,C,AVGE,R0383,,230,2.41,2.6,Alive,Healthy,H,No,No,"DG, KR",,
2024,6/26/2024,STEER Basin,C,AVGE,R0382,NF,220,5.09,2.5,Alive,Healthy,H,No,No,"DG, KR",,
2024,7/8/2024,STEER Fringe,B,LARA,R0382,MD,80,2.13,5.7,Alive,Healthy,H,No,No,"LU, SM, KWG","connected to R-1189, R-756, R-1145, R-317, R-1157",
2024,6/26/2024,STEER Basin,C,AVGE,R0373,,220,1,3.7,Alive,Healthy,H,No,No,"DG, KR",,
2024,6/11/2024,Compass Point,B,RHMA ,R0372,MD,58,1.32,2.6,Alive,Healthy,H,No,No,"KWG, LU",,CONNECTED TO 300
2022,12/3/2021,Reef Bay,A,LARA,1333,NF,298,312,2.6,Dead,Dead,D,No,No,"KH, AND",,
2024,7/8/2024,STEER Fringe,B,LARA,R0372,NF,180,377,10.7,Alive,Unhealthy,U,No,Yes,"AD, JC, SM",,termites
2024,7/8/2024,STEER Fringe,B,LARA,R0371,"ID, MD",185,330,5.8,Alive,Healthy,H,No,No,"AD, JC, SM",connected to R-1160,
2022,12/3/2021,Reef Bay,A,LARA,1336,NF,313,296,2.5,Dead,Dead,D,No,No,"KH, AND",,
2024,7/24/2024,Salt River,B,RHMA ,R0370,"IP, MP",180,2.67,7.1,Alive,Healthy,H,No,No,"DG, JS, JC",,
2022,12/3/2021,Reef Bay,A,LARA,1338,NF,324,212,7.6,Dead,Dead,D,No,No,"KH, AND",,
2024,6/26/2024,STEER Basin,C,AVGE,R0369,NF,230,4.18,3.8,Alive,Healthy,H,No,No,"DG, KR",,
2024,6/26/2024,STEER Basin,C,AVGE,R0368,,75,3.9,4.1,Alive,Healthy,H,No,No,"DG, KR",,
2024,6/26/2024,STEER Basin,C,AVGE,R0367,F,15,4.88,5,Alive,Healthy,H,No,No,"DG, KR",,
2024,6/26/2024,STEER Basin,C,AVGE,R0365,,30,1.43,5.3,Alive,Healthy,H,No,No,"DG, KR",,
2024,7/23/2024,Krause Lagoon,C,RHMA ,R0363,"F, IP",230,3.02,3.2,Alive,Healthy,H,No,No,"DG, JC, AD",,
2024,7/8/2024,STEER Fringe,C,RHMA ,R0362,"F, MD",158,2.2,4,Alive,Healthy,H,No,No,"SM, KWG",,
2024,6/26/2024,STEER Basin,C,AVGE,R0361,,320,3.94,3.5,Alive,Healthy,H,No,No,"DG, KR",,
2024,7/8/2024,STEER Fringe,C,LARA,R0360,"ID, MD",50,4.24,4.5,Alive,Healthy,H,No,Yes,"AND, KH","connected to R-1938, R-1925, R-1903, R-1905, R-2854, R-1955, R-2867, R-1155, R-0395",
2024,6/26/2024,STEER Basin,C,AVGE,R0358,,250,3.07,3.8,Alive,Healthy,H,No,No,"DG, KR",,
2024,6/26/2024,STEER Basin,C,LARA,R0351,"F, ID",240,2.26,4,Alive,Healthy,H,No,No,"DG, KR",,
2022,12/3/2021,Reef Bay,A,LARA,1349,NF,294,515,2.5,Dead,Dead,D,No,No,"KH, AND",,
2024,7/19/2024,Magens Bay,C,RHMA ,R0348,NF,275,3.68,3,Alive,Healthy,H,No,No,"SM, KH, AD",,
2024,7/8/2024,STEER Fringe,C,RHMA ,R0347,F,165,2.74,2.7,Alive,Healthy,H,No,No,"SM, KWG",,
2024,6/26/2024,STEER Basin,C,LARA,R0346,"F, ID",270,0.15,2.5,Alive,Healthy,H,No,No,"DG, KR",,
2024,7/24/2024,Salt River,C,LARA,R0343,IP,77,4.31,2.5,Alive,Healthy,H,No,No,"DG, KWG",,
2024,6/26/2024,STEER Basin,C,AVGE,R0341,NF,220,4.56,5.3,Alive,Healthy,H,No,No,"DG, KR",,
2022,12/3/2021,Reef Bay,A,LARA,1355,NF,293,536,2.9,Dead,Dead,D,No,No,"KH, AND",,
2022,12/3/2021,Reef Bay,A,LARA,1356,ID,290,517,3.4,Dead,Dead,D,No,No,"KH, AND",,
2024,7/8/2024,STEER Fringe,C,RHMA ,R0339,F,195,1.9,3.5,Alive,Healthy,H,No,No,"DG, KG",,
2024,6/26/2024,STEER Basin,C,RHMA ,R0335,ID,265,4.96,2.8,Alive,Healthy,H,No,No,"DG, KR",,
2024,7/5/2024,STEER Fringe,A,RHMA ,R0334,NF,335,1.08,3.4,Alive,Healthy,H,No,No,"AD, JC, SM",,herbivory
2024,6/26/2024,STEER Basin,C,AVGE,R0333,,220,1.72,3.2,Alive,Healthy,H,No,No,"DG, KR",,
2022,12/3/2021,Reef Bay,A,LARA,1361,NF,163,226,2.7,Dead,Dead,D,No,No,"KH, AND",,
2024,6/26/2024,STEER Basin,C,AVGE,R0332,,220,1.09,4.2,Alive,Healthy,H,No,No,"DG, KR",,
2024,7/19/2024,Magens Bay,C,RHMA ,R0331,N,170,5.27,2.9,Alive,Healthy,H,No,No,"SM, KH, AD",,
2024,6/26/2024,STEER Basin,C,AVGE,R0330,,220,1.44,3.6,Alive,Healthy,H,No,No,"DG, KR",,
2024,7/24/2024,Salt River,B,LARA,R0328,"IP, MP",165,4.97,2.7,Alive,Healthy,H,No,No,,R-0720,herbivory
2024,7/8/2024,STEER Fringe,C,RHMA ,R0326,"F, ID, MD",205,3.69,2.5,Alive,Healthy,H,No,No,"DG, KG",,
2024,6/26/2024,STEER Basin,C,AVGE,R0325,NF,15,4.86,6,Alive,Healthy,H,No,No,"DG, KR",,
2024,7/8/2024,STEER Fringe,B,RHMA ,R0324,NF,125,385,2.5,Alive,Healthy,H,No,No,"AD, JC, SM",,
2024,7/8/2024,STEER Fringe,B,LARA,R0323,"ID, MD",200,75,6.1,Alive,Healthy,H,No,No,"AD, JC, SM",,
2024,7/8/2024,STEER Fringe,B,RHMA ,R0320,MD,95,370,3.7,Alive,Healthy,H,No,No,"AD, JC, SM",,
2024,7/8/2024,STEER Fringe,C,RHMA ,R0318,"F, MD",178,3.03,2.7,Alive,Healthy,H,No,No,"SM, KWG",,
2024,7/8/2024,STEER Fringe,B,LARA,R0317,MD,80,2.39,7.9,Alive,Healthy,H,No,No,"LU, SM, KWG","connected to R-1189, R-756, R-382, R-1145, R-1157",
2024,6/26/2024,STEER Basin,C,AVGE,R0314,,280,4.47,4.2,Alive,Healthy,H,No,No,"DG, KR",,
2024,6/26/2024,STEER Basin,C,AVGE,R0312,,220,2.43,4.1,Alive,Healthy,H,No,No,"DG, KR",,
2024,7/24/2024,Salt River,B,LARA,R0311,"F, IP",132,3.55,4.7,Alive,Healthy,H,No,No,"DG, JS, JC","R-1217, R-2954, R-2910",
2024,6/26/2024,STEER Basin,C,AVGE,R0310,,335,3.62,4.1,Alive,Healthy,H,No,No,"DG, KR",,
2024,6/26/2024,STEER Basin,C,AVGE,R0309,F,15,4.82,5.7,Alive,Healthy,H,No,No,"DG, KR",,
2024,7/18/2024,Princess Bay,B,RHMA ,R0308,"F, IP",80,,3.8,Alive,Healthy,H,No,No,,,
2022,12/3/2021,Reef Bay,A,LARA,1379,NF,135,181,3.1,Dead,Dead,D,No,No,"KH, AND",,
2024,7/24/2024,Salt River,C,LARA,R0307,"IP, MP",360,0.67,2.8,Alive,Healthy,H,No,No,"DG, KWG",,predation
2024,7/8/2024,STEER Fringe,B,RHMA ,R0306,NF,100,558,3,Alive,Healthy,H,No,No,"AD, JC, SM",,
2024,6/26/2024,STEER Basin,C,AVGE,R0302,,215,3.72,3.6,Alive,Healthy,H,No,No,"DG, KR",,
2024,6/26/2024,STEER Basin,C,AVGE,R0301,NF,220,4.19,4.1,Alive,Healthy,H,No,No,"DG, KR",,
2024,6/11/2024,Compass Point,A,RHMA , R0793,NF,174,4.93,2.5,Alive,Healthy,H,No,No,"AD, KWG, LU",CONNECTED TO 2867,
2024,6/11/2024,Compass Point,B,RHMA ,2999,NF,238,2.32,4.4,Alive,Healthy,H,No,No,"AD, KWG, LU",,
2024,6/11/2024,Compass Point,B,RHMA ,2998,NF,237,4.38,4.3,Alive,Healthy,H,No,No,"AD, KWG, LU",,
2024,6/11/2024,Compass Point,B,RHMA ,2997,NF,236,4.09,2.9,Alive,Healthy,H,No,No,"AD, KWG, LU",,
2024,6/11/2024,Compass Point,B,RHMA ,2996,NF,235,4.24,2.5,Alive,Healthy,H,No,No,"AD, KWG, LU",,
2024,6/11/2024,Compass Point,B,RHMA ,2995,NF,231,3.81,3.3,Alive,Healthy,H,No,No,"AD, KWG, LU",,
2024,6/11/2024,Compass Point,B,RHMA ,2994,NF,227,5.11,3.3,Alive,Healthy,H,No,No,"AD, KWG, LU",,
2022,12/3/2021,Reef Bay,A,AVGE,1444,NF,135,274,2.5,Dead,Dead,D,No,No,"LU, LP ",,
2024,6/11/2024,Compass Point,B,RHMA ,2993,NF,228,5.6,2.5,Alive,Healthy,H,No,No,"AD, KWG, LU",,
2024,6/11/2024,Compass Point,B,RHMA ,2992,NF,207,3.22,3.5,Alive,Healthy,H,No,No,"AD, KWG, LU",,
2024,6/11/2024,Compass Point,B,RHMA ,2991,NF,204,2.83,3.2,Alive,Healthy,H,No,No,"AD, KWG, LU",,
2024,6/11/2024,Compass Point,B,RHMA ,2990,NF,204,2.66,3.2,Alive,Healthy,H,No,No,"AD, KWG, LU",,
2022,12/3/2021,Reef Bay,A,LARA,1469,NF,105,401,2.8,Dead,Dead,D,No,No,"LU, LP ",,
2024,6/11/2024,Compass Point,B,RHMA ,2989,NF,201,2.11,2.5,Alive,Healthy,H,No,No,"AD, KWG, LU",CONNECTED TO 2990,
2024,6/11/2024,Compass Point,B,RHMA ,2987,NF,197,5.22,4.4,Alive,Healthy,H,No,No,"AD, KWG, LU",,
2024,6/11/2024,Compass Point,B,RHMA ,2986,F,171,4.69,4,Alive,Healthy,H,No,No,"AD, KWG, LU",,
2024,6/11/2024,Compass Point,B,RHMA ,2985,NF,158,5.65,5.8,Alive,Healthy,H,No,No,"AD, KWG, LU",,
2022,12/3/2021,Reef Bay,A,AVGE,1474,NF,111,258,3.2,Dead,Dead,D,No,No,"LU, LP ",,
2022,12/3/2021,Reef Bay,A,AVGE,1478,NF,121,227,3.1,Dead,Dead,D,No,No,"LU, LP ",,
2024,6/11/2024,Compass Point,B,RHMA ,2984,NF,128,5.34,2.5,Alive,Healthy,H,No,No,"AD, KWG, LU",,
2024,6/11/2024,Compass Point,B,LARA,2983,NF,119,5.18,5.2,Alive,Unhealthy,U,No,No,"AD, KWG, LU",,
2024,6/11/2024,Compass Point,B,RHMA ,2982,NF,119,4.91,4.5,Alive,Healthy,H,No,No,"AD, KWG, LU",,
2024,6/11/2024,Compass Point,B,RHMA ,2981,NF,119,4.76,4.5,Alive,Healthy,H,No,No,"AD, KWG, LU",,
2024,6/11/2024,Compass Point,B,RHMA ,2980,"ID, MD",144,4.1,8.1,Alive,Healthy,H,No,No,"AD, KWG, LU",,
2024,6/11/2024,Compass Point,B,RHMA ,2979,"ID, MD",144,3.95,4,Alive,Healthy,H,No,No,"AD, KWG, LU",,
2024,6/11/2024,Compass Point,B,RHMA ,2977,NF,142,4.22,3,Alive,Healthy,H,No,No,"AD, KWG, LU",,
2024,6/11/2024,Compass Point,B,RHMA ,2976,"F, ID, MD",140,3.17,6.5,Alive,Healthy,H,No,No,"AD, KWG, LU",,
2024,6/11/2024,Compass Point,A,RHMA ,2973,ID,257,4.83,11.1,Alive,Healthy,H,No,No,"AD, KWG, LU",CONNECTED TO 2968,
2024,6/11/2024,Compass Point,A,RHMA ,2972,NF,258,4.73,5.9,Alive,Healthy,H,No,No,"AD, KWG, LU",CONNECTED TO 2968,
2024,6/11/2024,Compass Point,A,RHMA ,2971,ID,210,4.66,10.4,Alive,Healthy,H,No,No,"AD, KWG, LU",CONNECTED TO 2968,
2024,6/11/2024,Compass Point,A,RHMA ,2970,NF,265,5.16,4.1,Alive,Healthy,H,No,No,"AD, KWG, LU",,
2024,6/11/2024,Compass Point,A,RHMA ,2969,NF,268,5.59,8.3,Alive,Unhealthy,UT,No,Yes,"AD, KWG, LU",CONNECTED TO 2968,
2024,6/11/2024,Compass Point,A,RHMA ,2968,,282,5.46,12.4,Alive,Unhealthy,UT,No,Yes,"AD, KWG, LU",,"SNAPPED, NO LEAVES"
2024,6/11/2024,Compass Point,A,RHMA ,2967,,230,4.52,11.4,Alive,Unhealthy,U ,No,No,"AD, KWG, LU",,"SNAPPED, NO LEAVES"
2024,6/11/2024,Compass Point,A,RHMA ,2966,NF,289,3.89,7.5,Alive,Healthy,H,No,No,"AD, KWG, LU",,
2024,6/11/2024,Compass Point,A,RHMA ,2965,ID,308,1.86,9.2,Alive,Healthy,H,No,No,"AD, KWG, LU",,
2024,6/11/2024,Compass Point,A,RHMA ,2964,NF,301,1.46,5.1,Alive,Healthy,H,No,No,"AD, KWG, LU",,
2024,6/11/2024,Compass Point,A,RHMA ,2963,ID,2,1.14,6.7,Alive,Healthy,H,No,No,"AD, KWG, LU",,
2024,6/11/2024,Compass Point,A,RHMA ,2962,NF,312,4.91,4.2,Alive,Unhealthy,UT,No,Yes,"AD, KWG, LU",,
2024,6/11/2024,Compass Point,A,RHMA ,2961,NF,315,5.57,2.9,Alive,Healthy,H,No,No,"AD, KWG, LU",,
2024,6/11/2024,Compass Point,A,RHMA ,2960,NF,322,5.65,2.5,Alive,Healthy,H,No,No,"AD, KWG, LU",,
2024,6/11/2024,Compass Point,A,RHMA ,2959,NF,340,4.48,2.5,Alive,Healthy,H,No,No,"AD, KWG, LU",,
2024,6/11/2024,Compass Point,A,RHMA ,2958,NF,342,4.26,3,Alive,Healthy,H,No,No,"AD, KWG, LU",,
2024,6/11/2024,Compass Point,A,RHMA ,2957,NF,11,5.41,2.5,Alive,Healthy,H,No,No,"AD, KWG, LU",,
2024,6/11/2024,Compass Point,A,RHMA ,2956,NF,15,5.09,3.2,Alive,Healthy,H,No,No,"AD, KWG, LU",,
2024,6/11/2024,Compass Point,A,RHMA ,2955,,35,3.16,7.3,Alive,Unhealthy,UT,No,Yes,"AD, KWG, LU",,"CROWN SNAPPED,NO LEAVES"
2024,6/11/2024,Compass Point,A,RHMA ,2954,,37,3.49,12.5,Alive,Unhealthy,U,No,Yes,"AD, KWG, LU",,
2024,6/11/2024,Compass Point,A,RHMA ,2953,ID,38,3.99,11.7,Alive,Healthy,H,No,No,"AD, KWG, LU",,
2024,6/11/2024,Compass Point,A,RHMA ,2952,MD,41,3.9,10,Alive,Healthy,H,No,No,"AD, KWG, LU",,TAGGED ON BACKSIDE
2024,6/11/2024,Compass Point,A,RHMA ,2951,MD,49,4.97,5.4,Alive,Healthy,H,No,No,"AD, KWG, LU",,
2024,6/11/2024,Compass Point,A,RHMA ,2950,NF,105,3.8,2.8,Alive,Healthy,H,No,No,"AD, KWG, LU",,
2024,6/11/2024,Compass Point,A,RHMA ,2949,NF,40,2.39,6.5,Alive,Healthy,H,No,No,"AD, KWG, LU",,
2024,6/11/2024,Compass Point,A,RHMA ,2948,NF,70,2.44,5.3,Alive,Healthy,H,No,No,"AD, KWG, LU",,
2024,6/11/2024,Compass Point,A,RHMA ,2947,"ID, MD",45,1.02,10.3,Alive,Healthy,H,No,No,"AD, KWG, LU",,
2024,6/5/2024,Brewers Bay,A,LARA,2946,F,218,3.47,6.2,Alive,Healthy,H,No,No,"AD,DG,HM",NA,
2024,6/5/2024,Brewers Bay,A,LARA,2945,NF,3.53,3.3,3.3,Alive,Healthy,H,No,No,"AD,DG,HM",NA,
2024,6/5/2024,Brewers Bay,A,LARA,2944,NF,255,3.53,5.5,Alive,Healthy,H,No,No,"AD,DG,HM",NA,
2024,6/5/2024,Brewers Bay,A,LARA,2943,NF,255,3.46,3.6,Alive,Healthy,H,No,No,"AD,DG,HM",NA,
2024,6/5/2024,Brewers Bay,A,LARA,2942,NF,240,4.48,4.3,Alive,Healthy,H,No,No,"AD,DG,HM",NA,
2024,6/5/2024,Brewers Bay,A,LARA,2941,F,235,4.45,5.4,Alive,Healthy,H,No,No,"AD,DG,HM",NA,
2022,12/8/2021,Reef Bay,B,LARA,1526,NF,202,449,20,Dead,Dead,D,No,Yes,,,
2024,6/5/2024,Brewers Bay,A,LARA,2940,NF,244,4.16,4.9,Alive,Unhealthy,U,No,No,"AD,DG,HM",NA,
2024,6/5/2024,Brewers Bay,A,LARA,2939,NF,233,4.33,3.1,Alive,Healthy,H,No,No,"AD,DG,HM",NA,
2024,6/5/2024,Brewers Bay,A,LARA,2938,NF,230,4.16,4.1,Alive,Healthy,H,No,No,"AD,DG,HM",NA,
2024,6/5/2024,Brewers Bay,A,LARA,2937,NF,226,3.92,3.1,Alive,Healthy,H,No,No,"AD,DG,HM",NA,
2024,6/5/2024,Brewers Bay,A,LARA,2936,NF,295,1.04,3.3,Alive,Healthy,H,No,No,"AD,DG,HM",NA,
2024,6/5/2024,Brewers Bay,A,LARA,2935,NF,291,1.92,4.9,Alive,Healthy,H,No,No,"AD,DG,HM",NA,
2024,6/5/2024,Brewers Bay,A,LARA,2934,NF,287,2.54,4,Alive,Healthy,H,No,No,"AD,DG,HM",NA,
2024,6/5/2024,Brewers Bay,A,LARA,2933,NF,230,1.94,5.3,Alive,Healthy,H,No,No,"AD,DG,HM",NA,
2024,6/5/2024,Brewers Bay,A,LARA,2932,NF,239,1.5,5.3,Alive,Healthy,H,No,No,"AD,DG,HM",NA,DISEASE
2024,6/5/2024,Brewers Bay,A,LARA,2931,NF,75,0.97,2.7,Alive,Healthy,H,No,No,"AD,DG,HM",NA,
2024,6/5/2024,Brewers Bay,A,LARA,2930,NF,80,1.13,4,Alive,Healthy,H,No,No,"AD,DG,HM",NA,MSD
2024,6/5/2024,Brewers Bay,A,LARA,2929,NF,72,1.84,3.3,Alive,Healthy,H,No,No,"AD,DG,HM",NA,
2024,6/5/2024,Brewers Bay,A,LARA,2928,NF,63,3.25,3.2,Alive,Healthy,H,No,No,"AD,DG,HM",NA,
2024,6/5/2024,Brewers Bay,A,LARA,2927,NF,72,2.68,3.1,Alive,Healthy,H,No,No,"AD,DG,HM",NA,DISEASE
2024,6/5/2024,Brewers Bay,A,LARA,2926,NF,14,4.62,3.6,Alive,Healthy,H,No,No,"AD,DG,HM",NA,DISEASE
2024,6/5/2024,Brewers Bay,A,LARA,2925,NF,15,4.61,4.4,Alive,Healthy,H,No,No,"AD,DG,HM",NA,
2024,6/5/2024,Brewers Bay,A,LARA,2924,NF,46,5.17,4.3,Alive,Healthy,H,No,No,"AD,DG,HM",NA,DISEASE
2024,6/5/2024,Brewers Bay,A,LARA,2923,NF,36,4.73,3.5,Alive,Healthy,H,No,No,"AD,DG,HM",NA,
2024,6/5/2024,Brewers Bay,A,LARA,2922,NF,23,4.39,4.5,Alive,Healthy,H,No,No,"AD,DG,HM",NA,
2024,6/5/2024,Brewers Bay,A,LARA,2921,NF,19,4.04,4.1,Alive,Unhealthy,U,No,No,"AD,DG,HM",NA,
2024,6/5/2024,Brewers Bay,A,LARA,2920,NF,22,3.9,4.4,Alive,Healthy,H,No,No,"AD,DG,HM",NA,
2024,6/5/2024,Brewers Bay,A,LARA,2919,NF,18,3.65,3.8,Alive,Unhealthy,U,No,No,"AD,DG,HM",NA,
2024,6/5/2024,Brewers Bay,A,LARA,2918,NF,4,4.16,3.6,Alive,Healthy,H,No,No,"AD,DG,HM",NA,
2024,6/5/2024,Brewers Bay,A,LARA,2917,NF,324,3.81,3.4,Alive,Healthy,H,No,No,"AD,DG,HM",NA,
2024,6/5/2024,Brewers Bay,A,LARA,2916,NF,332,4.9,4.5,Alive,Healthy,H,No,No,"AD,DG,HM",NA,DISEASE
2024,6/5/2024,Brewers Bay,A,LARA,2915,NF,315,5.26,4.9,Alive,Healthy,H,No,No,"AD,DG,HM",NA,DISEASE
2024,6/10/2024,Mandahl Bay,C,THPO,2914,MP,155,5.41,6,Alive,Healthy,H,No,No,"AD, JC",No,fruit
2024,6/10/2024,Mandahl Bay,C,LARA,2913,NF,165,4.88,6.5,Alive,Healthy,H,No,No,"AD, JC",No,disease spots - leaf spots
2024,6/10/2024,Mandahl Bay,C,THPO,2912,MP,185,5.19,4.1,Alive,Healthy,H,No,No,"AD, JC","2910, 2909, 2799, 2797, 2908",fruit
2024,6/10/2024,Mandahl Bay,C,THPO,2911,MP,169,5.31,6.6,Alive,Healthy,H,No,No,"AD, JC","2906, 2907",fruit
2024,6/10/2024,Mandahl Bay,C,THPO,2910,MP,180,4.76,4.6,Alive,Healthy,H,No,No,"AD, JC","2908, 2909, 2799, 2797, 2912",fruit
2024,6/10/2024,Mandahl Bay,C,THPO,2909,MP,135,4.48,4.8,Alive,Healthy,H,No,No,"AD, JC","2908, 2799, 2797, 2910, 2912",fruit
2024,6/10/2024,Mandahl Bay,C,THPO,2908,MP,143,3.8,3.6,Alive,Healthy,H,No,No,"AD, JC","2909, 2799, 2797, 2910, 2912",fruit
2024,6/10/2024,Mandahl Bay,C,THPO,2906,MP,145,3.4,5.4,Alive,Healthy,H,No,No,"AD, JC","2907, 2911",fruit
2024,6/10/2024,Mandahl Bay,C,LARA,2905,F,295,1.02,3.5,Alive,Healthy,H,No,No,"AD, JC",No,
2024,6/10/2024,Mandahl Bay,C,THPO,2903,MP,115,3.3,3.9,Alive,Healthy,H,No,No,"AD, JC",2788,fruit
2024,6/10/2024,Mandahl Bay,C,LARA,2902,NF,175,1.63,3.6,Alive,Unhealthy,U,No,No,"AD, JC",No,mostly dead
2024,6/10/2024,Mandahl Bay,C,LARA,2901,NF,185,2.38,3.2,Alive,Healthy,H,No,No,"AD, JC",2800,
2024,6/10/2024,Mandahl Bay,C,LARA,2900,NF,258,2.51,4.8,Alive,Healthy,H,No,No,"SM, DG, SH",No,disease
2024,6/10/2024,Mandahl Bay,C,LARA,2899,NF,247,3.5,5.2,Alive,Healthy,H,No,No,"SM, DG, SH",No,
2024,6/10/2024,Mandahl Bay,C,LARA,2898,NF,260,4.67,4.5,Alive,Healthy,H,No,No,"SM, DG, SH",No,disease
2024,6/10/2024,Mandahl Bay,C,LARA,2897,NF,244,4.57,6.2,Alive,Healthy,H,No,No,"SM, DG, SH",No,
2024,6/10/2024,Mandahl Bay,C,THPO,2896,NF,215,3.95,3.7,Alive,Healthy,H,No,No,"SM, DG, SH",No,
2024,6/10/2024,Mandahl Bay,C,LARA,2895,NF,201,3.45,3,Alive,Healthy,H,No,No,"SM, DG, SH",No,disease
2024,6/10/2024,Mandahl Bay,C,LARA,2894,NF,203,2.35,16.6,Alive,Healthy,H,No,Yes,"SM, DG, SH",2891,disease
2024,6/10/2024,Mandahl Bay,C,LARA,2893,NF,201,3.4,8,Alive,Healthy,H,No,Yes,"SM, DG, SH",No,
2024,7/9/2024,Magens Bay,C,RHMA ,2892,NF,143,5.17,2.5,Alive,Healthy,H,No,No,"JS, JC",,
2024,6/10/2024,Mandahl Bay,C,LARA,2892,NF,204,3.8,4.8,Alive,Healthy,H,No,No,"SM, DG, SH",No,
2024,6/10/2024,Mandahl Bay,C,LARA,2891,NF,197,2.44,7,Alive,Unhealthy,U,No,No,"SM, DG, SH",2894,
2024,6/10/2024,Mandahl Bay,C,LARA,2890,NF,190,1.8,7,Alive,Healthy,H,No,Yes,"SM, DG, SH",No,disease
2024,6/10/2024,Mandahl Bay,C,THPO,2889,NF,195,5.22,4.6,Alive,Healthy,H,No,No,"SM, DG, SH",No,
2022,12/8/2021,Reef Bay,B,LARA,1578,NF,335,282,6.6,Dead,Dead,D,No,Yes,,,"looks LARA, but can't tell"
2024,6/10/2024,Mandahl Bay,C,LARA,2888,NF,182,4.38,8.4,Alive,Healthy,H,No,Yes,"SM, DG, SH",No,
2024,6/10/2024,Mandahl Bay,C,LARA,2886,NF,34,5.4,3.2,Alive,Healthy,H,No,No,"SM, DG, SH",No,disease
2024,6/10/2024,Mandahl Bay,C,LARA,2885,NF,59,5.17,7.7,Alive,Healthy,H,No,No,"SM, DG, SH",No,
2024,6/26/2024,STEER Basin,C,LARA,2884,ID,150,3.03,3.2,Alive,Healthy,H,No,No,"DG, KR",,
2024,6/10/2024,Mandahl Bay,C,LARA,2883,NF,102,1.47,4.5,Alive,Unhealthy,U,No,Yes,"SM, DG, SH",No,disease
2024,6/10/2024,Mandahl Bay,C,LARA,2882,NF,9,5.64,8,Alive,Healthy,H,No,No,"SM, DG, SH",No,
2024,7/9/2024,Magens Bay,C,RHMA ,2880,NF,159,4.93,3.2,Alive,Healthy,H,No,No,"JS, JC",,
2024,6/11/2024,Compass Point,B,RHMA ,2880,IP,235,2.51,4.8,Alive,Healthy,H,No,No,,,
2024,6/11/2024,Compass Point,B,RHMA ,2879,IP,230,2.96,2.5,Alive,Healthy,H,No,No,,,
2024,6/11/2024,Compass Point,B,RHMA ,2878,IP,242,3.39,3.7,Alive,Healthy,H,No,No,,,
2024,6/11/2024,Compass Point,B,RHMA ,2877,IP,261,5.33,3.9,Alive,Healthy,H,No,No,,,
2024,6/11/2024,Compass Point,B,RHMA ,2876,IP,261,5.53,2.5,Alive,Healthy,H,No,No,,,
2024,6/11/2024,Compass Point,B,RHMA ,2876,IP,250,4.29,4,Alive,Healthy,H,No,No,,,
2024,6/11/2024,Compass Point,A,RHMA ,2874,NF,262,2.02,3.1,Alive,Healthy,H,No,No,,,
2024,6/11/2024,Compass Point,A,RHMA ,2873,NF,245,4.03,4.7,Alive,Unhealthy,U,No,No,,,
2024,6/11/2024,Compass Point,A,RHMA ,2872,NF,235,4.36,6.4,Alive,Healthy,HT,No,Yes,,,
2024,6/11/2024,Compass Point,A,RHMA ,2871,NF,246,5.52,5.1,Alive,Healthy,H,No,No,,,
2024,6/11/2024,Compass Point,A,RHMA ,2870,NF,241,4.74,8.3,Alive,Healthy,HT,No,Yes,,,
2024,6/26/2024,STEER Basin,C,AVGE,2869,NF,190,4.66,3,Alive,Unhealthy,U,No,No,"DG, KR",,
2024,6/11/2024,Compass Point,A,RHMA ,2869,NF,217,4.4,7.9,Alive,Healthy,HT,No,Yes,,,
2024,6/26/2024,STEER Basin,C,AVGE,2868,F,63,5,4.3,Alive,Healthy,H,No,No,"DG, KR",,
2024,6/11/2024,Compass Point,A,RHMA ,2868,IP,200,4.8,11,Alive,Healthy,H,No,No,,,
2024,6/11/2024,Compass Point,A,RHMA ,2867,NF,156,3.29,9.8,Alive,Healthy,H,No,No,,,
2024,6/11/2024,Compass Point,A,RHMA ,2866,ID,205,3.81,9.2,Alive,Healthy,H,No,No,,,
2024,6/11/2024,Compass Point,A,RHMA ,2865,NF,195,4.2,4.6,Alive,Healthy,H,No,No,,,
2024,6/11/2024,Compass Point,A,RHMA ,2864,MD,170,5.19,4.1,Alive,Healthy,H,No,No,,,
2022,12/8/2021,Reef Bay,B,LARA,1927,NF,96,366,3.2,Dead,Dead,D,No,No,"AND, HF, JON JON, KH",,
2022,12/8/2021,Reef Bay,B,LARA,1928,NF,115,400,3,Dead,Unhealthy,U,No,No,"AND, HF, JON JON, KH",,
2024,6/11/2024,Compass Point,A,RHMA ,2863,MD,171,5.42,8.4,Alive,Healthy,H,No,No,,,
2024,6/11/2024,Compass Point,A,RHMA ,2862,NF,150,4.34,5,Alive,Healthy,H,No,No,,CONNECTED TO DEAD NEIGHBOR,
2024,6/11/2024,Compass Point,A,RHMA ,2861,NF,162,5.65,3.2,Alive,Healthy,H,No,No,,,
2024,6/11/2024,Compass Point,A,RHMA ,2860,"ID, MD",135,4.83,8.3,Alive,Healthy,H,No,No,,,
2024,6/11/2024,Compass Point,A,RHMA ,2859,NF,100,3.36,8.8,Alive,Healthy,H,No,No,,,
2024,6/11/2024,Compass Point,A,RHMA ,2858,NF,108,4.9,4.26,Alive,Healthy,H,No,No,,,
2024,6/11/2024,Compass Point,A,RHMA ,2857,NF,145,4.95,4.5,Alive,Healthy,H,No,No,,,
2024,6/11/2024,Compass Point,A,RHMA ,2856,NF,140,4.8,7.7,Alive,Healthy,H,No,No,,,
2024,6/11/2024,Compass Point,A,RHMA ,2855,NF,132,4.81,10.9,Alive,Healthy,H,No,No,,,
2024,6/11/2024,Compass Point,A,RHMA ,2854,ID,150,3.91,11.9,Alive,Healthy,H,No,No,,,
2024,6/11/2024,Compass Point,A,RHMA ,2853,NF,145,3.6,8.1,Alive,Healthy,H,No,No,,,
2024,6/11/2024,Compass Point,A,RHMA ,2852,ID,205,1.88,2.6,Alive,Healthy,H,No,No,,,
2024,6/10/2024,Brewers Bay,A,LARA,2851,NF,325,3.1,3.7,Alive,Unhealthy,U,No,No,"AD,KR",NA,DISEASE-LEAF SPOTS/INSECT BITES
2024,6/10/2024,Brewers Bay,A,LARA,2850,NF,289,5.21,3.6,Alive,Unhealthy,U,No,No,"AD,KR",NA,DISEASE-LEAF SPOTS
2024,6/10/2024,Brewers Bay,A,LARA,2849,NF,276,5.55,3.6,Alive,Healthy,H,No,No,"AD,KR",NA,DISEASE-LEAF SPOTS
2024,6/10/2024,Brewers Bay,A,LARA,2848,"F, ID",268,5.55,3.6,Alive,Healthy,H,No,No,"AD,KR",NA,DISEASE-LEAF SPOTS
2024,6/26/2024,STEER Basin,C,AVGE,2848,NF,63,4.74,2.8,Alive,Healthy,H,No,No,"DG, KR",,
2024,6/10/2024,Brewers Bay,A,LARA,2847,"F, ID",257,5.63,3.4,Alive,Healthy,H,No,No,"AD,KR",NA,DISEASE-LEAF SPOTS
2024,6/10/2024,Brewers Bay,A,LARA,2846,"F, ID",258,5.63,5.1,Alive,Unhealthy,U,No,No,"AD,KR",NA,DISEASE-LEAF SPOTS
2024,6/10/2024,Brewers Bay,A,LARA,2845,"F, ID",260,4.47,4.6,Alive,Healthy,H,No,No,"AD,KR",NA,DISEASE-LEAF SPOTS
2024,6/10/2024,Brewers Bay,A,LARA,2844,"F, ID",271,4.61,4.1,Alive,Healthy,H,No,No,"AD,KR",NA,DISEASE-LEAF SPOTS
2024,6/26/2024,STEER Basin,C,AVGE,2844,NF,80,5.1,3.8,Alive,Healthy,H,No,No,"DG, KR",,
2024,6/10/2024,Brewers Bay,A,LARA,2843,NF,286,3.21,3.4,Alive,Unhealthy,U,No,No,"AD,KR",NA,DISEASE-LEAF SPOTS
2024,6/10/2024,Brewers Bay,A,LARA,2842,NF,280,3.23,3.4,Alive,Healthy,H,No,No,"AD,KR",NA,DISEASE-LEAF SPOTS
2024,6/10/2024,Brewers Bay,A,LARA,2841,NF,301,3.42,3.7,Alive,Unhealthy,U,No,No,"AD,KR",NA,DISEASE-LEAF SPOTS
2024,6/26/2024,STEER Basin,C,AVGE,2841,NF,220,4.85,3.2,Alive,Healthy,H,No,No,"DG, KR",,
2024,6/10/2024,Brewers Bay,A,LARA,2840,NF,315,2.65,3.2,Alive,Unhealthy,U,No,Yes,"AD,KR",NA,DISEASE-LEAF SPOTS
2024,6/10/2024,Brewers Bay,A,LARA,2839,NF,332,2.99,2.5,Alive,Unhealthy,U,No,No,"AD,KR",NA,DISEASE-LEAF SPOTS
2024,6/10/2024,Brewers Bay,A,LARA,2838,NF,349,4.1,2.5,Alive,Unhealthy,U,No,No,"AD,KR",NA,DISEASE-LEAF SPOTS
2024,6/10/2024,Brewers Bay,A,LARA,2837,"F, ID",349,4.1,2.6,Alive,Healthy,H,No,No,"AD,KR",NA,DISEASE-LEAF SPOTS
2024,6/10/2024,Brewers Bay,A,LARA,2836,NF,24,2.75,2.9,Alive,Unhealthy,U,No,No,"AD,KR",NA,DISEASE-LEAF SPOTS
2024,6/26/2024,STEER Basin,C,AVGE,2836,NF,170,4.54,2.5,Alive,Healthy,H,No,No,"DG, KR",,
2024,6/10/2024,Brewers Bay,A,LARA,2835,NF,45,3.74,3.6,Alive,Unhealthy,U,No,Yes,"AD,KR",NA,DISEASE-LEAF SPOTS
2024,6/10/2024,Brewers Bay,A,LARA,2834,NF,52,2.21,3.7,Alive,Unhealthy,U,No,No,"AD,KR",CONNECTED TO 227,DISEASE-LEAF SPOTS
2024,6/10/2024,Brewers Bay,A,LARA,2833,F,124,2.8,2.8,Alive,Healthy,H,No,No,"AD,KR,NK,HB",NA,DISEASE-LEAF SPOTS
2024,6/10/2024,Brewers Bay,A,LARA,2832,NF,120,3.57,3.7,Alive,Unhealthy,U,No,No,"AD,KR,NK,HB",NA,DISEASE-LEAF SPOTS
2024,6/10/2024,Brewers Bay,A,LARA,2831,F,136,4.67,4.2,Alive,Healthy,H,No,No,"AD,KR,NK,HB",NA,DISEASE-LEAF SPOTS
2024,6/10/2024,Brewers Bay,A,LARA,2830,NF,153,3.32,3.3,Alive,Unhealthy,U,No,No,"AD,KR,NK,HB",NA,DISEASE-LEAF SPOTS
2024,6/10/2024,Brewers Bay,A,LARA,2829,"F, ID",174,4.76,4.2,Alive,Healthy,H,No,No,"AD,KR,NK,HB",NA,DISEASE-LEAF SPOTS
2024,6/10/2024,Brewers Bay,A,LARA,2828,F,174,4.74,3.2,Alive,Healthy,H,No,No,"AD,KR,NK,HB",NA,DISEASE-LEAF SPOTS
2024,6/10/2024,Brewers Bay,A,LARA,2827,F,167,5.62,2.5,Alive,Healthy,H,No,No,"AD,KR,NK,HB",NA,DISEASE-LEAF SPOTS
2024,6/26/2024,STEER Basin,C,AVGE,2827,F,63,5.08,4.7,Alive,Healthy,H,No,No,"DG, KR",,
2024,6/10/2024,Brewers Bay,A,LARA,2826,"F, ID",181,5.15,5,Alive,Healthy,H,No,No,"AD,KR,NK,HB",NA,DISEASE-LEAF SPOTS
2024,6/10/2024,Brewers Bay,A,LARA,2825,"F, ID",195,5.55,3.7,Alive,Healthy,H,No,No,"AD,KR,NK,HB",CONNECTED TO 2595,DISEASE-LEAF SPOTS
2022,12/8/2021,Reef Bay,B,AVGE,1973,,,404,3.5,Dead,Dead,D,No,No,"AND, HF, JON JON, KH",,"still attached to living, AZI not measured"
2024,6/26/2024,STEER Basin,C,AVGE,2825,F,220,4.83,3.5,Alive,Healthy,H,No,No,"DG, KR",,
2024,6/10/2024,Brewers Bay,A,LARA,2824,"F, ID",199,4.88,5,Alive,Healthy,H,No,No,"AD,KR,NK,HB",NA,DISEASE-LEAF SPOTS
2024,6/10/2024,Brewers Bay,A,LARA,2823,NF,186,4.07,2.7,Alive,Healthy,H,No,No,"AD,KR,NK,HB",NA,DISEASE-LEAF SPOTS
2024,6/10/2024,Brewers Bay,A,LARA,2822,"F, ID",191,4.5,4.8,Alive,Healthy,H,No,No,"AD,KR,NK,HB",NA,DISEASE-LEAF SPOTS
2024,6/10/2024,Brewers Bay,A,LARA,2821,"F, ID",209,3.25,5.8,Alive,Healthy,H,No,No,"AD,KR,NK,HB",NA,DISEASE-LEAF SPOTS
2024,6/10/2024,Brewers Bay,A,LARA,2820,F,189,2.85,3.2,Alive,Healthy,H,No,No,"AD,KR,NK,HB",NA,DISEASE-LEAF SPOTS
2024,6/10/2024,Brewers Bay,A,LARA,2819,F,179,2.01,3.4,Alive,Healthy,H,No,No,"AD,KR,NK,HB",NA,DISEASE-LEAF SPOTS
2024,6/10/2024,Brewers Bay,A,LARA,2818,NF,182,0.5,2.9,Alive,Unhealthy,U,No,No,"AD,KR,NK,HB",NA,DISEASE-LEAF SPOTS
2024,6/10/2024,Brewers Bay,A,LARA,2817,F,167,0.97,2.8,Alive,Healthy,H,No,No,"AD,KR,NK,HB",NA,DISEASE-LEAF SPOTS
2022,12/8/2021,Reef Bay,C,AVGE,1586,,69,484,2.9,Dead,Dead,D,No,No,,,
2024,6/10/2024,Brewers Bay,A,LARA,2816,F,163,0.89,4.4,Alive,Healthy,H,No,No,"AD,KR,NK,HB",NA,DISEASE-LEAF SPOTS
2024,6/10/2024,Brewers Bay,A,LARA,2815,NF,185,4.35,5.8,Alive,Healthy,H,No,No,"AD,KR,NK,HB",NA,DISEASE-LEAF SPOTS
2024,6/10/2024,Brewers Bay,A,LARA,2814,NF,191,3.39,2.7,Alive,Healthy,H,No,No,"AD,KR,NK,HB",NA,DISEASE-LEAF SPOTS
2024,6/10/2024,Brewers Bay,A,LARA,2813,NF,179,3.37,3.5,Alive,Healthy,H,No,No,"AD,KR,NK,HB",NA,DISEASE-LEAF SPOTS
2024,6/10/2024,Brewers Bay,A,LARA,2812,"F, ID",176,3.3,6,Alive,Healthy,H,No,No,"AD,KR,NK,HB",NA,DISEASE-LEAF SPOTS
2024,6/10/2024,Brewers Bay,A,LARA,2811,NF,174,2.29,4.6,Alive,Unhealthy,U,No,No,"AD,KR,NK,HB",NA,DISEASE-LEAF SPOTS
2024,6/10/2024,Brewers Bay,A,LARA,2810,"F, ID",171,2.16,6.2,Alive,Healthy,H,No,No,"AD,KR,NK,HB",NA,DISEASE-LEAF SPOTS
2024,6/26/2024,STEER Basin,C,AVGE,2810,NF,25,5.07,2.5,Alive,Healthy,H,No,No,"DG, KR",,
2024,6/10/2024,Brewers Bay,A,LARA,2809,NF,167,1.64,3.5,Alive,Healthy,H,No,No,"AD,KR,NK,HB",NA,DISEASE-LEAF SPOTS
2024,6/26/2024,STEER Basin,C,AVGE,2809,NF,80,4.64,2.8,Alive,Unhealthy,U,No,No,"DG, KR",,
2024,6/10/2024,Brewers Bay,A,LARA,2808,NF,160,1.5,3.2,Alive,Healthy,H,No,No,"AD,KR,NK,HB",NA,DISEASE-LEAF SPOTS
2024,6/26/2024,STEER Basin,C,RHMA ,2808,"F, ID",150,2.8,3.27,Alive,Healthy,H,No,No,"DG, KR",,
2024,6/10/2024,Brewers Bay,A,LARA,2807,"F, ID",161,3.21,5.9,Alive,Healthy,H,No,No,"AD,KR,NK,HB",NA,DISEASE-LEAF SPOTS
2024,6/10/2024,Brewers Bay,A,LARA,2806,NF,150,2.98,2.8,Alive,Healthy,H,No,No,"AD,KR,NK,HB",CONNECTED TO 2805,CONNECTED TO 2805
2024,6/10/2024,Brewers Bay,A,LARA,2805,NF,145,3.72,6.3,Alive,Unhealthy,U,No,No,"AD,KR,NK,HB",NA,DISEASE-LEAF SPOTS
2024,6/10/2024,Brewers Bay,A,LARA,2804,NF,145,3.21,5.2,Alive,Unhealthy,U,No,No,"AD,KR,NK,HB",NA,DISEASE-LEAF SPOTS
2024,6/10/2024,Mandahl Bay,C,LARA,2802,NF,253,3.41,4.5,Alive,Healthy,H,No,No,"SM, DG, SH",No,
2024,6/10/2024,Mandahl Bay,C,LARA,2801,NF,240,2.84,8,Alive,Healthy,H,No,Yes,"SM, DG, SH",No,
2024,6/10/2024,Mandahl Bay,C,LARA,2800,NF,112,3.06,4.4,Alive,Unhealthy,U,No,No,"AD, JC",2901,disease - leaf spots
2024,6/10/2024,Mandahl Bay,C,LARA,2798,NF,103,3.75,3.5,Alive,Healthy,H,No,Yes,"AD, JC",No,
2024,6/10/2024,Mandahl Bay,C,LARA,2797,NF,101,3.78,3.2,Alive,Healthy,H,No,Yes,"AD, JC",No,
2024,6/10/2024,Mandahl Bay,C,THPO,2796,MP,119,2.24,5.7,Alive,Healthy,H,No,No,"AD, JC",2795,fruit
2024,6/10/2024,Mandahl Bay,C,THPO,2795,MP,121,2.35,3.8,Alive,Healthy,H,No,No,"AD, JC",2796,fruit
2024,6/10/2024,Mandahl Bay,C,LARA,2794,NF,81,4.75,6.1,Alive,Unhealthy,U,No,No,"AD, JC",No,"disease - leaf spots, insect bites"
2024,6/10/2024,Mandahl Bay,C,THPO,2793,MP,103,2.37,4.9,Alive,Healthy,H,No,No,"AD, JC",No,fruit
2024,6/10/2024,Mandahl Bay,C,LARA,2792,NF,92,3.31,7.6,Alive,Healthy,H,No,Yes,"AD, JC",No,
2024,6/10/2024,Mandahl Bay,C,LARA,2791,NF,94,5.48,10,Alive,Healthy,H,No,No,"AD, JC",No,disease - leaf spots
2024,6/10/2024,Mandahl Bay,C,LARA,2790,NF,96,5.27,6.6,Alive,Healthy,H,No,No,"AD, JC",No,disease - leaf spots
2024,6/10/2024,Mandahl Bay,C,LARA,2789,NF,85,4.94,7.5,Alive,Healthy,H,No,Yes,"AD, JC",No,"disease - leaf spots, insect bites"
2024,6/10/2024,Mandahl Bay,C,THPO,2788,MP,105,2.92,7.3,Alive,Healthy,H,No,No,"AD, JC",2903,fruit
2024,6/10/2024,Mandahl Bay,C,LARA,2787,F,83,5.4,5.8,Alive,Healthy,H,No,No,"AD, JC",No,disease - leaf spots
2024,6/10/2024,Mandahl Bay,C,LARA,2786,F,80,5.32,11.2,Alive,Healthy,H,No,No,"AD, JC",No,disease - leaf spots
2024,6/10/2024,Mandahl Bay,C,LARA,2785,NF,70,5.4,6.5,Alive,Healthy,H,No,No,"AD, JC",No,"disease - leaf spots, insect bites"
2024,6/10/2024,Mandahl Bay,C,LARA,2784,NF,72,5.23,11.2,Alive,Healthy,H,No,Yes,"AD, JC","2782, 2783",disease - leaf spots
2024,6/10/2024,Mandahl Bay,C,LARA,2783,F,75,5.09,8.3,Alive,Healthy,H,No,No,"AD, JC","2782, 2784",disease - leaf spots
2024,6/10/2024,Mandahl Bay,C,LARA,2782,NF,68,4.67,12.1,Alive,Healthy,H,No,No,"AD, JC","2783, 2784",disease - leaf spots
2024,6/10/2024,Mandahl Bay,C,LARA,2781,F,81,3.84,6.4,Alive,Healthy,H,No,No,"AD, JC",No,disease - leaf spots
2024,6/10/2024,Mandahl Bay,C,LARA,2780,NF,42,5.15,7.9,Alive,Healthy,H,No,Yes,"AD, JC",No,disease - leaf spots
2024,6/10/2024,Mandahl Bay,C,LARA,2779,NF,62,4.27,3.6,Alive,Healthy,H,No,No,"AD, JC",2776,disease - leaf spots
2024,6/10/2024,Mandahl Bay,C,LARA,2778,NF,65,4.77,3.4,Alive,Healthy,H,No,No,"AD, JC",No,disease - leaf spots
2024,6/10/2024,Mandahl Bay,C,LARA,2777,NF,55,3.74,6.9,Alive,Healthy,H,No,Yes,"AD, JC",No,disease spots - leaf spots
2024,6/10/2024,Mandahl Bay,C,LARA,2776,NF,70,4.04,6.2,Alive,Healthy,H,No,No,"AD, JC",2779,disease - leaf spots
2024,6/10/2024,Mandahl Bay,C,LARA,2775,NF,80,2.83,3.5,Alive,Healthy,H,No,Yes,"AD, JC",No,disease - leaf spots
2024,6/10/2024,Mandahl Bay,C,LARA,2773,NF,55,3.33,3,Alive,Healthy,H,No,Yes,"SM, DG, SH",No,
2024,6/10/2024,Mandahl Bay,C,LARA,2772,NF,37,3.55,8,Alive,Healthy,H,No,Yes,"SM, DG, SH","2770, 2771",
2024,6/10/2024,Mandahl Bay,C,LARA,2771,NF,43,3.15,5.6,Alive,Healthy,H,No,No,"SM, DG, SH","2770, 2772",
2024,6/10/2024,Mandahl Bay,C,LARA,2770,NF,35,3.05,7.9,Alive,Healthy,H,No,Yes,"SM, DG, SH","2771, 2772",
2024,6/7/2024,Mandahl Bay,A,LARA,2769,NF,117,3.41,2.5,Alive,Healthy,H,No,No,"SH, AD",,disease - leaf spots
2024,6/7/2024,Mandahl Bay,A,LARA,2768,NF,112,3.53,3.5,Alive,Healthy,H,No,No,"SH, AD",,disease - leaf spots
2024,6/7/2024,Mandahl Bay,A,LARA,2767,NF,96,3.76,3.5,Alive,Healthy,H,No,No,"SH, AD",,disease - leaf spots
2024,6/7/2024,Mandahl Bay,A,LARA,2766,NF,215,1.29,5.5,Alive,Healthy,H,No,No,"SH, AD",,disease - leaf spots
2024,6/7/2024,Mandahl Bay,A,LARA,2765,NF,7,5.4,7,Alive,Healthy,H,No,Yes,"SH, AD",,disease - leaf spots
2024,6/7/2024,Mandahl Bay,A,LARA,2764,NF,317,5.34,10.1,Alive,Healthy,H,No,No,"SH, AD",2763,disease - leaf spots
2024,6/7/2024,Mandahl Bay,A,LARA,2763,NF,313,5.12,6.5,Alive,Healthy,H,No,No,"SH, AD",2764,disease - leaf spots
2024,6/7/2024,Mandahl Bay,A,LARA,2762,NF,298,4.67,3.2,Alive,Healthy,H,No,No,"SH, AD",,disease - leaf spots
2024,6/7/2024,Mandahl Bay,A,LARA,2761,NF,289,5.56,3,Alive,Healthy,H,No,No,"SH, AD",,disease - leaf spots
2024,6/7/2024,Mandahl Bay,A,LARA,2760,NF,305,4.91,8,Alive,Healthy,H,No,No,"SH, AD","2755, 2756, 2757, 2758, 2759",disease - leaf spots
2024,6/7/2024,Mandahl Bay,A,LARA,2759,NF,307,4.99,3.1,Alive,Healthy,H,No,No,"SH, AD","2755, 2756, 2757, 2758, 2760",disease - leaf spots
2024,6/7/2024,Mandahl Bay,A,LARA,2758,NF,306,4.73,5.5,Alive,Healthy,H,No,No,"SH, AD","2755, 2756, 2757, 2759, 2760",disease - leaf spots
2024,6/7/2024,Mandahl Bay,A,LARA,2757,NF,296,4.4,3.1,Alive,Healthy,H,No,No,"SH, AD","2755, 2756, 2758, 2759, 2760",disease - leaf spots
2024,6/7/2024,Mandahl Bay,A,LARA,2756,NF,296,4.63,5.4,Alive,Healthy,H,No,No,"SH, AD","2755, 2757, 2758, 2759, 2760",disease - leaf spots
2024,6/7/2024,Mandahl Bay,A,LARA,2755,NF,287,4.91,3,Alive,Healthy,H,No,No,"SH, AD","2756, 2757, 2758, 2759, 2760","disease - leaf spots, herbivory (insect bites)"
2024,6/7/2024,Mandahl Bay,A,LARA,2754,NF,276,5.18,4.8,Alive,Healthy,H,No,No,"SH, AD",,disease - leaf spots
2024,6/7/2024,Mandahl Bay,A,LARA,2753,NF,262,5.45,2.9,Alive,Healthy,H,No,No,"SH, AD",,disease - leaf spots
2024,6/7/2024,Mandahl Bay,A,LARA,2752,NF,259,4.69,4.1,Alive,Healthy,H,No,No,"SH, AD",,"disease - leaf spots, herbivory (insect bites)"
2024,6/7/2024,Mandahl Bay,A,LARA,2751,NF,262,5.15,3.5,Alive,Healthy,H,No,No,"SH, AD",,disease - leaf spots
2024,6/7/2024,Mandahl Bay,A,LARA,2750,NF,263,4.18,3.2,Alive,Healthy,H,No,No,"SH, AD",,
2024,6/7/2024,Mandahl Bay,A,LARA,2749,F,264,1.48,4.1,Alive,Healthy,H,No,No,"SH, AD",,disease - leaf spots
2024,6/7/2024,Mandahl Bay,A,LARA,2748,F,229,3.48,5.1,Alive,Healthy,H,No,No,"SH, AD",,disease - leaf spots
2024,6/7/2024,Mandahl Bay,A,LARA,2747,NF,212,3.75,3.3,Alive,Healthy,H,No,No,"SH, AD",,"disease - leaf spots, herbivory (insect bites)"
2024,6/7/2024,Mandahl Bay,A,LARA,2746,NF,195,3.21,2.8,Alive,Healthy,H,No,No,"SH, AD",,"disease - leaf spots, herbivory (insect bites)"
2024,6/7/2024,Mandahl Bay,A,LARA,2745,"F, IP",190,2.11,5,Alive,Healthy,H,No,No,"SH, AD","2742, 2743, 2744",disease - leaf spots
2024,6/7/2024,Mandahl Bay,A,LARA,2744,NF,211,2.2,3.2,Alive,Healthy,H,No,No,"SH, AD","2742, 2743, 2745",
2024,6/7/2024,Mandahl Bay,A,LARA,2743,F,226,2.08,4,Alive,Healthy,H,No,No,"SH, AD","2742, 2744, 2745",
2024,6/7/2024,Mandahl Bay,A,LARA,2742,F,232,2.32,9.9,Alive,Healthy,H,No,No,"SH, AD","2743, 2744, 2745",disease - leaf spots
2024,6/7/2024,Mandahl Bay,A,LARA,2741,"F, IP",239,2.13,5.4,Alive,Healthy,H,No,No,"SH, AD",,disease - leaf spots
2024,6/7/2024,Mandahl Bay,A,LARA,2740,NF,245,3.7,2.6,Alive,Healthy,H,No,No,"SH, AD",2739,disease - leaf spots
2024,6/7/2024,Mandahl Bay,A,LARA,2739,NF,245,3.7,6.7,Alive,Healthy,H,No,No,"SH, AD",2740,disease - leaf spots
2024,6/7/2024,Mandahl Bay,A,LARA,2738,NF,239,4.27,3.4,Alive,Healthy,H,No,No,"SH, AD",,disease - leaf spots
2024,6/7/2024,Mandahl Bay,A,LARA,2737,NF,228,3.85,2.5,Alive,Healthy,H,No,No,"SH, AD",,disease - leaf spots
2024,6/7/2024,Mandahl Bay,A,LARA,2736,F,227,4.87,4.3,Alive,Healthy,H,No,No,"SH, AD",,disease - leaf spots
2024,6/7/2024,Mandahl Bay,A,LARA,2735,F,221,5.06,3.2,Alive,Healthy,H,No,No,"SH, AD",,disease - leaf spots
2024,6/7/2024,Mandahl Bay,A,LARA,2733,"F, IP",213,4.13,3.5,Alive,Healthy,H,No,No,"SH, AD",,disease - leaf spots
2022,11/18/2021,Salt River,A,LARA,,NF,359,117,5.6,Dead,Unhealthy,U,No,Yes,"Hilary, HAS, AJH, KWG",,
2022,11/18/2021,Salt River,B,RHMA ,,NF,359,138,3.1,Dead,Unhealthy,U,No,Yes,"Hilary, HAS, AJH, KWG",,
2024,6/7/2024,Mandahl Bay,A,THPO,2732,NF,197,5.43,2.7,Alive,Healthy,H,No,No,"SH, AD",,
2022,11/18/2021,Salt River,B,LARA,,NF,359,147,6.8,Dead,Dead,D,No,Yes,"Hilary, HAS, AJH, KWG",,
2024,6/7/2024,Mandahl Bay,A,LARA,2731,F,185,3.5,2.5,Alive,Healthy,H,No,No,"SH, AD",,disease - leaf spots
2022,11/18/2021,Salt River,B,RHMA ,,NF,5,454,4.3,Dead,Dead,D,No,Yes,"Hilary, HAS, AJH, KWG",,Holes in bark
2024,6/7/2024,Mandahl Bay,A,LARA,2730,F,176,2.64,3,Alive,Healthy,H,No,No,"SH, AD",,disease - leaf spots
2024,6/7/2024,Mandahl Bay,A,LARA,2729,"F, IP",168,2.27,4.2,Alive,Healthy,H,No,No,"SH, AD","2725, 2726, 2727, 132, 2728",disease - leaf spots
2024,6/7/2024,Mandahl Bay,A,LARA,2728,NF,201,0.3,3,Alive,Unhealthy,U,No,Yes,"SH, AD","2725, 2726, 2727, 132, 2729",disease - leaf spots
2022,11/18/2021,Salt River,B,RHMA ,,NF,2,266,9.8,Dead,Dead,D,No,Yes,"Hilary, HAS, AJH, KWG",,
2024,6/7/2024,Mandahl Bay,A,LARA,2727,NF,217,0.24,3.7,Alive,Unhealthy,U,No,No,"SH, AD","2725, 2726, 2728, 132, 2729",disease - leaf spots
2024,6/7/2024,Mandahl Bay,A,LARA,2726,NF,225,0.66,3.7,Alive,Healthy,H,No,No,"SH, AD","2725, 2727, 2728, 132, 2729",disease - leaf spots
2024,6/7/2024,Mandahl Bay,A,LARA,2725,F,184,1.95,4.6,Alive,Healthy,H,No,No,"SH, AD","2726, 2727, 2728, 132, 2729, 2512",disease - leaf spots
2024,6/7/2024,Mandahl Bay,A,RHMA ,2724,NF,154,3.79,5.2,Alive,Healthy,H,No,No,"SH, AD",,
2024,6/7/2024,Mandahl Bay,A,LARA,2723,"F, IP",192,4.94,4.3,Alive,Healthy,H,No,No,"SH, AD",,disease - leaf spots
2024,6/7/2024,Mandahl Bay,A,LARA,2722,NF,114,3.09,3.5,Alive,Healthy,H,No,No,"SH, AD",,disease - leaf spots
2024,6/7/2024,Mandahl Bay,A,LARA,2720,NF,83,4.43,12.5,Alive,Unhealthy,U,No,Yes,"JC, SH, KR",2719,
2024,6/7/2024,Mandahl Bay,A,LARA,2719,NF,71,4.46,8.3,Alive,Healthy,H,No,Yes,"JC, SH, KR",2720,herbivory
2024,6/7/2024,Mandahl Bay,A,LARA,2717,NF,43,2.79,2.7,Alive,Healthy,H,No,No,"JC, SH, KR",No,"predation, disease - leaf spots"
2024,6/7/2024,Mandahl Bay,A,LARA,2716,NF,73,1.8,3.3,Alive,Healthy,H,No,No,"JC, SH, KR",No,disease - leaf spots
2022,11/18/2021,Salt River,B,RHMA ,,NF,359,355,4.4,Dead,Dead,D,No,Yes,"Hilary, HAS, AJH, KWG",,
2022,11/18/2021,Salt River,B,RHMA ,,NF,2,537,4.3,Dead,Dead,D,No,Yes,"Hilary, HAS, AJH, KWG",,
2024,6/7/2024,Mandahl Bay,A,LARA,2715,NF,56,1.86,2.9,Alive,Healthy,H,No,No,"JC, SH, KR",2714,herbivory
2024,6/7/2024,Mandahl Bay,A,LARA,2714,NF,57,2.23,4.3,Alive,Healthy,H,No,No,"JC, SH, KR",2715,herbivory
2024,6/7/2024,Mandahl Bay,A,LARA,2712,NF,18,3.89,8.7,Alive,Healthy,H,No,Yes,"JC, SH, KR",No,
2024,6/7/2024,Mandahl Bay,A,LARA,2711,NF,21,3.18,4.1,Alive,Healthy,H,No,No,"JC, SH, KR","2705, 2710, 2709, 2701, 2707",disease - leaf spots
2024,6/7/2024,Mandahl Bay,A,LARA,2710,NF,21,3.62,2.6,Alive,Healthy,H,No,No,"JC, SH, KR","2705, 2711, 2709, 2707, 2701",herbivory
2024,6/7/2024,Mandahl Bay,A,LARA,2708,NF,27,3.54,3,Alive,Healthy,H,No,No,"JC, SH, KR",No,
2024,6/7/2024,Mandahl Bay,A,LARA,2707,NF,22,3.94,5,Alive,Healthy,H,No,No,"JC, SH, KR","2705, 2711, 2710, 2709, 2701",
2024,6/7/2024,Mandahl Bay,A,LARA,2706,NF,76,5.5,11.6,Alive,Healthy,H,No,Yes,"JC, SH, KR",No,
2024,6/7/2024,Mandahl Bay,A,LARA,2705,NF,12,2.67,4,Alive,Healthy,H,No,No,"JC, SH, KR","2701, 2711, 2710, 2709, 2707",
2024,6/7/2024,Mandahl Bay,A,LARA,2705,NF,25,2.78,4,Alive,Healthy,H,No,No,"JC, SH, KR","2701, 2711, 2710, 2709, 2707",disease - leaf spots
2022,11/18/2021,Salt River,B,RHMA ,,NF,344,120,3.5,Dead,Dead,D,No,Yes,"Hilary, HAS, AJH, KWG",,
2024,6/7/2024,Mandahl Bay,A,LARA,2704,NF,4,4.91,7.2,Alive,Healthy,H,No,Yes,"JC, SH, KR",No,herbivory
2024,6/7/2024,Mandahl Bay,A,LARA,2703,NF,6,1.38,4.2,Alive,Healthy,H,No,No,"JC, SH, KR",No,disease - leaf spots
2024,6/7/2024,Mandahl Bay,A,LARA,2701,NF,24,3.8,4.7,Alive,Healthy,H,No,Yes,"JC, SH, KR","2705, 2711, 2710, 2709, 2707",
2024,6/5/2024,Brewers Bay,A,LARA,2699,F,3.78,48,3.6,Alive,Healthy,H,No,No,"AD,DG,HM",NA,
2024,8/9/2024,Mary Creek,B,LARA,2699,"IP, MP",150,2.16,2.9,Alive,Healthy,H,No,No,"SM,AD,KR,JH",1686,connected 1686
2024,6/5/2024,Brewers Bay,A,LARA,2698,,4.47,49,3.3,Alive,Healthy,H,No,No,"AD,DG,HM",NA,
2024,6/5/2024,Brewers Bay,A,THPO,2697,,,,3.4,Alive,Unhealthy,U,No,No,"AD,DG,HM",NA,
2022,11/18/2021,Salt River,B,RHMA ,,NF,174,309,5.5,Dead,Dead,D,No,Yes,"Hilary, HAS, AJH, KWG",,
2024,6/7/2024,Mandahl Bay,B,LARA,2695,NF,175,3.16,6.9,Alive,Healthy,H,No,Yes,"LU, AD, DG",No,
2024,6/7/2024,Mandahl Bay,B,LARA,2694,NF,168,3.37,6.4,Alive,Unhealthy,U,No,Yes,"LU, AD, DG",No,disease - leaf spots
2024,6/7/2024,Mandahl Bay,B,LARA,2693,NF,176,2.98,10.1,Alive,Unhealthy,U,No,Yes,"LU, AD, DG",No,disease - leaf spots
2024,6/7/2024,Mandahl Bay,B,LARA,2692,NF,162,3.61,10.2,Alive,Unhealthy,U,No,Yes,"LU, AD, DG",2690,disease - leaf spots
2022,11/18/2021,Salt River,B,LARA,,NF,16,473,3.9,Dead,Dead,D,No,No,"Hilary, HAS, AJH, KWG",,
2024,6/7/2024,Mandahl Bay,B,LARA,2691,F,168,4.61,13,Alive,Healthy,H,No,Yes,"LU, AD, DG",No,disease - leaf spots
2024,6/7/2024,Mandahl Bay,B,LARA,2690,NF,172,4.44,5,Alive,Healthy,H,No,Yes,"KR, DG",2692,disease - leaf spots
2022,11/18/2021,Salt River,B,RHMA ,,NF,97,230,2.5,Dead,Dead,D,No,No,"Hilary, HAS, AJH",,
2024,6/7/2024,Mandahl Bay,B,LARA,2689,NF,176,4.33,8.6,Alive,Unhealthy,U,No,Yes,"LU, AD, DG","2685, 2686, 2687, 2688",disease - leaf spots
2024,6/7/2024,Mandahl Bay,B,LARA,2687,NF,180,4.79,5.2,Alive,Unhealthy,U,No,Yes,"LU, AD, DG","2685, 2686, 2689, 2688",disease - leaf spots
2024,6/7/2024,Mandahl Bay,B,LARA,2685,NF,170,4.55,4.1,Alive,Unhealthy,U,No,Yes,"KR, DG",2686,disease - leaf spots
2024,6/7/2024,Mandahl Bay,B,LARA,2685,NF,156,4.64,4,Alive,Healthy,H,No,No,"LU, AD, DG","2686, 2689, 2687, 2688",disease - leaf spots
2024,6/7/2024,Mandahl Bay,B,LARA,2684,NF,161,5.17,16.4,Alive,Unhealthy,U,No,Yes,"LU, AD, DG","2580, 2581, 2582, 2683",disease - leaf spots
2024,6/7/2024,Mandahl Bay,B,LARA,2683,F,190,3.45,8.5,Alive,Healthy,H,No,Yes,"LU, AD, DG","2580, 2581, 2582, 2684",disease - leaf spots
2024,6/7/2024,Mandahl Bay,B,LARA,2682,NF,145,5.25,6.8,Alive,Healthy,H,No,Yes,"LU, AD, DG",2680,disease - leaf spots
2024,6/7/2024,Mandahl Bay,B,LARA,2681,NF,152,4.88,7.9,Alive,Unhealthy,U,No,Yes,"KR, DG",No,disease - leaf spots
2024,6/26/2024,STEER Basin,C,AVGE,2681,F,,,5.1,Alive,Healthy,H,No,No,"DG, KR",,
2024,6/7/2024,Mandahl Bay,B,LARA,2680,NF,185,5.24,3.8,Alive,Unhealthy,U,No,Yes,"KR, DG",2682,
2024,6/7/2024,Mandahl Bay,B,LARA,2679,NF,122,2.3,6.3,Alive,Unhealthy,U,No,Yes,"KR, DG",2678,disease - leaf spots
2024,6/7/2024,Mandahl Bay,B,LARA,2678,NF,122,2.3,3.7,Alive,Unhealthy,U,No,Yes,"KR, DG",2679,disease - leaf spots
2024,6/7/2024,Mandahl Bay,B,LARA,2677,NF,125,3.03,12.3,Alive,Unhealthy,U,No,Yes,"KR, DG","2675, 2676",disease - leaf spots
2024,6/7/2024,Mandahl Bay,B,LARA,2676,NF,127,3.03,2.8,Alive,Unhealthy,U,No,Yes,"KR, DG","2677, 2675",disease - leaf spots
2022,11/18/2021,Salt River,B,LARA,,NF,126,371,2.6,Dead,Dead,D,No,No,"Hilary, HAS, AJH",,
2024,6/7/2024,Mandahl Bay,B,LARA,2675,NF,142,3.34,3.2,Alive,Unhealthy,U,No,Yes,"KR, DG","2677, 2676",disease - leaf spots
2022,11/18/2021,Salt River,B,RHMA ,,NF,142,315,4.7,Dead,Dead,D,No,Yes,"Hilary, HAS, AJH",,
2024,6/7/2024,Mandahl Bay,B,LARA,2674,NF,145,3.55,6.5,Alive,Unhealthy,U,No,Yes,"KR, DG",No,disease - leaf spots
2022,11/18/2021,Salt River,B,LARA,,NF,161,536,4.3,Dead,Dead,D,No,No,"Hilary, HAS, AJH",,
2024,6/7/2024,Mandahl Bay,B,LARA,2672,NF,134,4.37,11.5,Alive,Unhealthy,U,No,Yes,"KR, DG",2670,disease - leaf spots
2022,11/18/2021,Salt River,B,RHMA ,,NF,177,554,6,Dead,Dead,D,No,No,"Hilary, HAS, AJH",,
2024,6/7/2024,Mandahl Bay,B,LARA,2671,NF,135,4.22,5.3,Alive,Unhealthy,U,No,Yes,"KR, DG",No,disease - leaf spots
2024,6/7/2024,Mandahl Bay,B,LARA,2670,NF,136,4.53,3.2,Alive,Unhealthy,U,No,No,"KR, DG",2672,disease - leaf spots
2022,11/18/2021,Salt River,B,RHMA ,,NF,173,360,3.5,Dead,Dead,D,No,Yes,"Hilary, HAS, AJH",,
2022,11/18/2021,Salt River,B,RHMA ,,NF,154,370,2.8,Dead,Dead,D,No,Yes,"Hilary, HAS, AJH",,
2024,6/7/2024,Mandahl Bay,B,LARA,2669,NF,115,3.34,10.7,Alive,Unhealthy,U,No,Yes,"KR, DG",No,"disease - leaf spots, big termite nest"
2022,11/18/2021,Salt River,B,RHMA ,,NF,152,287,2.6,Dead,Dead,D,No,No,"Hilary, HAS, AJH",,
2022,11/18/2021,Salt River,B,LARA,,NF,227,129,4.2,Dead,Dead,D,No,Yes,"Hilary, HAS, AJH",,
2022,11/18/2021,Salt River,B,LARA,,NF,198,160,4.6,Dead,Dead,D,No,No,"Hilary, HAS, AJH",,
2022,11/18/2021,Salt River,B,LARA,,NF,229,130,3.2,Dead,Dead,D,No,No,"Hilary, HAS, AJH",,
2022,11/18/2021,Salt River,B,LARA,,NF,251,97,4,Dead,Dead,D,No,No,"Hilary, HAS, AJH",,
2024,6/7/2024,Mandahl Bay,B,LARA,2668,NF,119,4.04,2.6,Alive,Healthy,H,No,No,"KR, DG",2665,disease - leaf spots
2024,6/7/2024,Mandahl Bay,B,LARA,2667,NF,102,3.72,3.3,Alive,Unhealthy,U,No,No,"KR, DG",2634,disease - leaf spots
2022,11/18/2021,Salt River,C,LARA,,NF,81,300,9.9,Dead,Dead,D,No,Yes,"Hilary, HAS, AJH, KWG",,
2022,11/18/2021,Salt River,C,LARA,,NF,54,363,2.9,Dead,Dead,D,No,Yes,"Hilary, HAS, AJH, KWG",,
2022,11/18/2021,Salt River,C,LARA,,NF,54,387,11.5,Dead,Dead,D,No,Yes,"Hilary, HAS, AJH, KWG",,
2022,11/18/2021,Salt River,C,LARA,,NF,38,261,3.1,Dead,Dead,D,No,Yes,"Hilary, HAS, AJH, KWG",,
2022,11/18/2021,Salt River,C,LARA,,NF,31,242,7.4,Dead,Dead,D,No,Yes,"Hilary, HAS, AJH, KWG",,
2022,11/18/2021,Salt River,C,LARA,,NF,17,268,6.3,Dead,Dead,D,No,Yes,"Hilary, HAS, AJH, KWG",,
2024,6/7/2024,Mandahl Bay,B,LARA,2666,NF,106,4.48,3.3,Alive,Unhealthy,U,No,No,"KR, DG",No,disease - leaf spots
2024,6/7/2024,Mandahl Bay,B,LARA,2665,NF,105,5.15,3.8,Alive,Unhealthy,U,No,No,"KR, DG",2668,disease - leaf spots
2024,6/7/2024,Mandahl Bay,B,LARA,2664,NF,116,5.13,6.4,Alive,Healthy,H,No,No,"KR, DG",No,
2024,6/7/2024,Mandahl Bay,B,LARA,2663,NF,130,5.56,3,Alive,Healthy,H,No,No,"KR, DG",No,disease - leaf spots
2024,6/7/2024,Mandahl Bay,B,LARA,2662,NF,129,5.4,4.5,Alive,Unhealthy,U,No,Yes,"KR, DG",No,
2024,6/10/2024,Brewers Bay,A,LARA,2661,"F, ID",138,1.74,5.2,Alive,Healthy,H,No,No,"AD,KR,NK,HB",NA,DISEASE-LEAF SPOTS
2024,6/7/2024,Mandahl Bay,A,LARA,2659,NF,346,4.11,10.6,Alive,Healthy,H,No,No,"JC, SH, KR",2642,
2024,6/7/2024,Mandahl Bay,A,LARA,2658,NF,4,5.07,9.8,Alive,Healthy,H,No,Yes,"JC, SH, KR",No,herbivory
2024,6/7/2024,Mandahl Bay,A,LARA,2656,NF,21,5.13,9,Alive,Unhealthy,U,No,Yes,"JC, SH, KR",No,
2024,6/7/2024,Mandahl Bay,A,LARA,2655,NF,34,5.25,2.7,Alive,Healthy,H,No,No,"SH, AD",,disease - leaf spots
2024,6/7/2024,Mandahl Bay,A,LARA,2654,NF,30,4.84,4.5,Alive,Healthy,H,No,No,"JC, SH, KR",No,
2024,6/7/2024,Mandahl Bay,A,LARA,2653,NF,18,5.36,12.3,Alive,Healthy,H,No,Yes,"JC, SH, KR",No,
2024,6/7/2024,Mandahl Bay,A,LARA,2650,NF,35,4.51,2.6,Alive,Healthy,H,No,No,"JC, SH, KR",No,disease - leaf spots
2024,6/7/2024,Mandahl Bay,A,LARA,2649,NF,10,2.31,2.7,Alive,Healthy,H,No,No,"JC, SH, KR",No,herbivory
2024,6/7/2024,Mandahl Bay,A,LARA,2648,NF,0,2.48,5.4,Alive,Healthy,H,No,No,"JC, SH, KR",No,
2022,11/18/2021,Salt River,C,RHMA ,,NF,140,50,11.5,Dead,Dead,D,No,No,"Hilary, HAS, AJH",,
2024,6/7/2024,Mandahl Bay,A,LARA,2646,F,340,1.89,4.4,Alive,Healthy,H,No,Yes,"JC, SH, KR","2644, 2645",
2024,6/7/2024,Mandahl Bay,A,LARA,2645,F,347,2,9.6,Alive,Healthy,H,No,Yes,"JC, SH, KR","2644, 2646",
2024,6/7/2024,Mandahl Bay,A,LARA,2644,F,343,2.34,4.5,Alive,Healthy,H,No,Yes,"JC, SH, KR","2646, 2645",
2024,6/7/2024,Mandahl Bay,A,LARA,2643,NF,345,3.22,6.5,Alive,Healthy,H,No,No,"JC, SH, KR",2635,
2024,6/7/2024,Mandahl Bay,A,LARA,2642,NF,1.5,4.07,7.6,Alive,Healthy,H,No,Yes,"JC, SH, KR",2659,
2022,11/18/2021,Salt River,C,LARA,,NF,95,114,3.1,Dead,Dead,D,No,No,"Hilary, HAS, AJH",,
2024,6/7/2024,Mandahl Bay,A,LARA,2640,NF,351,4.94,9.2,Alive,Healthy,H,No,No,"JC, SH, KR",2639,herbivory
2024,6/7/2024,Mandahl Bay,A,LARA,2639,NF,351,4.89,8,Alive,Healthy,H,No,No,"JC, SH, KR",2640,herbivory
2024,6/7/2024,Mandahl Bay,A,LARA,2638,NF,345,4.99,9,Alive,Healthy,H,No,No,"JC, SH, KR",No,predation
2024,6/7/2024,Mandahl Bay,A,LARA,2637,NF,335,4.34,6.1,Alive,Healthy,H,No,Yes,"JC, SH, KR",2636,
2024,6/7/2024,Mandahl Bay,A,LARA,2636,NF,336,4.34,12.2,Alive,Unhealthy,U,No,Yes,"JC, SH, KR",2637,disease - leaf spots
2024,6/7/2024,Mandahl Bay,A,LARA,2635,NF,335,3.64,4.8,Alive,Healthy,H,No,No,"JC, SH, KR",2643,disease - leaf spots
2024,6/7/2024,Mandahl Bay,A,LARA,2634,NF,315,3.96,9.4,Alive,Healthy,H,No,No,"JC, SH, KR",2633,disease - leaf spots
2024,6/7/2024,Mandahl Bay,A,LARA,2633,NF,310,4.43,10.3,Alive,Healthy,H,No,No,"JC, SH, KR",2634,
2024,6/7/2024,Mandahl Bay,A,LARA,2632,NF,310,4.52,6.7,Alive,Healthy,H,No,No,"JC, SH, KR",No,
2024,6/7/2024,Mandahl Bay,A,LARA,2631,NF,310,4.51,9.3,Alive,Healthy,H,No,No,"JC, SH, KR",No,
2024,6/7/2024,Mandahl Bay,A,LARA,2630,NF,300,3.97,2.6,Alive,Healthy,H,No,No,"JC, SH, KR",No,"predation, disease - leaf spots"
2024,6/7/2024,Mandahl Bay,A,LARA,2629,NF,285,3.32,3.5,Alive,Unhealthy,U,No,Yes,"JC, SH, KR",No,disease - leaf spots
2024,6/7/2024,Mandahl Bay,A,LARA,2628,NF,270,3.38,8.6,Alive,Healthy,H,No,Yes,"JC, SH, KR",No,
2022,11/18/2021,Salt River,C,LARA,,NF,200,333,5.3,Dead,Dead,D,No,Yes,"Hilary, HAS, AJH",,holes
2024,6/7/2024,Mandahl Bay,A,LARA,2627,NF,268,3.71,3.6,Alive,Healthy,H,No,No,"JC, SH, KR",No,
2024,6/7/2024,Mandahl Bay,A,LARA,2626,NF,330,1.21,8.1,Alive,Healthy,H,No,Yes,"JC, SH, KR",No,
2024,6/7/2024,Mandahl Bay,A,LARA,2625,NF,355,1.52,4.2,Alive,Healthy,H,No,No,"JC, SH, KR",No,
2022,11/18/2021,Salt River,C,RHMA ,,NF,200,458,3.6,Dead,Dead,D,No,No,"Hilary, HAS, AJH",,
2024,6/10/2024,Mandahl Bay,C,LARA,2624,NF,359,3.84,6.2,Alive,Healthy,H,No,Yes,"SM, DG, SH",2616,disease
2024,6/10/2024,Mandahl Bay,C,LARA,2623,NF,0,4.67,4.6,Alive,Unhealthy,U,No,No,"SM, DG, SH",No,disease
2024,6/10/2024,Mandahl Bay,C,LARA,2622,NF,15,4.95,4.3,Alive,Healthy,H,No,No,"SM, DG, SH","2620, 2617",disease 
2024,6/10/2024,Mandahl Bay,C,LARA,2621,NF,8,2.81,6.6,Alive,Unhealthy,U,No,Yes,"SM, DG, SH",No,disease 
2024,6/10/2024,Mandahl Bay,C,LARA,2620,NF,14,4.43,8.5,Alive,Healthy,H,No,Yes,"SM, DG, SH","2622, 2617",disease 
2024,6/10/2024,Mandahl Bay,C,LARA,2619,NF,7,5.15,10.2,Alive,Healthy,H,No,Yes,"SM, DG, SH",No,
2024,6/10/2024,Mandahl Bay,C,LARA,2618,NF,30,4.81,2.6,Alive,Healthy,H,No,No,"SM, DG, SH",No,disease 
2024,6/10/2024,Mandahl Bay,C,LARA,2617,NF,6,4.98,7.7,Alive,Healthy,H,No,No,"SM, DG, SH",No,disease 
2024,6/10/2024,Mandahl Bay,C,LARA,2616,NF,357,3.95,4.4,Alive,Healthy,H,No,No,"SM, DG, SH",2624,disease
2024,6/10/2024,Mandahl Bay,C,LARA,2615,NF,2,4.64,2.6,Alive,Unhealthy,U,No,No,"SM, DG, SH",2614,disease
2024,6/10/2024,Mandahl Bay,C,LARA,2614,NF,355,4.19,6.2,Alive,Unhealthy,U,No,Yes,"SM, DG, SH",2615,
2024,6/10/2024,Mandahl Bay,C,LARA,2613,NF,352,5.36,2.7,Alive,Healthy,H,No,No,"SM, DG, SH","2603, 2612",disease
2024,6/10/2024,Mandahl Bay,C,LARA,2612,NF,343,5.32,2.5,Alive,Healthy,H,No,No,"SM, DG, SH","2603, 2613",disease
2022,11/18/2021,Salt River,C,LARA,,NF,90,148,4.1,Dead,Dead,D,No,Yes,"Hilary, HAS, AJH",,
2024,6/10/2024,Mandahl Bay,C,LARA,2611,NF,335,5.56,15.5,Alive,Healthy,H,No,Yes,"SM, DG, SH","2610, 2609, 2604",
2024,6/10/2024,Mandahl Bay,C,LARA,2610,NF,335,5.1,6.7,Alive,Healthy,H,No,No,"SM, DG, SH","2611, 2609, 2604",
2022,11/18/2021,Salt River,C,RHMA ,,NF,66,386,11,Dead,Dead,D,No,Yes,"Hilary, HAS, AJH",,
2024,6/10/2024,Mandahl Bay,C,LARA,2609,NF,329,4.97,6.2,Alive,Healthy,H,No,No,"SM, DG, SH","2611, 2604, 2610",
2024,6/10/2024,Mandahl Bay,C,LARA,2608,NF,311,4.55,2.6,Alive,Healthy,H,No,No,"SM, DG, SH",No,disease
2024,6/10/2024,Mandahl Bay,C,LARA,2606,NF,270,2.05,15.9,Alive,Unhealthy,U,No,Yes,"SM, DG, SH",No,
2024,6/10/2024,Mandahl Bay,C,LARA,2605,NF,264,2.26,8.2,Alive,Unhealthy,U,No,Yes,"SM, DG, SH",No,disease
2024,6/10/2024,Mandahl Bay,C,LARA,2604,NF,325,4.57,5.3,Alive,Healthy,H,No,No,"SM, DG, SH","2611, 2610, 2609",
2024,6/10/2024,Mandahl Bay,C,LARA,2603,NF,330,5.5,6.2,Alive,Healthy,H,No,No,"SM, DG, SH","2613, 2612",disease
2024,6/7/2024,Mandahl Bay,B,LARA,2602,NF,154,2.79,9.8,Alive,Unhealthy,U,No,Yes,"LU, AD, DG",No,"main stem dead, disease - leaf spots"
2024,6/7/2024,Mandahl Bay,B,LARA,2601,NF,165,1.92,6,Alive,Healthy,H,No,No,"LU, AD, DG",No,disease - leaf spots
2024,6/10/2024,Brewers Bay,A,LARA,2600,NF,323,2.4,4.5,Alive,Healthy,H,No,No,"AD,KR,NK,HB",NA,
2024,6/10/2024,Brewers Bay,A,LARA,2599,F,325,2.26,4.3,Alive,Unhealthy,U,No,No,"AD,KR,NK,HB",NA,DISEASE-LEAF SPOTS
2024,6/10/2024,Brewers Bay,A,LARA,2596,NF,270,0.58,3.1,Alive,Unhealthy,U,No,No,"AD,KR,NK,HB",NA,DISEASE-LEAF SPOTS
2022,11/16/2021,Southgate,A,AVGE,676,NF,316,509,4.5,Dead,Dead,D,No,No,"AD, CAROLINE, AJH, KWG",,next to COER
2022,11/16/2021,Southgate,A,AVGE,677,NF,308,241,2.8,Dead,Dead,D,No,No,"AD, CAROLINE, AJH, KWG",,
2022,11/16/2021,Southgate,A,AVGE,678,NF,333,440,3.2,Dead,Dead,D,No,No,"AD, CAROLINE, AJH, KWG",,
2022,11/16/2021,Southgate,A,AVGE,679,NF,354,482,3.9,Dead,Dead,D,No,No,"AD, CAROLINE, AJH, KWG",,
2022,11/16/2021,Southgate,A,AVGE,680,NF,344,456,2.9,Dead,Dead,D,No,No,"AD, CAROLINE, AJH, KWG",,
2024,6/10/2024,Brewers Bay,A,LARA,2595,NF,256,1.31,5,Alive,Healthy,H,No,No,"AD,KR,NK,HB",NA,
2024,6/10/2024,Brewers Bay,A,LARA,2594,NF,22,1.92,4.8,Alive,Healthy,H,No,No,"AD,KR,NK,HB",NA,DISEASE-LEAF SPOTS
2024,6/7/2024,Mandahl Bay,B,LARA,2592,NF,192,1.62,4.6,Alive,Healthy,H,No,No,"LU, AD, DG",No,disease - leaf spots
2024,6/7/2024,Mandahl Bay,B,LARA,2590,NF,195,2.45,12.4,Alive,Healthy,H,No,Yes,"LU, AD, DG",2589,disease - leaf spots
2024,6/7/2024,Mandahl Bay,B,LARA,2589,,210,2.36,2.6,Alive,Healthy,H,No,No,"LU, AD, DG",2590,
2022,11/16/2021,Southgate,A,AVGE,910,NF,338,436,2.8,Dead,Dead,D,No,No,"AD, CAROLINE, AJH, KWG",,
2024,6/7/2024,Mandahl Bay,B,LARA,2588,NF,230,2.75,3.8,Alive,Healthy,H,No,No,"LU, AD, DG",No,disease - leaf spots
2024,6/7/2024,Mandahl Bay,B,LARA,2587,NF,240,3.03,4.9,Alive,Healthy,H,No,No,"LU, AD, DG",No,disease - leaf spots
2024,6/7/2024,Mandahl Bay,B,LARA,2586,NF,244,3.3,6.1,Alive,Healthy,H,No,No,"LU, AD, DG",No,disease - leaf spots
2024,6/7/2024,Mandahl Bay,B,LARA,2585,NF,215,3.63,3.5,Alive,Healthy,H,No,No,"LU, AD, DG",No,disease - leaf spots
2024,6/7/2024,Mandahl Bay,B,LARA,2584,NF,213,3.47,6,Alive,Healthy,H,No,No,"LU, AD, DG",No,disease - leaf spots
2024,6/7/2024,Mandahl Bay,B,LARA,2583,NF,212,3.85,3.5,Alive,Healthy,H,No,No,"LU, AD, DG",No,disease - leaf spots
2024,6/7/2024,Mandahl Bay,B,LARA,2582,F,220,4.49,7.2,Alive,Healthy,H,No,No,"LU, AD, DG","2580, 2581",disease - leaf spots
2024,6/7/2024,Mandahl Bay,B,LARA,2580,F,222,4.28,7,Alive,Healthy,H,No,Yes,"LU, AD, DG","2582, 2581",disease - leaf spots
2024,6/7/2024,Mandahl Bay,B,LARA,2579,F,230,4.6,6.1,Alive,Unhealthy,U,No,No,"LU, AD, DG",No,"disease - leaf spots, 1/2 dead"
2022,11/16/2021,Southgate,A,AVGE,927,NF,209,448,2.9,Dead,Dead,D,No,No,"AD, CAROLINE, AJH, KWG",,
2024,6/7/2024,Mandahl Bay,B,LARA,2577,NF,261,4.08,2.5,Alive,Healthy,H,No,No,"LU, AD, DG",No,
2024,6/7/2024,Mandahl Bay,B,LARA,2576,F,250,2.68,5.4,Alive,Healthy,H,No,No,"LU, AD, DG","2575, 2574",disease - leaf spots
2022,11/16/2021,Southgate,A,AVGE,930,NF,236,344,3.1,Dead,Dead,D,No,No,"AD, CAROLINE, AJH, KWG",,
2024,6/7/2024,Mandahl Bay,B,LARA,2575,NF,250,2.52,5,Alive,Healthy,H,No,No,"LU, AD, DG","2576, 2574","herbivory (insect bites), disease - leaf spots"
2024,6/7/2024,Mandahl Bay,B,LARA,2574,NF,250,2.52,4.9,Alive,Healthy,H,No,No,"LU, AD, DG","2575, 2576",herbivory (insect bites)
2022,11/16/2021,Southgate,A,AVGE,933,NF,264,496,2.5,Dead,Dead,D,No,No,"AD, CAROLINE, AJH, KWG",,
2022,11/16/2021,Southgate,A,AVGE,934,NF,265,527,2.6,Dead,Dead,D,No,No,"AD, CAROLINE, AJH, KWG",,
2022,11/16/2021,Southgate,A,AVGE,935,NF,265,547,2.5,Dead,Dead,D,No,No,"AD, CAROLINE, AJH, KWG",,
2024,6/7/2024,Mandahl Bay,B,LARA,2573,IP,260,2.84,7.2,Alive,Healthy,H,No,No,"LU, AD, DG",No,
2024,6/7/2024,Mandahl Bay,B,RHMA ,2572,NF,245,1.58,2.5,Alive,Healthy,H,No,No,"LU, AD, DG",No,
2024,6/7/2024,Mandahl Bay,B,COER,2570,MP,295,5.08,4.5,Alive,Healthy,H,No,No,"LU, AD, DG","2565, 2563, 2566",fruit
2024,6/7/2024,Mandahl Bay,B,LARA,2569,F,315,3.93,3.1,Alive,Healthy,H,No,No,"LU, AD, DG",No,disease - leaf spots
2024,6/7/2024,Mandahl Bay,B,LARA,2568,F,300,3.29,4.2,Alive,Healthy,H,No,No,"LU, AD, DG",No,"herbivory (insect bites), disease - leaf spots"
2022,11/16/2021,Southgate,A,AVGE,941,NF,280,411,5,Dead,Dead,D,No,No,"AD, CAROLINE, AJH, KWG",,
2022,11/16/2021,Southgate,B,LARA,643,NF,127,338,4.7,Dead,Dead,D,No,Yes,"Caroline, Jen, Allie",,
2022,11/16/2021,Southgate,B,LARA,644,NF,125,315,4,Dead,Dead,D,No,No,"Caroline, Jen, Allie",,
2024,6/7/2024,Mandahl Bay,B,LARA,2567,F,310,2.78,5,Alive,Healthy,H,No,No,"LU, AD, DG",No,
2022,11/16/2021,Southgate,B,LARA,646,NF,116,491,5.2,Dead,Dead,D,No,Yes,"Caroline, Jen, Allie",,
2024,6/7/2024,Mandahl Bay,B,COER,2566,MP,294,5.05,3.4,Alive,Healthy,H,No,No,"LU, AD, DG","2565, 2563, 2570",fruit
2024,6/7/2024,Mandahl Bay,B,COER,2565,MP,279,5.28,3.9,Alive,Healthy,H,No,No,"LU, AD, DG","2563, 2566, 2570",fruit
2022,11/16/2021,Southgate,B,LARA,649,NF,105,500,3.1,Dead,Dead,D,No,No,"Caroline, Jen, Allie",,
2024,6/7/2024,Mandahl Bay,B,COER,2564,"IP, MP",300,5.38,5.4,Alive,Healthy,H,No,No,"LU, AD, DG","2561, 2562",
2024,6/7/2024,Mandahl Bay,B,COER,2563,IP,280,5.59,4,Alive,Healthy,H,No,No,"LU, AD, DG","2565, 2566, 2570",
2024,6/7/2024,Mandahl Bay,B,COER,2562,NF,,5.6,3.5,Alive,Healthy,H,No,No,"LU, AD, DG","2561, 2564",
2022,11/16/2021,Southgate,B,LARA,653,NF,142,392,4.1,Dead,Dead,D,No,No,"Caroline, Jen, Allie",,
2024,6/7/2024,Mandahl Bay,B,COER,2561,NF,322,5.55,2.5,Alive,Healthy,H,No,No,"LU, AD, DG","2562, 2564",
2024,6/7/2024,Mandahl Bay,B,THPO,2560,NF,338,5.59,3.4,Alive,Healthy,H,No,No,"LU, AD, DG",No,
2024,6/7/2024,Mandahl Bay,B,RHMA ,2559,F,346,4.31,4.5,Alive,Healthy,H,No,No,"LU, AD, DG",No,
2022,11/16/2021,Southgate,B,LARA,657,NF,163,403,4.9,Dead,Dead,D,No,No,"Caroline, Jen, Allie",,
2024,6/7/2024,Mandahl Bay,B,RHMA ,2558,NF,32,4.83,2.6,Alive,Healthy,H,No,No,"LU, AD, DG",No,
2024,6/7/2024,Mandahl Bay,B,LARA,2557,F,335,3.41,5.4,Alive,Healthy,H,No,No,"LU, AD, DG",No,disease - leaf spots
2024,6/7/2024,Mandahl Bay,B,LARA,2556,F,332,3.44,4.5,Alive,Healthy,H,No,No,"LU, AD, DG","2555, 2553, 2551, 2552",disease - leaf spots
2024,6/7/2024,Mandahl Bay,B,LARA,2555,NF,340,3.23,2.7,Alive,Healthy,H,No,No,"LU, AD, DG","2553, 2551, 2552, 2556",disease - leaf spots
2022,11/16/2021,Southgate,B,LARA,671,NF,104,464,5.3,Dead,Dead,D,No,No,"Caroline, Jen, Allie",,
2024,6/7/2024,Mandahl Bay,B,LARA,2554,F,335,2.05,3.5,Alive,Healthy,H,No,No,"LU, AD, DG",No,disease - leaf spots
2024,6/7/2024,Mandahl Bay,B,LARA,2553,NF,5,2.18,2.5,Alive,Healthy,H,No,No,"LU, AD, DG","2555, 2551, 2552, 2556",disease - leaf spots
2024,6/7/2024,Mandahl Bay,B,LARA,2552,F,5,2.58,4.4,Alive,Healthy,H,No,No,"LU, AD, DG","2555, 2553, 2551, 2556","disease - leaf spots, dead branches"
2022,11/16/2021,Southgate,B,LARA,767,NF,322,146,3.1,Dead,Dead,D,No,Yes,"AD, CAROLINE, AJH, KWG",,
2024,6/7/2024,Mandahl Bay,B,LARA,2550,F,35,2.1,3.5,Alive,Healthy,H,No,No,"LU, AD, DG","2547, 2549",disease - leaf spots
2024,6/7/2024,Mandahl Bay,B,LARA,2549,NF,38,1.89,6.3,Alive,Unhealthy,U,No,No,"LU, AD, DG","2550, 2547",disease - leaf spots
2024,6/7/2024,Mandahl Bay,B,LARA,2548,F,10,1.7,3.9,Alive,Healthy,H,No,No,"LU, AD, DG",No,disease - leaf spots
2024,6/7/2024,Mandahl Bay,B,LARA,2547,F,340,3.42,4.4,Alive,Healthy,H,No,No,"LU, AD, DG","2550, 2549",disease - leaf spots
2024,6/7/2024,Mandahl Bay,B,RHMA ,2545,NF,4,4.93,2.5,Alive,Healthy,H,No,No,"LU, AD, DG",No,
2024,6/7/2024,Mandahl Bay,B,LARA,2544,F,75,4.72,6,Alive,Healthy,H,No,No,"LU, AD, DG",No,disease - leaf spots
2022,11/16/2021,Southgate,B,LARA,913,NF,92,481,4.6,Dead,Dead,D,No,No,"Caroline, Jen, Allie",,
2024,6/7/2024,Mandahl Bay,B,LARA,2543,F,72,4.62,6.8,Alive,Healthy,H,No,No,"LU, AD, DG",No,no disease!
2024,6/7/2024,Mandahl Bay,B,LARA,2542,NF,45,3.86,5.3,Alive,Healthy,H,No,Yes,"LU, AD, DG",No,disease - leaf spots
2024,6/7/2024,Mandahl Bay,B,LARA,2541,NF,41,3.44,3.2,Alive,Healthy,H,No,No,"LU, AD, DG",No,disease - leaf spots
2024,6/7/2024,Mandahl Bay,B,LARA,2540,F,68,2.94,3.5,Alive,Healthy,H,No,No,"LU, AD, DG",2539,disease - leaf spots
2022,11/16/2021,Southgate,B,LARA,946,NF,39,145,3.5,Dead,Dead,D,No,Yes,"AD, CAROLINE, AJH, KWG",,
2024,6/7/2024,Mandahl Bay,B,LARA,2539,F,65,2.89,3.4,Alive,Healthy,H,No,No,"LU, AD, DG",2540,disease - leaf spots
2024,6/7/2024,Mandahl Bay,B,LARA,2538,F,65,2.7,4.5,Alive,Healthy,H,No,No,"LU, AD, DG",2537,disease - leaf spots
2024,6/7/2024,Mandahl Bay,B,LARA,2537,NF,60,2.71,4.9,Alive,Unhealthy,U,No,No,"LU, AD, DG",2538,disease - leaf spots
2022,11/16/2021,Southgate,B,LARA,950,NF,20,245,3,Dead,Dead,D,No,No,"AD, CAROLINE, AJH, KWG",,
2024,6/7/2024,Mandahl Bay,B,LARA,2536,NF,85,3.63,2.5,Alive,Healthy,H,No,No,"LU, AD, DG",No,disease - leaf spots
2024,6/7/2024,Mandahl Bay,B,LARA,2535,NF,105,3.74,2.7,Alive,Healthy,H,No,No,"AD, LU",No,disease - leaf spots
2024,6/7/2024,Mandahl Bay,B,LARA,2534,F,109,4.35,6.4,Alive,Healthy,H,No,Yes,"AD, LU",2667,disease - leaf spots
2024,6/7/2024,Mandahl Bay,B,LARA,2532,F,82,5.33,3.5,Alive,Healthy,H,No,No,"AD, LU",No,disease - leaf spots
2024,6/7/2024,Mandahl Bay,B,RHMA ,2531,IP,110,2.38,4.5,Alive,Healthy,H,No,No,"AD, LU",No,
2022,11/16/2021,Southgate,B,LARA,956,NF,32,528,8.2,Dead,Dead,D,No,No,"AD, CAROLINE, AJH, KWG",,
2024,6/7/2024,Mandahl Bay,B,RHMA ,2529,IP,110,1.99,2.9,Alive,Healthy,H,No,No,"AD, LU",No,
2024,6/7/2024,Mandahl Bay,B,LARA,2528,NF,80,1.65,4.1,Alive,Healthy,H,No,No,"AD, LU",No,disease - leaf spots
2024,6/7/2024,Mandahl Bay,B,LARA,2527,NF,290,2.13,4.3,Alive,Healthy,H,No,No,"AD, LU",No,disease - leaf spots
2022,11/16/2021,Southgate,B,LARA,960,NF,14,383,3.1,Dead,Dead,D,No,No,"AD, CAROLINE, AJH, KWG",,
2024,6/7/2024,Mandahl Bay,B,LARA,2524,NF,204,5.08,10,Alive,Healthy,H,No,Yes,"AD, LU",No,disease - leaf spots
2024,6/7/2024,Mandahl Bay,B,LARA,2523,NF,190,5.16,3,Alive,Healthy,H,No,No,"AD, LU",No,disease - leaf spots
2024,6/7/2024,Mandahl Bay,B,RHMA ,2521,IP,,0,3.2,Alive,Healthy,H,No,No,"AD, LU",No,center tree!
2024,6/7/2024,Mandahl Bay,B,RHMA ,2520,IP,245,0.22,4.1,Alive,Healthy,H,No,No,"AD, LU",No,
2022,11/16/2021,Southgate,B,LARA,965,NF,337,200,5.3,Dead,Dead,D,No,No,"AD, CAROLINE, AJH, KWG",,
2024,6/7/2024,Mandahl Bay,A,LARA,2519,"F, IP",95,4.43,4.6,Alive,Healthy,H,No,No,"SH, AD","2515, 2516, 2517",disease - leaf spots
2024,6/7/2024,Mandahl Bay,A,LARA,2518,NF,184,3.51,7.5,Alive,Unhealthy,U,No,Yes,"SH, AD",,
2024,6/7/2024,Mandahl Bay,A,LARA,2517,F,123,3.46,6,Alive,Healthy,H,No,No,"SH, AD","2515, 2516, 2519",disease - leaf spots
2024,6/7/2024,Mandahl Bay,A,LARA,2516,F,110,3.78,4.5,Alive,Unhealthy,U,No,No,"SH, AD","2515, 2519, 2517",disease - leaf spots
2024,6/7/2024,Mandahl Bay,A,LARA,2515,F,108,3.79,8.5,Alive,Healthy,H,No,No,"SH, AD","2519, 2516, 2517",disease - leaf spots
2024,6/7/2024,Mandahl Bay,A,LARA,2514,F,90,4.35,4.8,Alive,Healthy,H,No,No,"SH, AD",,disease - leaf spots
2024,6/7/2024,Mandahl Bay,A,LARA,2513,"F, ID",159,3.95,5.2,Alive,Healthy,H,No,No,"JC, SH, KR",No,disease - leaf spots
2024,6/7/2024,Mandahl Bay,A,LARA,2512,F,154,3,5.8,Alive,Healthy,H,No,No,"JC, SH, KR",2725,
2022,11/16/2021,Southgate,B,LARA,974,NF,301,517,3.9,Dead,Dead,D,No,No,"AD, CAROLINE, AJH, KWG",,
2024,6/7/2024,Mandahl Bay,A,RHMA ,2511,NF,175,4.05,6.2,Alive,Healthy,H,No,No,"JC, SH, KR",No,predation
2022,11/16/2021,Southgate,B,LARA,977,NF,294,555,5.8,Dead,Dead,D,No,Yes,"AD, CAROLINE, AJH, KWG",,
2022,11/16/2021,Southgate,B,LARA,978,NF,297,534,6.3,Dead,Dead,D,No,Yes,"AD, CAROLINE, AJH, KWG",,
2024,6/7/2024,Mandahl Bay,A,LARA,2510,NF,159,4.65,3.2,Alive,Healthy,H,No,No,"JC, SH, KR","2505, 2506",disease - leaf spots
2024,6/7/2024,Mandahl Bay,A,LARA,2509,NF,152,5.39,4.3,Alive,Healthy,H,No,No,"JC, SH, KR",No,disease - leaf spots
2024,6/7/2024,Mandahl Bay,A,LARA,2508,NF,125,5.55,7.1,Alive,Unhealthy,U,No,Yes,"JC, SH, KR",No,
2022,11/16/2021,Southgate,B,LARA,982,NF,277,117,3.3,Dead,Dead,D,No,No,"AD, CAROLINE, AJH, KWG",,
2022,11/16/2021,Southgate,B,AVGE,983,NF,211,427,5.5,Dead,Dead,D,No,Yes,"AD, CAROLINE, AJH, KWG",,
2024,6/7/2024,Mandahl Bay,A,LARA,2507,NF,140,5.44,4.2,Alive,Healthy,H,No,No,"JC, SH, KR","2503, 2504",disease - leaf spots
2024,6/7/2024,Mandahl Bay,A,LARA,2506,NF,149,4.72,3.7,Alive,Unhealthy,U,No,No,"JC, SH, KR","2505, 2510",no leaves
2024,6/7/2024,Mandahl Bay,A,LARA,2505,NF,141,4.53,6.2,Alive,Healthy,H,No,No,"JC, SH, KR","2506, 2510",disease - leaf spots
2024,6/7/2024,Mandahl Bay,A,LARA,2504,NF,141,3.99,3,Alive,Healthy,H,No,No,"JC, SH, KR","2503, 2507",disease - leaf spots
2022,11/16/2021,Southgate,B,AVGE,988,NF,135,283,5.8,Dead,Dead,D,No,Yes,"Caroline, Jen, Allie",,
2024,6/7/2024,Mandahl Bay,A,LARA,2503,NF,135,3.01,6.6,Alive,Unhealthy,U,No,Yes,"JC, SH, KR","2504, 2507",predation
2022,11/16/2021,Southgate,B,AVGE,990,NF,143,292,4,Dead,Dead,D,No,No,"Caroline, Jen, Allie",,
2024,6/7/2024,Mandahl Bay,A,RHMA ,2502,NF,123,2.32,3,Alive,Healthy,H,No,No,"JC, SH, KR",No,
2022,11/16/2021,Southgate,B,LARA,,NF,215,547,3,Dead,Dead,D,No,Yes,"AD, CAROLINE, AJH, KWG",,"no tag, in posion plant"
2024,6/7/2024,Mandahl Bay,A,LARA,2501,F,116,1.87,7,Alive,Healthy,H,No,No,"JC, SH, KR",No,disease - leaf spots
2024,8/9/2024,Mary Creek,B,AVGE,2359,NF,,,7,Alive,Healthy,H,No,Yes,"SM,AD,KR,JH",,
2022,11/16/2021,Southgate,C,LARA,658,NF,103,354,3.1,Dead,Dead,D,No,No,"Caroline, Jen, Allie",,
2022,4/5/2022,Mary Creek,C,THPO,2345,NF,198,423,3.5,Alive,Healthy,H,No,No,,,
2022,4/5/2022,Mary Creek,C,THPO,2344,NF,194,439,4.9,Alive,Healthy,H,No,No,,,main stem dead
2022,4/5/2022,Mary Creek,C,THPO,2342,NF,184,492,3.6,Alive,Healthy,H,No,No,,,
2022,4/5/2022,Mary Creek,C,AVGE,2339,F,161,561,6.9,Alive,Healthy,H,No,Yes,,,heavy Herbivory
2022,4/5/2022,Mary Creek,C,LARA,2337,NF,150,524,4.2,Alive,Healthy,H,No,No,,,Herbivory
2022,4/5/2022,Mary Creek,C,LARA,2332,NF,136,470,9.9,Alive,Healthy,H,No,No,,,
2024,8/9/2024,Mary Creek,B,LARA,2332,"IP, MP",,,10.4,Alive,Healthy,H,No,Yes,"SM,AD,KR,JH",R2497,connected R2497
2022,4/5/2022,Mary Creek,C,LARA,2331,NF,104,301,3.2,Alive,Unhealthy,U,No,No,,,heavy Herbivory
2024,8/9/2024,Mary Creek,B,LARA,2331,"IP, MP",,,3.3,Alive,Healthy,H,No,No,"SM,AD,KR,JH",,
2022,4/5/2022,Mary Creek,C,LARA,2330,NF,49,532,2.5,Alive,Healthy,H,No,No,,,
2024,8/9/2024,Mary Creek,B,LARA,2330,"IP, MP",,,3.7,Alive,Healthy,H,No,No,"SM,AD,KR,JH",R2733,connect R2733
2022,4/5/2022,Mary Creek,C,LARA,2328,NF,342,359,3.8,Alive,Healthy,H,No,No,,,
2024,8/9/2024,Mary Creek,C,LARA,2328,"IP, MP",,,4.6,Alive,Healthy,H,No,No,"SM,AD,KR,JH",,
2022,4/5/2022,Mary Creek,C,LARA,2327,NF,345,403,7.1,Alive,Healthy,H,No,No,,,
2024,8/9/2024,Mary Creek,C,LARA,2327,"IP, MP",,,6.1,Alive,Healthy,H,No,No,"SM,AD,KR,JH",,
2022,4/5/2022,Mary Creek,C,LARA,2325,NF,337,386,4.4,Alive,Healthy,H,No,No,,,main stem dead
2024,8/9/2024,Mary Creek,C,LARA,2325,NF,,,3.9,Alive,Unhealthy,U,No,Yes,"SM,AD,KR,JH",,
2022,4/5/2022,Mary Creek,C,LARA,2324,NF,329,368,2.5,Alive,Healthy,H,No,No,,,main stem dead
2024,8/9/2024,Mary Creek,C,LARA,2324,NF,,,2.7,Alive,Unhealthy,U,No,Yes,"SM,AD,KR,JH",,MSD
2024,9/18/2024,Reef Bay,B,LARA,2322,NF,120,1.51,3.3,Alive,Healthy,H,No,No,,,
2022,11/16/2021,Southgate,C,LARA,760,NF,143,532,5.7,Dead,Dead,D,No,No,"Caroline, Jen, Allie",,
2022,11/16/2021,Southgate,C,LARA,761,NF,130,490,9.1,Dead,Dead,D,No,Yes,"Caroline, Jen, Allie",,
2022,4/5/2022,Mary Creek,C,LARA,2320,NF,8,276,4.3,Alive,Healthy,H,No,No,,,"Herbivory, disease"
2024,8/9/2024,Mary Creek,C,LARA,2320,"IP, MP",,,4.5,Alive,Healthy,H,No,No,"SM,AD,KR,JH",,
2024,9/18/2024,Reef Bay,B,LARA,2318,NF,90,2.24,3.5,Alive,Healthy,H,No,No,,,
2024,9/18/2024,Reef Bay,B,LARA,2317,NF,105,2.57,2.7,Alive,Healthy,H,No,No,,,
2022,4/5/2022,Mary Creek,A,RHMA ,2310,MD,212,531,4,Alive,Healthy,H,No,No,,,
2024,8/9/2024,Mary Creek,A,RHMA ,2310,"F, IP, MP",2,,4.3,Alive,Healthy,H,No,No,"SM,AD,KR,JH",R1674,connected R1674
2022,11/16/2021,Southgate,C,LARA,796,NF,248,546,4.1,Dead,Dead,D,No,Yes,"Caroline, Jen, Allie",,
2022,4/5/2022,Mary Creek,A,RHMA ,2309,MD,211,515,4.2,Alive,Healthy,H,No,No,,,
2022,4/5/2022,Mary Creek,B,LARA,2302,NF,226,482,11.2,Alive,Unhealthy,U,No,Yes,,,"main stem dead, Herbivory"
2024,8/9/2024,Mary Creek,B,LARA,2302,"IP, MP",,,10.7,Alive,Unhealthy,U,No,Yes,"SM,AD,KR,JH",R1624,"MSD, connected R1624"
2022,4/5/2022,Mary Creek,C,THPO,2195,NF,208,466,5.9,Alive,Healthy,H,No,No,,,top broken
2022,4/5/2022,Mary Creek,C,AVGE,2194,NF,223,501,5.6,Alive,Unhealthy,U,No,No,,,"heavy Herbivory, trunk sprouts"
2024,8/9/2024,Mary Creek,C,AVGE,2194,"IP, MP",,,7,Alive,Healthy,H,No,No,"SM,AD,KR,JH",,predation
2022,4/5/2022,Mary Creek,C,AVGE,2193,NF,225,503,8.3,Alive,Unhealthy,U,No,No,,,"heavy Herbivory, trunk sprouts"
2024,8/9/2024,Mary Creek,C,AVGE,2193,"IP, MP",,,11.4,Alive,Healthy,H,No,No,"SM,AD,KR,JH",,predation
2022,4/5/2022,Mary Creek,C,LARA,2191,NF,208,378,9.7,Alive,Healthy,H,No,No,,,Herbivory
2024,8/9/2024,Mary Creek,C,LARA,2191,"IP, MP",,,10,Alive,Healthy,H,No,Yes,"SM,AD,KR,JH",,
2022,4/5/2022,Mary Creek,C,LARA,2185,NF,189,175,3.5,Alive,Healthy,H,No,Yes,,,Herbivory
2024,8/9/2024,Mary Creek,C,LARA,2185,"IP, MP",,,3.8,Alive,Healthy,H,No,No,"SM,AD,KR,JH",,
2022,4/5/2022,Mary Creek,C,LARA,2184,NF,22,119,3.1,Alive,Healthy,H,No,No,,,Herbivory
2024,8/9/2024,Mary Creek,C,LARA,2184,"IP, MP",,,3.4,Alive,Healthy,H,No,No,"SM,AD,KR,JH",,
2022,4/5/2022,Mary Creek,C,LARA,2183,NF,252,102,7.2,Alive,Healthy,H,No,No,,,Herbivory
2024,8/9/2024,Mary Creek,C,LARA,2183,"IP, MP",,,8,Alive,Healthy,H,No,No,"SM,AD,KR,JH",,
2022,4/5/2022,Mary Creek,C,LARA,2182,NF,277,146,3.4,Alive,Healthy,H,No,No,,,Herbivory
2024,8/9/2024,Mary Creek,C,LARA,2182,"IP, MP",,,4.4,Alive,Healthy,H,No,Yes,"SM,AD,KR,JH",,
2022,4/5/2022,Mary Creek,C,LARA,2180,NF,237,466,6.4,Alive,Healthy,H,No,No,,,moderate Herbivory
2022,11/16/2021,Southgate,C,LARA,817,NF,18,354,4.5,Dead,Dead,D,No,Yes,"AD, CAROLINE, AJH, KWG",,
2024,8/9/2024,Mary Creek,C,LARA,2180,"IP, MP",,,7,Alive,Healthy,H,No,Yes,"SM,AD,KR,JH",,
2022,4/5/2022,Mary Creek,C,LARA,2178,NF,247,460,3.7,Alive,Healthy,H,No,No,,,
2024,8/9/2024,Mary Creek,C,LARA,2178,"IP, MP",,,4.8,Alive,Unhealthy,U,No,Yes,"SM,AD,KR,JH",,"MSD, predation"
2022,4/5/2022,Mary Creek,C,LARA,2177,NF,254,449,8.1,Alive,Healthy,H,No,No,,,Herbivory
2024,8/9/2024,Mary Creek,C,LARA,2177,"IP, MP",,,9.4,Alive,Healthy,H,No,No,"SM,AD,KR,JH","R1613,R2173","connected, R1613, R2173"
2022,4/5/2022,Mary Creek,C,LARA,2176,NF,254,447,2.6,Alive,Unhealthy,U,No,No,,,heavy Herbivory
2024,8/9/2024,Mary Creek,C,LARA,2176,"IP, MP",,,4.4,Alive,Healthy,H,No,No,"SM,AD,KR,JH",,
2022,4/5/2022,Mary Creek,C,LARA,2175,NF,261,468,3.3,Alive,Unhealthy,U,No,No,,,heavy Herbivory
2024,8/9/2024,Mary Creek,C,LARA,2175,"IP, MP",,,4,Alive,Healthy,H,No,No,"SM,AD,KR,JH",,
2022,4/5/2022,Mary Creek,C,LARA,2174,NF,262,442,3.8,Alive,Unhealthy,U,No,No,,,heavy Herbivory
2024,8/9/2024,Mary Creek,C,LARA,2174,"IP, MP",,,5.2,Alive,Healthy,H,No,No,"SM,AD,KR,JH",,
2022,4/5/2022,Mary Creek,C,LARA,2173,NF,263,415,4.5,Alive,Unhealthy,U,No,No,,,heavy Herbivory
2024,8/9/2024,Mary Creek,C,LARA,2173,"IP, MP",,,5.1,Alive,Healthy,H,No,No,"SM,AD,KR,JH",,
2022,4/5/2022,Mary Creek,C,THPO,2169,NF,276,552,5,Alive,Healthy,H,No,No,,,
2022,2/25/2022,Water Creek,C,LARA,2165,NF,17,516,3.3,Alive,Unhealthy,U,No,No,,,"Herbivory, Disease"
2022,2/25/2022,Water Creek,C,LARA,2164,NF,10,444,2.7,Alive,Unhealthy,U,No,No,,,"Herbivory, Disease"
2022,2/25/2022,Water Creek,C,LARA,2163,NF,4,474,6.6,Alive,Unhealthy,U,No,Yes,,,"Herbivory, Disease"
2022,2/25/2022,Water Creek,C,LARA,2162,NF,7,448,13.3,Alive,Unhealthy,U,No,Yes,,,
2022,2/25/2022,Water Creek,C,LARA,2161,NF,347,560,2.5,Alive,Unhealthy,U,No,No,,,"Herbivory, Disease"
2022,2/25/2022,Water Creek,C,LARA,2160,NF,347,535,3.8,Alive,Unhealthy,U,No,No,,,"Herbivory, Disease"
2022,2/25/2022,Water Creek,C,RHMA ,2159,"ID, MD",338,402,4.5,Alive,Healthy,H,No,No,,,Herbivory
2024,8/7/2024,Turner Bay,A,LARA,2159,NF,,,3.2,Alive,Unhealthy,U,No,No,"AND, KH, DG, LU",,
2022,2/25/2022,Water Creek,C,RHMA ,2158,NF,2,330,7.2,Alive,Unhealthy,U,No,Yes,,,"Herbivory, Disease, tree is hollow"
2022,2/25/2022,Water Creek,C,RHMA ,2157,NF,2,356,3,Alive,Unhealthy,U,No,No,,,"Herbivory, Disease"
2022,11/16/2021,Southgate,C,LARA,992,NF,280,271,9.3,Dead,Dead,D,No,Yes,"Caroline, Jen, Allie",,
2022,11/16/2021,Southgate,C,LARA,993,NF,268,208,6.5,Dead,Dead,D,No,Yes,"Caroline, Jen, Allie",,
2022,11/16/2021,Southgate,C,LARA,994,NF,265,330,12.6,Dead,Dead,D,No,Yes,"Caroline, Jen, Allie",,
2022,11/16/2021,Southgate,C,LARA,995,NF,260,373,9.1,Dead,Dead,D,No,Yes,"Caroline, Jen, Allie",,
2022,2/25/2022,Water Creek,C,RHMA ,2156,NF,2,295,4,Alive,Unhealthy,U,No,No,,,"Herbivory, Disease"
2022,2/25/2022,Water Creek,C,RHMA ,2155,NF,4,262,4,Alive,Unhealthy,U,No,No,,,"Herbivory, Disease"
2022,2/25/2022,Water Creek,C,RHMA ,2154,"ID, MD",358,243,3.2,Alive,Healthy,H,No,No,,,
2022,2/25/2022,Water Creek,C,LARA,2149,NF,198,430,9.3,Alive,Unhealthy,U,No,Yes,,,Herbivory
2022,10/19/2021,STEER Basin,A,RHMA ,,NF,88,139,8.1,Dead,Unhealthy,U,No,No,,,
2022,10/19/2021,STEER Basin,A,RHMA ,,NF,78,119,11.8,Dead,Unhealthy,U,No,Yes,,,
2022,10/19/2021,STEER Basin,A,RHMA ,,NF,22,188,5.8,Dead,Unhealthy,U,No,No,,,
2022,10/19/2021,STEER Basin,A,RHMA ,,NF,12,200,5.5,Dead,Unhealthy,U,No,No,,,
2022,10/19/2021,STEER Basin,A,RHMA ,,NF,352,144,3,Dead,Unhealthy,U,No,No,,,
2022,10/19/2021,STEER Basin,A,RHMA ,,NF,20,440,3.5,Dead,Unhealthy,U,No,No,,,
2022,10/19/2021,STEER Basin,A,RHMA ,,NF,15,510,4.2,Dead,Unhealthy,U,No,No,,,
2022,10/19/2021,STEER Basin,A,RHMA ,,NF,26,481,9.5,Dead,Unhealthy,U,No,Yes,,,
2022,10/19/2021,STEER Basin,A,RHMA ,,NF,48,523,9.1,Dead,Unhealthy,U,No,Yes,,,
2022,10/19/2021,STEER Basin,A,RHMA ,,NF,48,556,5.5,Dead,Unhealthy,U,No,Yes,,,
2022,10/19/2021,STEER Basin,A,RHMA ,,NF,36,514,6.3,Dead,Unhealthy,U,No,Yes,,,
2022,10/19/2021,STEER Basin,A,RHMA ,,NF,45,474,4,Dead,Unhealthy,U,No,Yes,,,
2022,10/19/2021,STEER Basin,A,RHMA ,,NF,40,458,3.7,Dead,Unhealthy,U,No,Yes,,,
2022,10/19/2021,STEER Basin,A,RHMA ,,NF,65,443,10.8,Dead,Unhealthy,U,No,No,,,
2022,10/19/2021,STEER Basin,A,RHMA ,,NF,105,462,8.5,Dead,Unhealthy,U,No,No,,,
2022,10/19/2021,STEER Basin,A,RHMA ,,NF,31,377,7.5,Dead,Unhealthy,U,No,No,,,
2022,10/19/2021,STEER Basin,A,RHMA ,,NF,31,424,10,Dead,Unhealthy,U,No,No,,,
2022,10/19/2021,STEER Basin,A,RHMA ,,NF,90,225,10.5,Dead,Unhealthy,U,No,No,,,
2022,2/22/2022,STEER Basin,B,UNK,1826,NF,255,229,5.2,Dead,Dead,D,No,No,,,
2022,2/22/2022,STEER Basin,B,LARA,1827,NF,239,190,6,Dead,Dead,D,No,No,,,
2022,2/22/2022,STEER Basin,B,UNK,1828,NF,263,189,3.2,Dead,Dead,D,No,No,,,
2022,2/22/2022,STEER Basin,B,RHMA ,1829,NF,145,342,4.2,Dead,Dead,D,No,No,,,
2022,2/22/2022,STEER Basin,B,RHMA ,1830,NF,134,408,2.5,Dead,Dead,D,No,No,,,
2022,2/22/2022,STEER Basin,B,LARA,1831,NF,133,352,6,Dead,Dead,D,No,No,,,
2022,2/22/2022,STEER Basin,B,RHMA ,1832,NF,143,424,3.3,Dead,Dead,D,No,No,,,
2022,2/22/2022,STEER Basin,B,LARA,1836,NF,125,285,2.7,Dead,Dead,D,No,No,,,
2022,2/22/2022,STEER Basin,B,LARA,1837,NF,160,189,7.5,Dead,Dead,D,No,No,,,
2022,2/22/2022,STEER Basin,B,UNK,1838,NF,125,423,3.4,Dead,Dead,D,No,No,,,
2022,2/22/2022,STEER Basin,B,UNK,1840,NF,83,379,7.5,Dead,Dead,D,No,No,,,
2022,2/22/2022,STEER Basin,B,UNK,1847,NF,86,399,7.3,Dead,Dead,D,No,No,,,
2022,2/22/2022,STEER Basin,B,UNK,1850,NF,284,174,2.6,Dead,Dead,D,No,No,,,
2022,2/22/2022,STEER Basin,B,LARA,2001,NF,299,467,5.4,Dead,Dead,D,No,No,,,
2022,2/22/2022,STEER Basin,B,LARA,2002,NF,285,438,5.8,Dead,Dead,D,No,Yes,,,
2022,2/22/2022,STEER Basin,B,LARA,2003,NF,347,540,3,Dead,Dead,D,No,No,,,
2022,2/22/2022,STEER Basin,B,LARA,2004,NF,50,555,3.3,Dead,Dead,D,No,No,,,
2022,2/22/2022,STEER Basin,B,LARA,2005,NF,25,281,3.3,Dead,Dead,D,No,No,,,"rotten, tag may fall"
2022,2/22/2022,STEER Basin,B,UNK,2006,NF,71,405,3.9,Dead,Dead,D,No,No,,,
2022,2/22/2022,STEER Basin,B,UNK,2007,NF,72,425,4.7,Dead,Dead,D,No,No,,,
2022,2/22/2022,STEER Basin,B,UNK,2008,NF,17,277,4.2,Dead,Dead,D,No,No,,,
2022,2/22/2022,STEER Basin,B,UNK,2009,NF,10,266,3.8,Dead,Dead,D,No,No,,,
2022,2/22/2022,STEER Basin,B,UNK,2010,NF,268,393,3.3,Dead,Dead,D,No,No,,,
2022,2/22/2022,STEER Basin,B,UNK,2011,NF,237,518,5.8,Dead,Dead,D,No,No,,,
2022,2/22/2022,STEER Basin,B,UNK,2012,NF,251,532,3.3,Dead,Dead,D,No,No,,,
2022,2/22/2022,STEER Basin,C,RHMA ,1807,NF,35,504,2.9,Dead,Dead,D,No,No,,,
2022,2/22/2022,STEER Basin,C,RHMA ,1808,NF,158,284,3,Dead,Dead,D,No,No,,,
2024,8/8/2024,Water Creek,A,LARA,2149,"NF, IP, MP",,,9.1,Alive,Healthy,H,,,"KR,SM,LU,JC,AND",,
2022,2/25/2022,Water Creek,C,LARA,2147,NF,135,352,3.1,Alive,Unhealthy,U,No,No,,,"Herbivory, Disease"
2022,2/22/2022,STEER Basin,C,RHMA ,1811,NF,85,322,11,Dead,Dead,D,No,No,,,
2022,2/22/2022,STEER Basin,C,RHMA ,1812,NF,39,356,5,Dead,Dead,D,No,No,,,
2022,2/22/2022,STEER Basin,C,RHMA ,1813,NF,49,383,5.8,Dead,Dead,D,No,No,,,
2022,2/22/2022,STEER Basin,C,UNK,1814,NF,156,418,5.1,Dead,Dead,D,No,No,,,
2022,2/22/2022,STEER Basin,C,RHMA ,1815,NF,43,394,10.4,Dead,Dead,D,No,No,,,
2022,2/25/2022,Water Creek,C,LARA,2146,NF,111,288,13.4,Alive,Unhealthy,U,No,Yes,,,"Herbivory, Disease"
2022,2/25/2022,Water Creek,C,LARA,2145,NF,9,281,3,Alive,Healthy,H,No,No,,,
2022,2/22/2022,STEER Basin,C,RHMA ,1818,NF,23,156,6.5,Dead,Dead,D,No,No,,,
2022,2/22/2022,STEER Basin,C,RHMA ,1819,NF,68,500,3.9,Dead,Dead,D,No,No,,,
2022,2/25/2022,Water Creek,C,COER,2144,MD,53,314,8.1,Alive,Unhealthy,U,No,No,,,Herbivory
2022,2/22/2022,STEER Basin,C,RHMA ,1821,NF,55,293,4.1,Dead,Dead,D,No,No,,,
2022,2/22/2022,STEER Basin,C,RHMA ,1823,NF,55,150,3.3,Dead,Dead,D,No,No,,,
2022,2/22/2022,STEER Basin,C,RHMA ,2013,NF,269,275,2.8,Dead,Dead,D,No,No,,,
2022,2/22/2022,STEER Basin,C,RHMA ,2076,NF,337,534,4.4,Dead,Dead,D,No,No,,,
2022,2/25/2022,Water Creek,C,LARA,2142,NF,110,328,10.6,Alive,Unhealthy,U,No,Yes,,,"Herbivory, Disease"
2022,2/25/2022,Water Creek,C,RHMA ,2141,"F, ID",233,176,12,Alive,Unhealthy,U,No,Yes,,,
2024,8/8/2024,Water Creek,A,RHMA ,2141,"F, IP, MP",,,13.1,Alive,Healthy,H,,,"KR,SM,LU,JC,AND",,
2022,4/5/2022,Mary Creek,C,LARA,2140,NF,305,484,7.2,Alive,Unhealthy,U,No,No,,,Herbivory
2024,8/9/2024,Mary Creek,C,LARA,2140,"IP, MP",,,6.7,Alive,Unhealthy,U,No,Yes,"SM,AD,KR,JH","R2701, R1381","connected R2701,R1381"
2022,2/22/2022,STEER Basin,C,RHMA ,2082,NF,29,385,5.5,Dead,Dead,D,No,No,,,
2022,2/25/2022,Water Creek,B,LARA,2139,NF,139,446,2.6,Alive,Healthy,H,No,No,,,"Herbivory, Disease"
2022,2/22/2022,STEER Basin,C,RHMA ,2084,NF,356,241,2.6,Dead,Dead,D,No,No,,,
2022,2/25/2022,Water Creek,B,LARA,2138,NF,151,520,4.3,Alive,Unhealthy,U,No,No,,,Disease
2022,2/25/2022,Water Creek,B,RHMA ,2137,NF,180,588,3.9,Alive,Healthy,H,No,No,,,
2022,2/25/2022,Water Creek,B,RHMA ,2135,ID,222,429,3.8,Alive,Healthy,H,No,No,,,
2024,9/1/2024,Water Creek,C,RHMA ,2135,F,,,4.5,Alive,Healthy,H,,,"KR,SM,LU,JC,AND",,
2024,8/8/2024,Water Creek,C,RHMA ,2134,IP,,,7.6,Alive,Healthy,H,,,"KR,SM,LU,JC,AND",,
2022,2/22/2022,STEER Basin,C,RHMA ,2090,NF,0,310,3.7,Dead,Dead,D,No,No,,,
2022,2/22/2022,STEER Basin,C,RHMA ,2091,NF,306,343,4.1,Dead,Dead,D,No,No,,,
2022,2/25/2022,Water Creek,B,LARA,2132,NF,245,309,3.2,Alive,Healthy,H,No,No,,,
2024,8/8/2024,Water Creek,C,LARA,2132,"IP, MP",,,3.7,Alive,Healthy,H,,,"KR,SM,LU,JC,AND",,
2022,2/22/2022,STEER Basin,C,RHMA ,2094,NF,283,467,3.4,Dead,Dead,D,No,No,,,
2024,8/8/2024,Water Creek,C,RHMA ,2131,"F, IP, MD",,,4.9,Alive,Healthy,H,No,No,"SM,AD,KR,LU",,
2022,2/25/2022,Water Creek,B,RHMA ,2130,"ID, MD",320,590,6,Alive,Healthy,H,No,No,,,
2022,2/22/2022,STEER Basin,C,AVGE,2097,NF,250,473,3.4,Dead,Dead,D,No,No,,,
2024,8/8/2024,Water Creek,C,RHMA ,2130,F,,,6.6,Alive,Healthy,H,No,No,"SM,AD,KR,LU",,
2022,2/22/2022,STEER Basin,C,RHMA ,2099,NF,242,182,4.5,Dead,Dead,D,No,No,,,
2022,2/22/2022,STEER Basin,C,UNK,2100,NF,210,306,6.1,Dead,Dead,D,No,No,,,
2022,2/22/2022,STEER Basin,C,RHMA ,2199,NF,245,381,4.1,Dead,Dead,D,No,No,,,
2022,2/22/2022,STEER Basin,C,RHMA ,2200,NF,205,454,4.1,Dead,Dead,D,No,No,,,
2022,10/15/2021,STEER Fringe,A,RHMA ,,NF,262,427,8.7,Dead,Unhealthy,U,No,Yes,"KH, LP, LU, HAS",,
2022,10/15/2021,STEER Fringe,A,RHMA ,,NF,262,565,3,Dead,Unhealthy,U,No,Yes,,,
2022,10/15/2021,STEER Fringe,A,RHMA ,,NF,258,380,4,Dead,Unhealthy,U,No,Yes,,,
2022,2/25/2022,Water Creek,B,RHMA ,2129,ID,320,528,4,Alive,Unhealthy,U,No,No,,,
2024,8/8/2024,Water Creek,C,RHMA ,2129,MP,,,4.3,Alive,Healthy,H,No,No,"SM,AD,KR,LU",,
2022,10/15/2021,STEER Fringe,A,RHMA ,,NF,225,371,2.6,Dead,Unhealthy,U,No,No,,,
2024,8/8/2024,Water Creek,C,LARA,2128,,,,7.6,Alive,Healthy,H,No,No,"SM,AD,KR,LU",,
2022,2/25/2022,Water Creek,B,RHMA ,2126,"F, ID",355,423,3,Alive,Unhealthy,U,No,Yes,,,
2024,8/8/2024,Water Creek,C,RHMA ,2126,NF,,,3.1,Alive,Healthy,H,No,No,"SM,AD,KR,LU","418, 2714",
2022,2/25/2022,Water Creek,B,COER,2125,NF,0,525,11,Alive,Healthy,H,No,Yes,,,
2024,8/8/2024,Water Creek,C,COER,2125,"IP, MP",,,11.7,Alive,Healthy,H,No,No,"SM,AD,KR,LU",,
2022,10/15/2021,STEER Fringe,A,RHMA ,,NF,125,291,2.8,Dead,Unhealthy,U,No,No,,,
2022,2/25/2022,Water Creek,B,RHMA ,2123,"ID, F",340,460,3.5,Alive,Healthy,H,No,No,,,
2022,2/25/2022,Water Creek,A,LARA,2121,NF,302,145,5.9,Alive,Unhealthy,U,No,No,,,
2024,8/8/2024,Water Creek,B,LARA,2121,NF,,,2.8,Alive,Unhealthy,U,,,"KR,SM,LU,JC,AND",,
2024,8/8/2024,Water Creek,B,LARA,2120,,,,5.7,Alive,Healthy,H,,,"KR,SM,LU,JC,AND",,
2022,10/15/2021,STEER Fringe,A,RHMA ,,NF,55,546,2.6,Dead,Unhealthy,U,No,No,,,
2022,10/15/2021,STEER Fringe,A,RHMA ,,NF,32,500,2.9,Dead,Unhealthy,U,No,No,,,
2022,10/15/2021,STEER Fringe,A,RHMA ,,NF,18,430,3.4,Dead,Unhealthy,U,No,No,,,
2022,10/15/2021,STEER Fringe,A,RHMA ,,NF,18,410,3.7,Dead,Unhealthy,U,No,No,,,
2022,10/15/2021,STEER Fringe,A,RHMA ,,NF,11,443,2.6,Dead,Unhealthy,U,No,No,,,
2022,10/15/2021,STEER Fringe,A,RHMA ,,NF,15,400,3.4,Dead,Unhealthy,U,No,No,,,
2022,2/25/2022,Water Creek,A,LARA,2119,NF,311,148,3.4,Alive,Unhealthy,U,No,No,,,
2022,10/15/2021,STEER Fringe,A,RHMA ,,NF,344,515,3.8,Dead,Unhealthy,U,No,No,,,
2022,10/15/2021,STEER Fringe,A,RHMA ,,NF,324,520,2.9,Dead,Unhealthy,U,No,No,,,
2024,8/8/2024,Water Creek,B,LARA,2119,IP,,,4.7,Alive,Healthy,H,,,"KR,SM,LU,JC,AND",,
2022,10/15/2021,STEER Fringe,A,RHMA ,,NF,304,418,2.5,Dead,Unhealthy,U,No,No,,,
2022,2/25/2022,Water Creek,A,LARA,2114,NF,297,513,3.2,Alive,Unhealthy,U,No,No,,,"Herbivory, Disease"
2022,10/15/2021,STEER Fringe,A,RHMA ,,NF,289,559,2.5,Dead,Unhealthy,U,No,No,,,
2024,8/8/2024,Water Creek,B,LARA,2114,"IP, MP",,,4,Alive,Healthy,H,No,No,"SM,AD,KR,LU",,
2022,2/25/2022,Water Creek,A,LARA,2113,NF,292,504,3,Alive,Unhealthy,U,No,No,,,"Herbivory, Disease"
2022,10/15/2021,STEER Fringe,B,RHMA ,,NF,145,565,18.7,Dead,Unhealthy,U,Yes,No,,,
2022,10/15/2021,STEER Fringe,B,UNK,,NF,145,529,4.5,Dead,Unhealthy,U,No,Yes,,,
2024,8/8/2024,Water Creek,B,LARA,2113,"IP, MP",,,4,Alive,Healthy,H,No,No,"SM,AD,KR,LU",,
2022,10/15/2021,STEER Fringe,B,LARA,,NF,141,564,7.3,Dead,Unhealthy,U,No,Yes,,,Old termites
2022,10/15/2021,STEER Fringe,B,RHMA ,,NF,141,563,10.2,Dead,Unhealthy,U,No,No,,,
2022,10/15/2021,STEER Fringe,B,RHMA ,,NF,147,425,13.6,Dead,Unhealthy,U,No,Yes,,,"Old termites, current ants"
2022,2/25/2022,Water Creek,A,COER,2112,F,48,554,8.4,Alive,Healthy,H,No,No,,,
2022,10/15/2021,STEER Fringe,B,RHMA ,,NF,136,558,13.3,Dead,Unhealthy,U,No,Yes,,,"Old termites, current ants"
2022,10/15/2021,STEER Fringe,B,RHMA ,,NF,136,525,7.2,Dead,Unhealthy,U,No,Yes,,,"Old termites, current ants"
2022,10/15/2021,STEER Fringe,B,RHMA ,,NF,136,497,13.3,Dead,Unhealthy,U,No,Yes,,,"Old termites, current ants"
2022,10/15/2021,STEER Fringe,B,RHMA ,,NF,136,532,6.3,Dead,Unhealthy,U,No,Yes,,,"Old termites, current ants"
2024,8/8/2024,Water Creek,B,COER,2112,"IP, MP",,,8.9,Alive,Unhealthy,U,,,"KR,SM,LU,JC,AND",,
2022,10/15/2021,STEER Fringe,B,RHMA ,,NF,174,170,4.8,Dead,Unhealthy,U,No,No,,,
2022,10/15/2021,STEER Fringe,B,RHMA ,,NF,174,134,6.8,Dead,Unhealthy,U,No,No,,,
2022,10/15/2021,STEER Fringe,B,LARA,,NF,155,565,12.9,Dead,Unhealthy,U,No,Yes,,,
2022,2/25/2022,Water Creek,A,COER,2111,F,47,556,6.7,Alive,Unhealthy,U,No,No,,,Disease
2022,10/15/2021,STEER Fringe,B,UNK,,NF,159,398,3.2,Dead,Unhealthy,U,No,No,,,
2022,10/15/2021,STEER Fringe,B,RHMA ,,NF,165,333,3.4,Dead,Unhealthy,U,No,No,,,
2022,10/15/2021,STEER Fringe,B,RHMA ,,NF,178,397,7.6,Dead,Unhealthy,U,No,No,,,
2024,8/8/2024,Water Creek,B,COER,2111,"IP, MP",,,6.8,Alive,Healthy,H,,,"KR,SM,LU,JC,AND",connected to R1673,
2022,2/25/2022,Water Creek,A,COER,2110,F,22,581,3.4,Alive,Healthy,H,No,No,,,
2022,10/15/2021,STEER Fringe,B,UNK,,NF,208,137,3.7,Dead,Unhealthy,U,No,No,,,
2022,10/15/2021,STEER Fringe,B,RHMA ,,NF,190,135,6.2,Dead,Unhealthy,U,No,No,,,
2024,8/8/2024,Water Creek,B,LARA,2110,,,6.02,3.7,Alive,Healthy,H,No,No,"SM,AD,KR,LU",,PULLED TAG
2022,10/15/2021,STEER Fringe,B,LARA,,NF,197,425,16.3,Dead,Unhealthy,U,No,Yes,,,
2022,2/25/2022,Water Creek,A,LARA,2108,NF,107,494,3.7,Alive,Unhealthy,U,No,No,,,"Herbivory, Disease"
2024,8/8/2024,Water Creek,B,LARA,2108,"IP, MP",,,4.8,Alive,Healthy,H,No,No,"SM,AD,KR,LU",,
2022,2/25/2022,Water Creek,A,COER,2107,NF,57,505,16.9,Alive,Unhealthy,U,No,Yes,,,"Herbivory, Disease"
2022,2/25/2022,Water Creek,A,LARA,2105,NF,40,218,4.4,Alive,Unhealthy,U,No,No,,,"Herbivory, Disease"
2022,2/25/2022,Water Creek,A,LARA,2104,NF,5,188,4.8,Alive,Unhealthy,U,No,No,,,"Herbivory, Disease"
2024,8/8/2024,Water Creek,B,LARA,2104,IP,,,5.4,Alive,Healthy,H,,,"KR,SM,LU,JC,AND",,
2022,2/25/2022,Water Creek,A,LARA,2103,NF,20,123,5,Alive,Unhealthy,U,No,No,,,"Herbivory, Disease"
2022,10/15/2021,STEER Fringe,B,RHMA ,,NF,222,132,4.5,Dead,Unhealthy,U,Yes,No,,,
2024,8/8/2024,Water Creek,B,LARA,2103,IP,,,5.2,Alive,Healthy,H,,,"KR,SM,LU,JC,AND",,
2022,2/25/2022,Water Creek,A,LARA,2102,NF,37,140,5.1,Alive,Unhealthy,U,No,No,,,"Herbivory, Disease"
2024,8/8/2024,Water Creek,B,LARA,2102,IP,,,5.4,Alive,Healthy,H,,,"KR,SM,LU,JC,AND",,
2022,2/25/2022,Water Creek,A,LARA,2101,NF,3,111,3.4,Alive,Unhealthy,U,No,No,,,"Herbivory, Disease"
2022,2/22/2022,STEER Basin,C,AVGE,2098,NF,221,359,3.9,Alive,Unhealthy,U,Yes,No,,,
2022,10/15/2021,STEER Fringe,B,LARA,,NF,210,491,4.6,Dead,Unhealthy,U,No,Yes,,,
2024,6/26/2024,STEER Basin,C,AVGE,2098,F,,,5.1,Alive,Healthy,H,No,No,"DG, KR",,
2022,2/22/2022,STEER Basin,C,AVGE,2096,NF,263,464,2.8,Alive,Unhealthy,U,Yes,No,,,"white spots, looks like fungus"
2024,6/26/2024,STEER Basin,C,AVGE,2096,F,,,5.1,Alive,Healthy,H,No,No,"DG, KR",,
2022,10/15/2021,STEER Fringe,B,RHMA ,,NF,210,484,4.2,Dead,Unhealthy,U,No,No,,,
2022,2/22/2022,STEER Basin,C,AVGE,2095,NF,260,487,2.5,Alive,Unhealthy,U,No,No,,,
2022,2/22/2022,STEER Basin,C,AVGE,2093,NF,278,318,2.5,Alive,Unhealthy,U,Yes,No,,,
2024,6/26/2024,STEER Basin,C,AVGE,2093,,,,5.4,Alive,Healthy,H,No,No,"DG, KR",,
2024,6/26/2024,STEER Basin,C,AVGE,2093,NF,,,5.5,Alive,Healthy,H,No,No,"DG, KR",,
2022,2/22/2022,STEER Basin,C,AVGE,2092,NF,280,302,3.5,Alive,Unhealthy,U,Yes,No,,,
2022,10/15/2021,STEER Fringe,B,RHMA ,,NF,250,220,6.7,Dead,Unhealthy,U,Yes,Yes,,,Old termites
2022,10/15/2021,STEER Fringe,B,LARA,,NF,235,359,5.9,Dead,Unhealthy,U,No,Yes,,,
2022,10/15/2021,STEER Fringe,B,UNK,,NF,195,379,16.1,Dead,Unhealthy,U,No,No,,,
2022,10/15/2021,STEER Fringe,B,RHMA ,,NF,295,144,9.9,Dead,Unhealthy,U,Yes,No,,,
2022,10/15/2021,STEER Fringe,B,LARA,,NF,240,550,2.8,Dead,Unhealthy,U,No,No,,,
2024,6/26/2024,STEER Basin,C,AVGE,2092,"F, ID, MD",,,6.3,Alive,Healthy,H,No,No,"DG, KR",,
2022,10/15/2021,STEER Fringe,B,LARA,,NF,307,44,2.5,Dead,Unhealthy,U,No,No,,,
2022,10/15/2021,STEER Fringe,B,LARA,,NF,297,235,12.1,Dead,Unhealthy,U,No,No,,,
2022,10/15/2021,STEER Fringe,B,LARA,,NF,309,130,6.6,Dead,Unhealthy,U,Yes,No,,,
2022,10/15/2021,STEER Fringe,B,RHMA ,,NF,311,153,4.1,Dead,Unhealthy,U,No,No,,,
2022,10/15/2021,STEER Fringe,B,RHMA ,,"F, ID",296,533,4.2,Dead,Unhealthy,U,No,Yes,,,
2022,10/15/2021,STEER Fringe,B,RHMA ,,NF,300,448,5.9,Dead,Unhealthy,U,No,Yes,,,Old termites
2022,10/15/2021,STEER Fringe,B,RHMA ,,NF,298,532,5.9,Dead,Unhealthy,U,No,No,,,
2022,10/15/2021,STEER Fringe,B,RHMA ,,NF,298,514,5.2,Dead,Unhealthy,U,No,No,,,
2022,2/22/2022,STEER Basin,C,AVGE,2089,NF,330,443,3.1,Alive,Unhealthy,U,No,No,,,
2022,10/15/2021,STEER Fringe,B,RHMA ,,NF,311,472,8,Dead,Unhealthy,U,No,No,,,
2022,10/15/2021,STEER Fringe,B,RHMA ,,NF,311,502,4.4,Dead,Unhealthy,U,No,No,,,
2022,10/15/2021,STEER Fringe,B,UNK,,NF,311,516,12.5,Dead,Unhealthy,U,No,No,,,"Might be 2.5, difficult to read the data sheet (smears)"
2022,10/15/2021,STEER Fringe,B,RHMA ,,NF,347,225,8.5,Dead,Unhealthy,U,No,No,,,
2022,10/15/2021,STEER Fringe,B,RHMA ,,NF,323,438,3.2,Dead,Unhealthy,U,No,No,,,
2022,10/15/2021,STEER Fringe,B,RHMA ,,NF,323,444,5.9,Dead,Unhealthy,U,No,No,,,
2022,10/15/2021,STEER Fringe,B,RHMA ,,NF,0,430,7.1,Dead,Unhealthy,U,No,Yes,,,
2022,10/15/2021,STEER Fringe,B,RHMA ,,NF,16,239,9.4,Dead,Unhealthy,U,No,No,,,
2022,10/15/2021,STEER Fringe,B,RHMA ,,NF,345,344,9.8,Dead,Unhealthy,U,No,No,,,
2022,10/15/2021,STEER Fringe,B,RHMA ,,NF,348,257,9.1,Dead,Unhealthy,U,No,No,,,
2024,6/26/2024,STEER Basin,C,AVGE,2089,,,,4,Alive,Healthy,H,No,No,"DG, KR",,
2022,10/15/2021,STEER Fringe,B,RHMA ,,NF,65,351,12.8,Dead,Unhealthy,U,No,No,,,Ants
2022,10/15/2021,STEER Fringe,B,RHMA ,,NF,65,462,10.9,Dead,Unhealthy,U,No,No,,,
2022,10/15/2021,STEER Fringe,B,RHMA ,,NF,48,482,10.9,Dead,Unhealthy,U,No,No,,,
2022,2/22/2022,STEER Basin,C,AVGE,2088,NF,350,413,5,Alive,Unhealthy,U,No,No,,,
2024,6/26/2024,STEER Basin,C,AVGE,2088,,,,5.6,Alive,Healthy,H,No,No,"DG, KR",,
2022,2/22/2022,STEER Basin,C,AVGE,2087,NF,355,461,5.5,Alive,Unhealthy,U,No,No,,,
2024,6/26/2024,STEER Basin,C,AVGE,2087,NF,,,6,Alive,Unhealthy,U,No,No,"DG, KR",,
2022,10/15/2021,STEER Fringe,B,RHMA ,,NF,106,509,7.3,Dead,Unhealthy,U,No,No,,,
2022,10/15/2021,STEER Fringe,B,RHMA ,,NF,102,473,5.8,Dead,Unhealthy,U,No,No,,,
2022,10/15/2021,STEER Fringe,B,RHMA ,,NF,83,390,7.8,Dead,Unhealthy,U,Yes,No,,,
2022,10/15/2021,STEER Fringe,B,RHMA ,,NF,112,414,13.9,Dead,Unhealthy,U,No,No,,,
2022,2/22/2022,STEER Basin,C,AVGE,2086,NF,356,432,3.4,Alive,Unhealthy,U,No,No,,,
2024,6/26/2024,STEER Basin,C,AVGE,2086,,,,7.9,Alive,Healthy,H,No,No,"DG, KR",,
2022,10/19/2021,STEER Fringe,C,RHMA ,,NF,50,381,6.4,Dead,Unhealthy,U,No,No,,,
2022,2/22/2022,STEER Basin,C,AVGE,2085,NF,342,420,2.7,Alive,Unhealthy,U,No,No,,,
2024,6/26/2024,STEER Basin,C,AVGE,2085,,,,3.1,Alive,Healthy,H,No,No,"DG, KR",,
2022,2/22/2022,STEER Basin,C,AVGE,2083,NF,9,423,6.6,Alive,Unhealthy,U,No,No,,,
2022,2/22/2022,STEER Basin,C,AVGE,2081,NF,11,534,3.6,Alive,Unhealthy,U,No,No,,,
2022,2/22/2022,STEER Basin,C,AVGE,2080,NF,356,527,2.7,Alive,Unhealthy,U,No,No,,,
2024,6/26/2024,STEER Basin,C,AVGE,2080,NF,,,4.1,Alive,Healthy,H,No,No,"DG, KR",,
2022,2/22/2022,STEER Basin,C,AVGE,2079,NF,356,518,2.5,Alive,Unhealthy,U,No,No,,,
2022,10/19/2021,STEER Fringe,C,RHMA ,,NF,44,463,9.4,Dead,Unhealthy,U,No,No,,,
2024,6/26/2024,STEER Basin,C,AVGE,2079,F,,,3.1,Alive,Healthy,H,No,No,"DG, KR",,
2022,2/22/2022,STEER Basin,C,AVGE,2078,NF,358,519,2.6,Alive,Unhealthy,U,No,No,,,
2022,2/22/2022,STEER Basin,C,AVGE,2077,NF,356,498,4.8,Alive,Unhealthy,U,No,No,,,
2022,2/25/2022,Water Creek,A,LARA,2074,NF,170,275,6.6,Alive,Healthy,H,No,Yes,,,
2022,2/25/2022,Water Creek,A,LARA,2073,NF,170,321,4.9,Alive,Healthy,H,No,No,,,
2022,10/19/2021,STEER Fringe,C,RHMA ,,NF,334,477,14.3,Dead,Unhealthy,U,No,No,,,
2022,10/19/2021,STEER Fringe,C,RHMA ,,NF,334,513,18,Dead,Unhealthy,U,No,No,,,
2022,10/19/2021,STEER Fringe,C,RHMA ,,NF,350,370,19.6,Dead,Unhealthy,U,No,No,,,
2022,10/19/2021,STEER Fringe,C,UNK,,NF,343,228,7,Dead,Unhealthy,U,No,No,,,
2022,10/19/2021,STEER Fringe,C,RHMA ,,NF,290,376,7.1,Dead,Unhealthy,U,No,No,,,
2022,2/25/2022,Water Creek,A,LARA,2068,NF,183,553,3,Alive,Unhealthy,U,No,No,,,Herbivory
2022,10/19/2021,STEER Fringe,C,RHMA ,,NF,290,350,17.5,Dead,Unhealthy,U,No,No,,,
2022,10/19/2021,STEER Fringe,C,RHMA ,,NF,154,453,11.5,Dead,Unhealthy,U,No,No,,,
2022,10/19/2021,STEER Fringe,C,RHMA ,,NF,168,411,6.5,Dead,Unhealthy,U,No,No,,,
2022,10/19/2021,STEER Fringe,C,RHMA ,,NF,176,475,6.8,Dead,Unhealthy,U,No,No,,,
2022,10/19/2021,STEER Fringe,C,RHMA ,,NF,208,402,13,Dead,Unhealthy,U,Yes,No,,,
2022,10/19/2021,STEER Fringe,C,RHMA ,,NF,215,560,9.5,Dead,Unhealthy,U,Yes,No,,,
2022,10/19/2021,STEER Fringe,C,RHMA ,,NF,270,520,12.3,Dead,Unhealthy,U,No,No,,,
2022,10/19/2021,STEER Fringe,C,RHMA ,,NF,280,410,7.9,Dead,Unhealthy,U,No,No,,,
2024,8/8/2024,Water Creek,B,LARA,2068,"IP, MP",,,3,Alive,Healthy,H,No,No,"SM,AD,KR,LU",,
2022,2/25/2022,Water Creek,A,LARA,2066,NF,160,449,3,Alive,Healthy,H,No,No,,,
2022,2/25/2022,Water Creek,A,LARA,2065,NF,160,364,7.9,Alive,Healthy,H,No,No,,,
2022,10/19/2021,STEER Fringe,C,UNK,,NF,310,421,8.1,Dead,Unhealthy,U,No,No,,,
2022,10/19/2021,STEER Fringe,C,UNK,,NF,334,379,14.9,Dead,Unhealthy,U,No,No,,,
2022,10/19/2021,STEER Fringe,C,UNK,,NF,7,240,8.5,Dead,Unhealthy,U,Yes,Yes,,,
2022,10/19/2021,STEER Fringe,C,UNK,,NF,355,235,6.1,Dead,Unhealthy,U,Yes,No,,,
2022,12/2/2021,Turner Bay,A,LARA,1032,NF,165,84,6.1,Dead,Dead,D,No,No,"LP, LU, KH, AJH",,
2022,2/25/2022,Water Creek,A,LARA,2063,NF,125,281,5.2,Alive,Unhealthy,U,No,No,,,
2022,2/25/2022,Water Creek,A,LARA,2062,NF,129,191,3.8,Alive,Healthy,H,No,No,,,
2022,2/25/2022,Water Creek,B,LARA,2061,NF,10,142,3.1,Alive,Healthy,H,No,No,,,
2022,12/2/2021,Turner Bay,A,LARA,1036,NF,160,198,3.9,Dead,Dead,D,No,No,"LP, LU, KH, AJH",,
2024,9/5/2024,Water Creek,C,LARA,2061,"IP, MP",,,3.5,Alive,Healthy,H,,,"KR,SM,LU,JC,AND",,
2022,12/2/2021,Turner Bay,A,LARA,1038,NF,172,126,2.9,Dead,Dead,D,No,No,"LP, LU, KH, AJH",,
2022,12/2/2021,Turner Bay,A,LARA,1039,NF,156,278,3,Dead,Dead,D,No,No,"LP, LU, KH, AJH",,
2022,2/25/2022,Water Creek,B,LARA,2060,NF,31,97,2.6,Alive,Unhealthy,U,No,No,,,
2022,2/25/2022,Water Creek,B,LARA,2059,NF,45,206,3.1,Alive,Healthy,H,No,No,,,
2022,12/2/2021,Turner Bay,A,LARA,1042,NF,120,354,5.1,Dead,Dead,D,No,No,"LP, LU, KH, AJH",,
2024,8/8/2024,Water Creek,C,LARA,2059,"IP, MP",,,3.3,Alive,Healthy,H,No,No,"SM,AD,KR,LU",,
2022,2/25/2022,Water Creek,B,LARA,2058,NF,44,226,3.6,Alive,Healthy,H,No,No,,,
2024,8/8/2024,Water Creek,C,LARA,2058,"IP, MP",,,5.1,Alive,Healthy,H,No,No,"SM,AD,KR,LU",,
2022,2/25/2022,Water Creek,B,LARA,2057,NF,43,276,4.1,Alive,Healthy,H,No,No,,,
2024,8/8/2024,Water Creek,C,LARA,2057,"IP, MP",,,4.1,Alive,Healthy,H,No,Yes,"SM,AD,KR,LU",,
2022,12/2/2021,Turner Bay,A,LARA,1048,NF,105,544,3.3,Dead,Dead,D,No,No,"LP, LU, KH, AJH",,
2022,12/2/2021,Turner Bay,A,LARA,1049,NF,94,435,2.5,Dead,Dead,D,No,No,"LP, LU, KH, AJH",,
2022,2/25/2022,Water Creek,B,THPO,2056,NF,38,546,5.2,Alive,Healthy,H,No,No,,,
2024,8/8/2024,Water Creek,C,THPO,2056,,,,,,, ,,,"SM,AD,KR,LU",,PULLED TAG
2022,2/25/2022,Water Creek,B,COER,2055,NF,53,486,2.6,Alive,Healthy,H,No,No,,,
2024,8/8/2024,Water Creek,C,COER,2055,MP,,,2.6,Alive,Healthy,H,No,No,"SM,AD,KR,LU",R1268,
2022,12/2/2021,Turner Bay,A,LARA,1054,NF,103,302,3.7,Dead,Dead,D,No,No,"LP, LU, KH, AJH",,
2022,2/25/2022,Water Creek,B,AVGE,2054,F,81,526,3.5,Alive,Healthy,H,No,No,,,
2022,2/25/2022,Water Creek,B,AVGE,2053,NF,80,510,2.9,Alive,Healthy,H,No,No,,,
2022,2/25/2022,Water Creek,B,LARA,2052,NF,85,420,2.5,Alive,Healthy,H,No,No,,,Herbivory
2022,12/2/2021,Turner Bay,A,LARA,1132,NF,82,92,4.5,Dead,Dead,D,No,No,"LU, LP",,
2022,2/25/2022,Water Creek,B,LARA,2051,NF,91,348,3.9,Alive,Healthy,H,No,No,,,Herbivory
2022,12/2/2021,Turner Bay,A,LARA,1134,NF,102,133,4.8,Dead,Dead,D,No,Yes,"LU, LP",,
2022,2/25/2022,Water Creek,B,LARA,2050,NF,103,485,3.8,Alive,Unhealthy,U,No,No,,,"top of stem dead, Herbivory"
2022,2/25/2022,Water Creek,B,LARA,2048,NF,93,383,3,Alive,Healthy,H,No,No,,,Herbivory
2022,12/2/2021,Turner Bay,A,LARA,1137,NF,90,261,2.9,Dead,Dead,D,No,Yes,"LU, LP",,
2022,12/2/2021,Turner Bay,A,LARA,1138,NF,75,237,4.7,Dead,Dead,D,No,Yes,"LU, LP",,
2022,2/25/2022,Water Creek,B,LARA,2047,NF,135,499,2.6,Alive,Healthy,H,No,No,,,Herbivory
2022,2/25/2022,Water Creek,B,LARA,2046,NF,130,183,3.5,Alive,Healthy,H,No,No,,,Herbivory
2022,12/2/2021,Turner Bay,A,LARA,1141,NF,83,301,3,Dead,Dead,D,No,Yes,"LU, LP",,
2022,12/2/2021,Turner Bay,A,LARA,1142,NF,67,304,4.3,Dead,Dead,D,No,Yes,"LU, LP",,
2022,12/2/2021,Turner Bay,A,LARA,1143,NF,67,324,4.8,Dead,Dead,D,No,Yes,"LU, LP",,
2022,2/25/2022,Water Creek,B,LARA,2045,NF,139,264,3.2,Alive,Healthy,H,No,No,,,Herbivory
2022,2/25/2022,Water Creek,B,LARA,2044,NF,142,249,3,Alive,Healthy,H,No,No,,,Herbivory
2022,2/25/2022,Water Creek,B,LARA,2043,NF,147,286,3.8,Alive,Healthy,H,No,No,,,Herbivory
2022,2/25/2022,Water Creek,B,LARA,2042,NF,191,158,3,Alive,Unhealthy,U,No,No,,,"main stem dead, Herbivory"
2022,2/25/2022,Water Creek,B,LARA,2041,NF,172,90,3.3,Alive,Healthy,H,No,No,,,Herbivory
2022,2/25/2022,Water Creek,B,RHMA ,2038,F,328,212,5.4,Alive,Healthy,H,No,No,,,some Herbivory
2022,12/2/2021,Turner Bay,A,LARA,1150,NF,77,531,3,Dead,Dead,D,No,No,"LU, LP",,
2022,12/2/2021,Turner Bay,A,LARA,1151,NF,86,498,3.3,Dead,Dead,D,No,Yes,"LU, LP",,
2024,8/8/2024,Water Creek,C,RHMA ,2038,"F, IP, MD",,,5.7,Alive,Healthy,H,No,No,"SM,AD,KR,LU",417,
2022,2/25/2022,Water Creek,C,COER,2027,NF,106,197,4.1,Alive,Unhealthy,U,No,Yes,,,
2022,2/25/2022,Water Creek,C,LARA,2026,NF,107,219,3.5,Alive,Healthy,H,No,No,,,
2022,2/25/2022,Water Creek,C,LARA,2025,NF,106,289,2.5,Alive,Healthy,H,No,No,,,
2022,12/2/2021,Turner Bay,A,LARA,1156,NF,63,442,2.6,Dead,Dead,D,No,No,"LU, LP",,
2022,2/25/2022,Water Creek,C,COER,2023,MD,60,559,5,Alive,Healthy,H,No,No,,,main stem dead
2022,2/25/2022,Water Creek,C,COER,2022,MD,63,542,2.5,Alive,Healthy,H,No,No,,,main stem dead
2022,2/25/2022,Water Creek,C,LARA,2021,NF,29,565,2.9,Alive,Healthy,H,No,No,,,
2022,2/25/2022,Water Creek,C,LARA,2020,NF,25,565,2.9,Alive,Healthy,H,No,No,,,
2022,12/2/2021,Turner Bay,A,LARA,1161,NF,57,372,3.1,Dead,Dead,D,No,Yes,"LU, LP",,
2022,2/25/2022,Water Creek,C,LARA,2019,NF,29,497,3.5,Alive,Healthy,H,No,No,,,
2022,2/25/2022,Water Creek,C,LARA,2018,NF,37,573,8.4,Alive,Healthy,H,No,No,,,main stem dead
2022,2/25/2022,Water Creek,C,LARA,2017,NF,35,397,2.6,Alive,Unhealthy,U,No,No,,,missing branches
2022,12/2/2021,Turner Bay,A,LARA,1165,NF,37,426,3.5,Dead,Dead,D,No,No,"LU, LP",,
2024,6/26/2024,STEER Basin,C,AVGE,2017,F,,,6.3,Alive,Healthy,H,No,No,"DG, KR",,
2022,2/25/2022,Water Creek,C,LARA,2015,NF,12,388,5,Alive,Healthy,H,No,No,,,
2022,12/2/2021,Turner Bay,A,LARA,1168,NF,57,518,3,Dead,Dead,D,No,No,"LU, LP",,
2022,2/25/2022,Water Creek,C,COER,2014,MD,25,171,3.8,Alive,Unhealthy,U,No,No,,,Herbivory
2022,12/3/2021,Reef Bay,A,AVGE,2000,NF,96,302,3,Alive,Unhealthy,U,No,No,"LU, LP ",,
2022,12/3/2021,Reef Bay,A,AVGE,1999,NF,101,483,3.8,Alive,Unhealthy,U,No,No,"LU, LP ",,Herbivory
2024,7/9/2024,Magens Bay,C,RHMA ,1999,NF,189,2.29,3,Alive,Healthy,H,No,No,"JS, JC",,
2024,9/18/2024,Reef Bay,A,AVGE,1999,NF,,,4,Alive,Healthy,H,No,No,"KR,SH",,pred
2022,12/3/2021,Reef Bay,A,LARA,1998,NF,69,490,4.5,Alive,Unhealthy,U,No,No,"LU, LP ",,Herbivory
2022,12/3/2021,Reef Bay,A,LARA,1997,NF,66,449,3.5,Alive,Unhealthy,U,No,No,"LU, LP ",,Herbivory
2024,9/18/2024,Reef Bay,A,LARA,1997,"IP, MP",,,4.3,Alive,Healthy,H,No,No,,,
2022,12/3/2021,Reef Bay,A,LARA,1996,NF,79,436,2.7,Alive,Healthy,H,No,No,"LU, LP ",,
2024,7/9/2024,Magens Bay,C,LARA,1996,NF,95,3.61,3.3,Alive,Healthy,H,No,No,"JS, JC",,
2024,9/18/2024,Reef Bay,A,LARA,1996,,,,4.5,Alive,Healthy,H,No,No,,,
2022,12/8/2021,Turner Bay,B,RHMA ,1995,NF,248,240,5.9,Alive,Unhealthy,U,No,No,"LU, KWG, KH, LP, AND",,1/2 branches dead
2024,7/9/2024,Magens Bay,C,RHMA ,1995,NF,113,5.54,2.8,Alive,Healthy,H,No,No,"JS, JC",,
2022,12/2/2021,Turner Bay,A,RHMA ,1182,NF,6,537,5.5,Dead,Dead,D,No,No,"LU, LP",,
2024,8/7/2024,Turner Bay,B,RHMA ,1995,NF,,,6.6,Alive,Healthy,H,No,No,"AND, KH, DG, LU",,
2022,12/8/2021,Turner Bay,B,RHMA ,1994,NF,277,228,3.7,Alive,Healthy,H,No,No,"LU, KWG, KH, LP, AND",,
2022,12/2/2021,Turner Bay,A,RHMA ,1185,NF,357,440,3.8,Dead,Dead,D,No,No,"LU, LP",,
2024,8/7/2024,Turner Bay,B,RHMA ,1994,NF,,,3.8,Alive,Healthy,H,No,No,"AND, KH, DG, LU",,
2022,12/8/2021,Turner Bay,B,RHMA ,1993,NF,286,277,9.9,Alive,Unhealthy,U,No,No,"LU, KWG, KH, LP, AND",,1/2 branches dead
2024,7/9/2024,Magens Bay,C,RHMA ,1993,"IP, MP",105,2.99,3.5,Alive,Healthy,H,No,No,"JS, JC",,
2024,8/7/2024,Turner Bay,B,RHMA ,1993,NF,,,11,Alive,Healthy,H,No,No,"AND, KH, DG, LU",,
2022,12/8/2021,Turner Bay,B,RHMA ,1992,NF,277,320,9.8,Alive,Healthy,H,No,No,"LU, KWG, KH, LP, AND",,
2024,8/7/2024,Turner Bay,B,RHMA ,1992,NF,,,11.5,Alive,Healthy,H,No,No,"AND, KH, DG, LU",,
2022,12/8/2021,Turner Bay,B,RHMA ,1991,NF,280,187,3.9,Alive,Healthy,H,No,No,"LU, KWG, KH, LP, AND",,
2024,8/7/2024,Turner Bay,B,RHMA ,1991,NF,,,4.3,Alive,Healthy,H,No,No,"AND, KH, DG, LU",,
2022,12/8/2021,Turner Bay,B,RHMA ,1990,NF,286,238,3.2,Alive,Unhealthy,U,No,No,"LU, KWG, KH, LP, AND",,no branches
2022,12/2/2021,Turner Bay,A,RHMA ,1195,NF,325,187,4.4,Dead,Dead,D,No,No,"LU, LP",,
2022,12/2/2021,Turner Bay,A,LARA,1196,NF,326,199,3.5,Dead,Dead,D,No,No,"LU, LP",,
2022,12/2/2021,Turner Bay,A,LARA,1197,NF,327,221,5.4,Dead,Dead,D,No,Yes,"LU, LP",,
2022,12/2/2021,Turner Bay,A,RHMA ,1198,NF,315,273,4.5,Dead,Dead,D,No,No,"LU, LP",,
2022,12/2/2021,Turner Bay,A,LARA,1199,NF,300,295,5.2,Dead,Dead,D,Yes,No,"LU, LP",,
2022,12/2/2021,Turner Bay,A,LARA,1200,NF,340,274,5.1,Dead,Dead,D,No,No,"LU, LP",,
2022,12/8/2021,Turner Bay,B,RHMA ,1989,NF,300,204,4.6,Alive,Healthy,H,No,No,"LU, KWG, KH, LP, AND",,
2024,8/7/2024,Turner Bay,B,RHMA ,1989,NF,,,4.8,Alive,Healthy,H,No,No,"AND, KH, DG, LU",,
2022,12/2/2021,Turner Bay,A,LARA,1404,NF,287,48,3.7,Dead,Dead,D,No,No,"LP, LU, KH, AJH",,
2022,12/2/2021,Turner Bay,A,LARA,1405,NF,345,263,4.4,Dead,Dead,D,No,No,"LP, LU, KH, AJH",,
2022,12/8/2021,Turner Bay,B,RHMA ,1987,NF,328,339,3.7,Alive,Unhealthy,U,No,No,"LU, KWG, KH, LP, AND",,some lower branches dead
2022,12/8/2021,Turner Bay,B,RHMA ,1986,NF,340,311,7.2,Alive,Healthy,H,No,No,"LU, KWG, KH, LP, AND",,some lower branches dead
2022,12/2/2021,Turner Bay,A,RHMA ,1408,NF,348,366,3.2,Dead,Dead,D,No,No,"LP, LU, KH, AJH",,
2022,12/2/2021,Turner Bay,A,LARA,1409,NF,345,443,4.7,Dead,Dead,D,No,No,"LU, LP",,
2022,12/2/2021,Turner Bay,A,LARA,1410,NF,346,434,4.7,Dead,Dead,D,No,No,"LU, LP",,
2022,12/2/2021,Turner Bay,A,LARA,1411,NF,339,466,5.4,Dead,Dead,D,Yes,No,"LU, LP",,
2022,12/2/2021,Turner Bay,A,LARA,1412,NF,349,441,4.2,Dead,Dead,D,No,No,"LU, LP",,
2022,12/2/2021,Turner Bay,A,LARA,1413,NF,349,441,2.8,Dead,Dead,D,No,No,"LU, LP",,
2024,8/7/2024,Turner Bay,B,RHMA ,1986,NF,,,7.9,Alive,Healthy,H,No,No,"AND, KH, DG, LU",,
2022,12/8/2021,Turner Bay,B,RHMA ,1985,NF,328,316,7.5,Alive,Healthy,H,No,No,"LU, KWG, KH, LP, AND",,
2024,8/7/2024,Turner Bay,B,RHMA ,1985,NF,,,8.4,Alive,Healthy,H,No,No,"AND, KH, DG, LU",,
2022,12/2/2021,Turner Bay,A,LARA,1417,NF,317,404,3.9,Dead,Dead,D,No,No,"LU, LP",,
2022,12/8/2021,Turner Bay,B,RHMA ,1984,NF,322,276,4.7,Alive,Unhealthy,U,No,No,"LU, KWG, KH, LP, AND",,lower branches dead
2024,8/7/2024,Turner Bay,B,RHMA ,1984,NF,,,5.1,Alive,Healthy,H,No,No,"AND, KH, DG, LU",,
2022,12/2/2021,Turner Bay,A,LARA,1421,NF,243,313,5.3,Dead,Dead,D,No,No,"LU, LP",,
2022,12/2/2021,Turner Bay,A,LARA,1422,NF,240,313,4.3,Dead,Dead,D,No,No,"LU, LP",,
2022,12/8/2021,Turner Bay,B,RHMA ,1983,NF,314,193,3.8,Alive,Healthy,H,No,No,"LU, KWG, KH, LP, AND",,
2024,8/7/2024,Turner Bay,B,RHMA ,1983,NF,,,3.9,Alive,Healthy,H,No,No,"AND, KH, DG, LU",,
2022,12/8/2021,Turner Bay,B,RHMA ,1982,NF,318,221,2.6,Alive,Unhealthy,U,No,No,"LU, KWG, KH, LP, AND",,main stem dead
2024,8/7/2024,Turner Bay,B,RHMA ,1982,NF,,,3.8,Alive,Healthy,H,No,No,"AND, KH, DG, LU",,
2022,12/8/2021,Turner Bay,B,RHMA ,1981,NF,326,166,5.3,Alive,Healthy,H,No,No,"LU, KWG, KH, LP, AND",,
2024,8/7/2024,Turner Bay,B,RHMA ,1981,NF,,,5.1,Alive,Healthy,H,No,No,"AND, KH, DG, LU",,
2022,12/8/2021,Turner Bay,B,RHMA ,1980,NF,308,140,3.7,Alive,Healthy,H,No,No,"LU, KWG, KH, LP, AND",,a littler herb
2024,8/7/2024,Turner Bay,B,RHMA ,1980,NF,,,3.9,Alive,Healthy,H,No,No,"AND, KH, DG, LU",,
2022,12/2/2021,Turner Bay,A,LARA,1431,NF,288,554,3.5,Dead,Dead,D,No,No,"LP, LU, KH, AJH",,
2022,12/2/2021,Turner Bay,A,RHMA ,1432,NF,239,165,3.1,Dead,Dead,D,No,No,"LP, LU, KH, AJH",,
2022,12/2/2021,Turner Bay,A,RHMA ,1433,NF,239,170,5.1,Dead,Dead,D,No,No,"LP, LU, KH, AJH",,
2022,12/8/2021,Turner Bay,B,RHMA ,1979,NF,288,117,8.3,Alive,Healthy,H,No,No,"LU, KWG, KH, LP, AND",,
2024,8/7/2024,Turner Bay,B,RHMA ,1979,NF,,,9.7,Alive,Healthy,H,No,No,"AND, KH, DG, LU",,
2022,12/8/2021,Reef Bay,C,AVGE,1978,NF,186,542,2.6,Alive,Unhealthy,U,No,No,,,"dead @ bottom, some Herbivory"
2024,7/9/2024,Magens Bay,C,RHMA ,1978,NF,80,5.15,2.7,Alive,Healthy,H,No,No,"JS, JC",,
2022,12/2/2021,Turner Bay,A,RHMA ,1437,NF,269,555,5.3,Dead,Dead,D,No,No,"LP, LU, KH, AJH",,
2022,12/2/2021,Turner Bay,A,RHMA ,1438,NF,240,543,5,Dead,Dead,D,No,No,"LP, LU, KH, AJH",,
2022,12/8/2021,Reef Bay,C,AVGE,1977,NF,189,532,2.5,Alive,Healthy,H,No,No,,,some Herbivory on leaves
2024,10/8/2024,Reef Bay,C,AVGE,1977,IP,,,2.6,Alive,Healthy,H,,,,,
2022,12/8/2021,Reef Bay,B,LARA,1975,NF,114,232,3.4,Alive,Healthy,H,No,No,"AND, HF, JON JON, KH",,dead branches on bottom 
2024,9/18/2024,Reef Bay,B,LARA,1975,NF,,,4,Alive,Healthy,H,No,No,,,
2022,12/8/2021,Reef Bay,B,LARA,1974,NF,122,205,4.6,Alive,Unhealthy,U,No,No,"AND, HF, JON JON, KH",,only top alive
2024,9/18/2024,Reef Bay,B,LARA,1974,NF,,,4.6,Alive,Healthy,H,No,No,,,
2024,9/18/2024,Reef Bay,A,AVGE,1973,,,,,Dying,Unhealthy,U,No,No,,,"Decap, no DBH"
2022,12/2/2021,Turner Bay,A,RHMA ,1448,NF,261,467,4.9,Dead,Dead,D,No,No,"LP, LU, KH, AJH",,
2022,12/8/2021,Reef Bay,B,AVGE,1972,NF,14,208,2.5,Alive,Healthy,H,No,No,"AND, HF, JON JON, KH",,"lots of Herbivory, boring root bugs"
2022,12/2/2021,Turner Bay,A,RHMA ,1450,NF,196,197,7,Dead,Dead,D,No,No,"LP, LU, KH, AJH",,
2022,12/2/2021,Turner Bay,A,RHMA ,1452,NF,259,440,4.8,Dead,Dead,D,No,No,"LP, LU, KH, AJH",,
2022,12/2/2021,Turner Bay,A,RHMA ,1453,NF,271,469,3.6,Dead,Dead,D,No,No,"LP, LU, KH, AJH",,
2022,12/2/2021,Turner Bay,A,RHMA ,1454,NF,263,371,6.4,Dead,Dead,D,No,No,"LP, LU, KH, AJH",,
2022,12/8/2021,Reef Bay,B,LARA,1971,NF,61,559,4.9,Alive,Healthy,H,No,No,"AND, HF, JON JON, KH",,some broken branches
2024,9/18/2024,Reef Bay,B,LARA,1971,NF,,,5.4,Alive,Healthy,H,No,No,"KR,SH",,
2022,12/8/2021,Reef Bay,B,LARA,1970,NF,57,577,4.5,Alive,Healthy,H,No,No,"AND, HF, JON JON, KH",,*OUT of plot* whoops
2024,9/18/2024,Reef Bay,B,LARA,1970,NF,,,5.8,Alive,Healthy,H,No,No,"KR,SH",,
2022,12/8/2021,Reef Bay,B,LARA,1969,NF,54,546,5.5,Alive,Unhealthy,U,No,No,"AND, HF, JON JON, KH",,only top alive
2022,12/8/2021,Reef Bay,B,LARA,1968,NF,56,486,2.9,Alive,Healthy,H,No,No,"AND, HF, JON JON, KH",,
2024,9/18/2024,Reef Bay,B,LARA,1968,NF,,,3.5,Alive,Healthy,H,No,No,"KR,SH",,
2022,12/8/2021,Reef Bay,B,LARA,1967,NF,52,494,3.6,Alive,Healthy,H,No,No,"AND, HF, JON JON, KH",,
2024,9/18/2024,Reef Bay,B,LARA,1967,NF,,,4.1,Alive,Healthy,H,No,No,"KR,SH",,
2022,12/8/2021,Reef Bay,B,LARA,1966,NF,48,484,3,Alive,Healthy,H,No,No,"AND, HF, JON JON, KH",,
2024,9/18/2024,Reef Bay,B,LARA,1966,NF,,,3,Alive,Healthy,H,No,No,"KR,SH",,
2022,12/8/2021,Reef Bay,B,LARA,1965,NF,52,469,4.5,Alive,Healthy,H,No,No,"AND, HF, JON JON, KH",,
2024,9/18/2024,Reef Bay,B,LARA,1965,NF,,,4.5,Alive,Healthy,H,No,No,"KR,SH",,
2022,12/2/2021,Turner Bay,A,RHMA ,1477,NF,196,249,5.6,Dead,Dead,D,No,No,"LP, LU, KH, AJH",,
2022,12/8/2021,Reef Bay,B,LARA,1964,NF,53,426,3.5,Alive,Unhealthy,U,No,No,"AND, HF, JON JON, KH",,1/2 dead
2024,9/18/2024,Reef Bay,B,LARA,1964,NF,,,3.4,Alive,Unhealthy,U,No,No,"KR,SH",,
2022,12/8/2021,Reef Bay,B,LARA,1963,NF,63,387,4,Alive,Unhealthy,U,No,Yes,"AND, HF, JON JON, KH",,only top alive
2024,9/18/2024,Reef Bay,B,LARA,1963,NF,,,3.9,Alive,Healthy,H,No,No,"KR,SH",,
2022,12/8/2021,Reef Bay,B,LARA,1962,NF,48,404,6.6,Alive,Healthy,H,No,No,"AND, HF, JON JON, KH",,
2024,9/18/2024,Reef Bay,B,LARA,1962,"F, IP, MP",,,7.4,Alive,Healthy,H,No,No,"KR,SH",,
2022,12/8/2021,Reef Bay,B,LARA,1961,NF,66,359,3.4,Alive,Unhealthy,U,No,No,"AND, HF, JON JON, KH",,only top alive
2022,12/2/2021,Turner Bay,A,LARA,1487,NF,203,520,2.9,Dead,Dead,D,No,No,"LP, LU, KH, AJH",,
2022,12/8/2021,Reef Bay,B,LARA,1960,NF,56,374,2.5,Alive,Healthy,H,No,No,"AND, HF, JON JON, KH",,
2024,7/9/2024,Magens Bay,C,RHMA ,1960,NF,140,4.96,2.5,Alive,Healthy,H,No,No,"JS, JC",,
2024,9/18/2024,Reef Bay,B,LARA,1960,IP,,,3.3,Alive,Healthy,H,No,No,"KR,SH",,
2022,12/8/2021,Reef Bay,B,LARA,1959,NF,64,368,4.5,Alive,Unhealthy,U,No,No,"AND, HF, JON JON, KH",,only top alive
2024,9/18/2024,Reef Bay,B,LARA,1959,NF,,,5.9,Alive,Healthy,H,No,No,"KR,SH",,
2022,12/8/2021,Reef Bay,B,LARA,1958,NF,58,352,3,Alive,Healthy,H,No,No,"AND, HF, JON JON, KH",,
2022,12/8/2021,Reef Bay,B,LARA,1957,NF,56,309,4.3,Alive,Unhealthy,U,No,No,"AND, HF, JON JON, KH",,bottome dead
2024,9/18/2024,Reef Bay,B,LARA,1957,MP,,,4.8,Alive,Healthy,H,No,No,"KR,SH",,
2022,12/8/2021,Reef Bay,B,LARA,1956,NF,65,323,3.2,Alive,Unhealthy,U,No,No,"AND, HF, JON JON, KH",,1/2 dead
2024,9/18/2024,Reef Bay,B,LARA,1956,NF,,,3.7,Alive,Healthy,H,No,No,"KR,SH",,
2022,12/8/2021,Reef Bay,B,LARA,1955,NF,62,466,2.6,Alive,Unhealthy,U,No,Yes,"AND, HF, JON JON, KH",,some branches dead
2022,12/2/2021,Turner Bay,A,LARA,1499,NF,130,499,3,Dead,Dead,D,No,No,"LP, LU, KH, AJH",,
2024,9/18/2024,Reef Bay,B,LARA,1955,NF,,,3.4,Alive,Healthy,H,No,No,"KR,SH",,
2022,12/8/2021,Reef Bay,B,LARA,1954,NF,68,495,3.5,Alive,Unhealthy,U,No,No,"AND, HF, JON JON, KH",,some branches dead
2024,7/9/2024,Magens Bay,C,RHMA ,1954,NF,150,4.71,4.3,Alive,Healthy,H,No,No,"JS, JC",,
2024,9/18/2024,Reef Bay,B,LARA,1954,NF,,,3.7,Alive,Unhealthy,U,No,No,"KR,SH",,predation bark
2022,12/2/2021,Turner Bay,B,RHMA ,1658,NF,105,93,3.5,Dead,Dead,D,No,No,"LP, LU, KH, AJH",,
2022,12/8/2021,Reef Bay,B,LARA,1953,NF,72,530,4.5,Alive,Unhealthy,U,No,No,"AND, HF, JON JON, KH",,some branches dead
2024,9/18/2024,Reef Bay,B,LARA,1953,NF,,,4.9,Alive,Healthy,H,No,No,"KR,SH",,
2022,12/8/2021,Reef Bay,B,LARA,1952,NF,74,538,5.4,Alive,Unhealthy,U,No,No,"AND, HF, JON JON, KH",,some branches dead
2022,12/2/2021,Turner Bay,B,RHMA ,1662,NF,251,389,4,Dead,Dead,D,No,No,"LP, LU, KH, AJH",,
2024,9/18/2024,Reef Bay,B,LARA,1952,NF,,,5.8,Alive,Healthy,H,No,No,"KR,SH",,
2022,12/8/2021,Reef Bay,B,LARA,1951,NF,68,470,3.3,Alive,Healthy,H,No,No,"AND, HF, JON JON, KH",,
2024,7/9/2024,Magens Bay,C,RHMA ,1951,NF,186,3.01,3.3,Alive,Healthy,H,No,No,"JS, JC",,
2022,12/2/2021,Turner Bay,B,RHMA ,1666,NF,239,496,5.9,Dead,Dead,D,No,No,"LP, LU, KH, AJH",,
2024,9/18/2024,Reef Bay,B,LARA,1951,NF,,,4.1,Alive,Healthy,H,No,No,"KR,SH",,
2022,12/8/2021,Reef Bay,B,LARA,1950,NF,72,446,3.6,Alive,Unhealthy,U,No,No,"AND, HF, JON JON, KH",,bottom dead
2022,12/2/2021,Turner Bay,B,RHMA ,1669,NF,220,453,3.7,Dead,Dead,D,No,No,"LP, LU, KH, AJH",,
2022,12/2/2021,Turner Bay,B,RHMA ,1670,NF,222,539,3.8,Dead,Dead,D,No,No,"LP, LU, KH, AJH",,
2024,9/18/2024,Reef Bay,B,LARA,1950,NF,,,3.9,Alive,Healthy,H,No,No,"KR,SH",,
2022,12/8/2021,Reef Bay,B,LARA,1949,NF,75,458,4.7,Alive,Unhealthy,U,No,No,"AND, HF, JON JON, KH",,bottom dead
2022,12/2/2021,Turner Bay,B,RHMA ,1673,NF,209,493,3,Dead,Dead,D,No,No,"LP, LU, KH, AJH",,
2024,7/9/2024,Magens Bay,C,RHMA ,1949,NF,86,3.99,4.8,Alive,Healthy,H,No,No,"JS, JC",,
2024,9/18/2024,Reef Bay,B,LARA,1949,NF,,,5.5,Alive,Healthy,H,No,No,"KR,SH",,
2022,12/8/2021,Reef Bay,B,LARA,1948,NF,78,498,4.7,Alive,Healthy,H,No,No,"AND, HF, JON JON, KH",,some Herbivory
2024,9/18/2024,Reef Bay,B,LARA,1948,MP,,,5.9,Alive,Healthy,H,No,No,"KR,SH",,
2022,12/8/2021,Reef Bay,B,LARA,1947,NF,84,552,3.8,Alive,Healthy,H,No,No,"AND, HF, JON JON, KH",,
2024,9/18/2024,Reef Bay,B,LARA,1947,NF,,,4.4,Alive,Healthy,H,No,No,"KR,SH",,
2022,12/8/2021,Reef Bay,B,LARA,1946,NF,85,512,2.6,Alive,Unhealthy,U,No,No,"AND, HF, JON JON, KH",,bottom 1/2 dead
2024,9/18/2024,Reef Bay,B,LARA,1946,NF,,,2.9,Alive,Healthy,H,No,No,"KR,SH",,
2022,12/8/2021,Reef Bay,B,LARA,1945,NF,97,550,4,Alive,Unhealthy,U,No,No,"AND, HF, JON JON, KH",,bottom 1/2 dead
2024,9/18/2024,Reef Bay,B,LARA,1945,NF,,,3.9,Alive,Unhealthy,U,No,No,"KR,SH",,no leaves
2022,12/8/2021,Reef Bay,B,LARA,1944,NF,92,537,3,Alive,Unhealthy,U,No,No,"AND, HF, JON JON, KH",,bottom 1/2 dead
2024,9/18/2024,Reef Bay,B,LARA,1944,NF,,,3,Alive,Healthy,H,No,No,"KR,SH",,
2022,12/8/2021,Reef Bay,B,LARA,1943,NF,89,557,3,Alive,Healthy,H,No,No,"AND, HF, JON JON, KH",,some bottom dead
2024,9/18/2024,Reef Bay,B,LARA,1943,NF,,,3.3,Alive,Healthy,H,No,No,"KR,SH",,
2022,12/2/2021,Turner Bay,B,RHMA ,1688,NF,192,334,2.8,Dead,Dead,D,No,No,"LP, LU, KH, AJH",,
2022,12/2/2021,Turner Bay,B,RHMA ,1689,NF,189,295,4.3,Dead,Dead,D,No,No,"LP, LU, KH, AJH",,
2022,12/8/2021,Reef Bay,B,LARA,1942,NF,94,533,3,Alive,Unhealthy,U,No,Yes,"AND, HF, JON JON, KH",,mostly dead
2022,12/2/2021,Turner Bay,B,RHMA ,1691,NF,199,204,3.5,Dead,Dead,D,No,No,"LP, LU, KH, AJH",,
2024,9/18/2024,Reef Bay,B,LARA,1942,NF,,,3.5,Alive,Unhealthy,U,No,No,"KR,SH",,
2022,12/8/2021,Reef Bay,B,LARA,1941,NF,94,547,3.1,Alive,Unhealthy,U,No,No,"AND, HF, JON JON, KH",,only top alive
2024,9/18/2024,Reef Bay,B,LARA,1941,NF,,,3.5,Alive,Healthy,H,No,No,"KR,SH",,
2022,12/8/2021,Reef Bay,B,LARA,1940,NF,98,517,3,Alive,Unhealthy,U,No,No,"AND, HF, JON JON, KH",,only top alive
2024,9/18/2024,Reef Bay,B,LARA,1940,NF,,,3.5,Alive,Healthy,H,No,No,"KR,SH",,
2022,12/8/2021,Reef Bay,B,LARA,1939,NF,89,432,3.2,Alive,Unhealthy,U,No,No,"AND, HF, JON JON, KH",,only top alive
2022,12/2/2021,Turner Bay,B,RHMA ,1698,NF,213,121,4.6,Dead,Dead,D,No,No,"LP, LU, KH, AJH",,
2024,9/18/2024,Reef Bay,B,LARA,1939,NF,,,3.1,Alive,Unhealthy,U,No,No,"KR,SH",,
2022,12/8/2021,Reef Bay,B,LARA,1938,NF,90,478,4,Alive,Unhealthy,U,No,Yes,"AND, HF, JON JON, KH",,only top alive
2024,9/18/2024,Reef Bay,B,LARA,1938,NF,,,4,Alive,Unhealthy,U,No,No,"KR,SH",,
2022,12/8/2021,Reef Bay,B,LARA,1937,NF,92,468,2.9,Alive,Unhealthy,U,No,No,"AND, HF, JON JON, KH",,few living branches
2022,12/8/2021,Reef Bay,B,LARA,1936,NF,96,473,2.8,Alive,Unhealthy,U,No,Yes,"AND, HF, JON JON, KH",,lots of Herbivory
2024,9/18/2024,Reef Bay,B,LARA,1936,,,,,,,,,,"KR,SH",,tag found on ground
2022,12/8/2021,Reef Bay,B,LARA,1935,NF,113,452,2.7,Alive,Healthy,H,No,No,"AND, HF, JON JON, KH",,some Herbivory
2024,9/18/2024,Reef Bay,B,LARA,1935,NF,,,3.1,Alive,Healthy,H,No,No,,,
2022,12/8/2021,Reef Bay,B,LARA,1934,NF,105,470,5.5,Alive,Unhealthy,U,No,No,"AND, HF, JON JON, KH",,lots of Herbivory
2024,9/18/2024,Reef Bay,B,LARA,1934,NF,,,5.8,Alive,Healthy,H,No,No,"KR,SH",,
2022,12/8/2021,Reef Bay,B,LARA,1933,NF,94,487,4,Alive,Healthy,H,No,No,"AND, HF, JON JON, KH",,
2024,9/18/2024,Reef Bay,B,LARA,1933,NF,,,4.3,Alive,Healthy,H,No,No,"KR,SH",,
2022,12/8/2021,Reef Bay,B,LARA,1932,NF,102,484,2.5,Alive,Unhealthy,U,No,No,"AND, HF, JON JON, KH",,only sm part alive
2024,7/9/2024,Magens Bay,C,RHMA ,1932,NF,174,3.37,2.6,Alive,Healthy,H,No,No,"JS, JC",,
2024,9/18/2024,Reef Bay,B,LARA,1932,NF,,,3,Alive,Unhealthy,U,No,No,"KR,SH",,no leaves
2022,12/8/2021,Reef Bay,B,LARA,1931,NF,103,480,4.7,Alive,Unhealthy,U,No,No,"AND, HF, JON JON, KH",,only top alive
2024,9/18/2024,Reef Bay,B,LARA,1931,NF,,,5,Alive,Unhealthy,U,No,No,"KR,SH",,
2022,12/8/2021,Reef Bay,B,LARA,1930,NF,95,422,5,Alive,Unhealthy,U,No,No,"AND, HF, JON JON, KH",,only top alive
2024,9/18/2024,Reef Bay,B,LARA,1930,NF,,,4.9,Alive,Healthy,H,No,No,,,
2024,7/8/2024,STEER Basin,B,AVGE,1930,F,280,3.82,3.2,Alive,Healthy,H,No,No,"LU, SM, KWG",,
2022,12/8/2021,Reef Bay,B,LARA,1929,NF,105,416,3.9,Alive,Unhealthy,U,No,No,"AND, HF, JON JON, KH",,only top alive
2022,12/8/2021,Turner Bay,B,RHMA ,1655,NF,57,50,4.1,Dead,Dead,D,No,No,"LP, LU, ?",,
2024,8/7/2024,Turner Bay,C,RHMA ,1929,,95,5.37,4,Alive,Healthy,H,No,No,"AND, KH, DG, LU",,
2022,12/8/2021,Reef Bay,B,LARA,1926,,97,364,5.8,Alive,Unhealthy,U,No,No,"AND, HF, JON JON, KH",,bottom branches dead
2024,9/18/2024,Reef Bay,B,LARA,1926,"IP, MP",,,5.7,Alive,Healthy,H,No,No,,,
2022,12/8/2021,Turner Bay,B,RHMA ,1703,NF,242,144,2.9,Dead,Dead,D,No,No,"LU, KWG, KH, LP, AND",,
2022,12/8/2021,Reef Bay,B,LARA,1925,NF,106,340,5.6,Alive,Unhealthy,U,No,No,"AND, HF, JON JON, KH",,"all bottom branches dead, Herbivory"
2024,9/18/2024,Reef Bay,B,LARA,1925,"F, IP",,,6.1,Alive,Healthy,H,No,No,,,
2022,12/8/2021,Reef Bay,B,LARA,1924,NF,112,341,4.5,Alive,Unhealthy,U,No,No,"AND, HF, JON JON, KH",,"all bottom branches dead, Herbivory"
2024,9/18/2024,Reef Bay,B,LARA,1924,NF,,,4.9,Alive,Healthy,H,No,No,,,
2022,12/8/2021,Reef Bay,B,LARA,1923,NF,109,289,4.1,Alive,Unhealthy,U,No,No,"AND, HF, JON JON, KH",,only top alive
2022,12/8/2021,Turner Bay,B,RHMA ,1710,NF,269,429,3.4,Dead,Dead,D,No,No,"LU, KWG, KH, LP, AND",,
2024,9/18/2024,Reef Bay,B,LARA,1923,NF,,,5.1,Alive,Healthy,H,No,No,,,
2022,12/8/2021,Reef Bay,B,LARA,1922,NF,110,279,3.7,Alive,Unhealthy,U,No,No,"AND, HF, JON JON, KH",,only top alive
2024,9/18/2024,Reef Bay,B,LARA,1922,NF,,,4.5,Alive,Healthy,H,No,No,,,
2022,12/8/2021,Reef Bay,B,LARA,1921,NF,108,253,2.5,Alive,Unhealthy,U,No,No,"AND, HF, JON JON, KH",,
2022,12/8/2021,Reef Bay,B,LARA,1920,NF,94,375,6.2,Alive,Unhealthy,U,No,No,"AND, HF, JON JON, KH",,"lots of Herbivory, bottom 1/2 dead"
2024,9/18/2024,Reef Bay,B,LARA,1920,NF,,,6.8,Alive,Healthy,H,No,No,,,
2022,12/8/2021,Reef Bay,B,LARA,1919,NF,88,385,4.3,Alive,Unhealthy,U,No,No,"AND, HF, JON JON, KH",,only top alive 
2022,12/8/2021,Turner Bay,B,RHMA ,1718,NF,306,565,3.8,Dead,Dead,D,No,No,"LU, KWG, KH, LP, AND",,
2024,7/9/2024,Magens Bay,C,RHMA ,1919,NF,115,3.38,3.3,Alive,Healthy,H,No,No,"JS, JC",,
2024,9/18/2024,Reef Bay,B,LARA,1919,NF,,,5.1,Alive,Healthy,H,No,No,,,
2022,12/8/2021,Reef Bay,B,LARA,1918,NF,99,275,3.6,Alive,Unhealthy,U,No,No,"AND, HF, JON JON, KH",,bottom branches dead
2022,12/8/2021,Turner Bay,B,RHMA ,1722,NF,326,544,3,Dead,Dead,D,No,No,"LU, KWG, KH, LP, AND",,
2022,12/8/2021,Turner Bay,B,RHMA ,1723,NF,325,550,3.5,Dead,Dead,D,No,No,"LU, KWG, KH, LP, AND",,
2022,12/8/2021,Reef Bay,B,LARA,1917,NF,89,343,4,Alive,Unhealthy,U,No,No,"AND, HF, JON JON, KH",,"only top alive, Herbivory"
2024,7/9/2024,Magens Bay,C,RHMA ,1917,NF,95,5.06,3.7,Alive,Healthy,H,No,No,"JS, JC",,
2024,9/18/2024,Reef Bay,B,LARA,1917,"IP, MP",,,4.6,Alive,Healthy,H,No,No,,,
2022,12/8/2021,Reef Bay,B,LARA,1916,NF,82,332,2.7,Alive,Unhealthy,U,No,No,"AND, HF, JON JON, KH",,1/2 branches dead
2022,12/8/2021,Reef Bay,B,LARA,1915,NF,85,324,3.3,Alive,Unhealthy,U,No,No,"AND, HF, JON JON, KH",,lots of Herbivory
2022,12/8/2021,Turner Bay,B,RHMA ,1730,NF,345,487,4.6,Dead,Dead,D,No,No,"LU, KWG, KH, LP, AND",,
2022,12/8/2021,Turner Bay,B,RHMA ,1731,NF,358,474,3.1,Dead,Dead,D,No,No,"LU, KWG, KH, LP, AND",,
2022,12/8/2021,Turner Bay,B,RHMA ,1732,NF,350,438,2.9,Dead,Dead,D,No,No,"LU, KWG, KH, LP, AND",,
2024,9/18/2024,Reef Bay,B,LARA,1915,NF,,,3.8,Alive,Healthy,H,No,No,,,
2022,12/8/2021,Reef Bay,B,LARA,1914,NF,73,311,4.9,Alive,Healthy,H,No,No,"AND, HF, JON JON, KH",,
2024,9/18/2024,Reef Bay,B,LARA,1914,"IP, MP",,,5.3,Alive,Healthy,H,No,No,"KR,SH",,
2022,12/8/2021,Reef Bay,B,LARA,1913,NF,71,284,2.5,Alive,Healthy,H,No,No,"AND, HF, JON JON, KH",,
2022,12/8/2021,Turner Bay,B,RHMA ,1737,NF,4,303,2.5,Dead,Dead,D,No,No,"LU, KWG, KH, LP, AND",,
2022,12/8/2021,Turner Bay,B,RHMA ,1738,NF,5,476,2.5,Dead,Dead,D,No,No,"LU, KWG, KH, LP, AND",,
2022,12/8/2021,Turner Bay,B,RHMA ,1739,NF,12,478,3,Dead,Dead,D,No,No,"LU, KWG, KH, LP, AND",,
2022,12/8/2021,Turner Bay,B,RHMA ,1740,NF,5,523,3.1,Dead,Dead,D,No,No,"LU, KWG, KH, LP, AND",,
2024,9/18/2024,Reef Bay,B,LARA,1913,NF,,,3.3,Alive,Healthy,H,No,No,"KR,SH",,
2022,12/8/2021,Reef Bay,B,LARA,1912,NF,69,266,5.7,Alive,Healthy,H,No,No,"AND, HF, JON JON, KH",,
2024,9/18/2024,Reef Bay,B,LARA,1912,NF,,,6.4,Alive,Healthy,H,No,No,"KR,SH",,
2022,12/8/2021,Reef Bay,B,LARA,1911,NF,72,226,3.3,Alive,Healthy,H,No,No,"AND, HF, JON JON, KH",,some Herbivory
2024,9/18/2024,Reef Bay,B,LARA,1911,NF,,,3.1,Alive,Unhealthy,U,No,No,"KR,SH",,
2022,12/8/2021,Reef Bay,B,LARA,1910,NF,74,236,5.6,Alive,Healthy,H,No,No,"AND, HF, JON JON, KH",,some Herbivory
2024,9/18/2024,Reef Bay,B,LARA,1910,NF,,,6.5,Alive,Healthy,H,No,No,"KR,SH",,
2022,12/8/2021,Reef Bay,B,LARA,1909,NF,87,280,3,Alive,Unhealthy,U,No,No,"AND, HF, JON JON, KH",,"dead branches, Herbivory"
2022,12/8/2021,Turner Bay,B,RHMA ,1749,NF,79,319,3.8,Dead,Dead,D,No,No,"LU, KWG, KH, LP, AND",,
2024,9/18/2024,Reef Bay,B,LARA,1909,NF,,,3.3,Alive,Healthy,H,No,No,,,
2022,12/8/2021,Reef Bay,B,LARA,1908,NF,93,271,2.7,Alive,Healthy,H,No,No,"AND, HF, JON JON, KH",,
2024,9/18/2024,Reef Bay,B,LARA,1908,NF,98,2.59,2.8,Alive,Healthy,H,No,No,,,
2022,12/8/2021,Reef Bay,B,LARA,1907,NF,86,234,2.9,Alive,Healthy,H,No,No,"AND, HF, JON JON, KH",,LOTS OF Herbivory
2024,9/18/2024,Reef Bay,B,LARA,1907,NF,,,3,Alive,Healthy,H,No,No,"KR,SH",,
2022,12/8/2021,Reef Bay,B,LARA,1906,NF,100,216,2.7,Alive,Healthy,H,No,No,"AND, HF, JON JON, KH",,LOTS OF Herbivory
2024,9/18/2024,Reef Bay,B,LARA,1906,NF,,,3,Alive,Healthy,H,No,No,,,
2022,12/8/2021,Reef Bay,B,LARA,1905,NF,106,151,2.9,Alive,Healthy,H,No,No,"AND, HF, JON JON, KH",,LOTS OF Herbivory
2022,12/8/2021,Reef Bay,B,LARA,1904,NF,105,142,3.2,Alive,Healthy,H,No,No,"AND, HF, JON JON, KH",,
2024,9/18/2024,Reef Bay,B,LARA,1904,NF,,,3.4,Alive,Healthy,H,No,No,,,
2022,12/8/2021,Reef Bay,B,LARA,1903,NF,95,223,5.8,Alive,Healthy,H,No,No,"AND, HF, JON JON, KH",,
2022,12/8/2021,Turner Bay,B,RHMA ,1988,NF,319,350,4.3,Dead,Unhealthy,U,No,No,"LU, KWG, KH, LP, AND",,
2024,9/18/2024,Reef Bay,B,LARA,1903,"IP, MP",,,5.9,Alive,Healthy,H,No,No,"KR,SH",,
2022,12/8/2021,Reef Bay,B,LARA,1902,NF,87,175,4.7,Alive,Healthy,H,No,No,"AND, HF, JON JON, KH",,
2024,9/18/2024,Reef Bay,B,LARA,1902,"IP, MP",,,5.3,Alive,Healthy,H,No,No,"KR,SH",,
2022,12/8/2021,Reef Bay,B,LARA,1901,IP,48,111,4.1,Alive,Healthy,H,No,No,"AND, HF, JON JON, KH",,
2022,4/5/2022,Mary Creek,A,RHMA ,1881,NF,263,254,3.6,Alive,Unhealthy,U,No,No,,,"main stem dead, Herbivory"
2022,12/8/2021,Turner Bay,C,LARA,1874,NF,219,67,3.1,Alive,Unhealthy,U,No,No,"LP, LU, ?",,50% dead
2024,8/7/2024,Turner Bay,C,LARA,1874,NF,,,3.8,Alive,Healthy,H,No,No,"AND, KH, DG, LU",,
2022,12/8/2021,Turner Bay,C,LARA,1873,NF,270,75,2.6,Alive,Healthy,H,No,No,"LP, LU, ?",,
2024,8/7/2024,Turner Bay,C,LARA,1873,NF,,,2.6,Alive,Unhealthy,U,No,No,"AND, KH, DG, LU",,
2022,12/8/2021,Turner Bay,C,RHMA ,1872,NF,231,193,2.9,Alive,Healthy,H,No,No,"LP, LU, ?",,
2024,8/7/2024,Turner Bay,C,RHMA ,1872,NF,,,3.6,Alive,Healthy,H,No,No,"AND, KH, DG, LU",,
2022,12/8/2021,Turner Bay,C,LARA,1871,NF,231,179,2.9,Alive,Unhealthy,U,No,No,"LP, LU, ?",,50% dead
2024,8/7/2024,Turner Bay,C,LARA,1871,NF,,,3.8,Alive,Healthy,H,No,No,"AND, KH, DG, LU",,
2022,12/8/2021,Turner Bay,C,LARA,1870,NF,241,161,3.5,Alive,Unhealthy,U,No,No,"LP, LU, ?",,
2024,8/7/2024,Turner Bay,C,LARA,1870,NF,,,4.5,Alive,Unhealthy,U,No,No,"AND, KH, DG, LU",,
2022,12/8/2021,Turner Bay,C,LARA,1869,NF,241,178,3.2,Alive,Unhealthy,U,No,No,"LP, LU, ?",,only top alive
2024,8/7/2024,Turner Bay,C,LARA,1869,NF,,,4.1,Alive,Unhealthy,U,No,No,"AND, KH, DG, LU",,
2022,12/8/2021,Turner Bay,C,LARA,1868,NF,250,212,3.3,Alive,Unhealthy,U,No,No,"LP, LU, ?",,
2022,12/8/2021,Turner Bay,C,RHMA ,1600,NF,356,288,3,Dead,Dead,D,No,No,"LU, KWG, KH, LP, AND",,
2024,8/7/2024,Turner Bay,C,LARA,1868,NF,,,4.7,Alive,Unhealthy,U,No,No,"AND, KH, DG, LU",,
2022,12/8/2021,Turner Bay,C,LARA,1867,NF,250,242,2.8,Alive,Unhealthy,U,No,No,"LP, LU, ?",,lower branched dead
2024,8/7/2024,Turner Bay,C,LARA,1867,NF,,,3.4,Alive,Healthy,H,No,No,"AND, KH, DG, LU",,
2022,12/8/2021,Turner Bay,C,LARA,1866,NF,247,360,3,Alive,Healthy,H,No,No,"LP, LU, ?",,
2024,8/7/2024,Turner Bay,C,LARA,1866,NF,,,3.9,Alive,Healthy,H,No,No,"AND, KH, DG, LU",,
2022,12/8/2021,Turner Bay,C,RHMA ,1865,NF,246,518,7.3,Alive,Healthy,H,No,No,"LP, LU, ?",,
2024,8/7/2024,Turner Bay,C,RHMA ,1865,,,,7.5,Alive,Healthy,H,No,No,"AND, KH, DG, LU",,
2022,12/8/2021,Turner Bay,C,RHMA ,1864,F,235,471,7.1,Alive,Healthy,H,No,No,"LP, LU, ?",,
2024,8/7/2024,Turner Bay,C,RHMA ,1864,,,,6.9,Alive,Healthy,H,No,No,"AND, KH, DG, LU",,
2024,8/7/2024,Turner Bay,C,LARA,1861,NF,,,3.5,Alive,Healthy,H,No,No,"AND, KH, DG, LU",,
2022,12/8/2021,Turner Bay,C,RHMA ,1859,"F, ID",286,389,11.1,Alive,Healthy,H,No,No,"LP, LU, ?",,
2024,8/7/2024,Turner Bay,C,RHMA ,1859,NF,,,14.7,Alive,Healthy,H,No,No,"AND, KH, DG, LU",,
2022,12/8/2021,Turner Bay,C,RHMA ,1855,NF,314,220,3.2,Alive,Unhealthy,U,No,No,"LP, LU, ?",,top dead
2022,12/8/2021,Turner Bay,C,RHMA ,1854,NF,315,261,5,Alive,Unhealthy,U,No,No,"LP, LU, ?",,"down, but living shoots"
2022,12/8/2021,Turner Bay,C,RHMA ,1853,NF,360,244,6.3,Alive,Healthy,H,No,No,"LP, LU, ?",,
2024,8/7/2024,Turner Bay,C,RHMA ,1853,NF,,,6.7,Alive,Healthy,H,No,No,"AND, KH, DG, LU",,
2022,12/8/2021,Turner Bay,C,RHMA ,1852,NF,354,278,4.1,Alive,Unhealthy,U,No,No,"LP, LU, ?",,top dead
2022,12/8/2021,Turner Bay,C,RHMA ,1620,NF,41,353,3.6,Dead,Dead,D,No,No,"LU, KWG, KH, LP, AND",,
2024,8/7/2024,Turner Bay,C,RHMA ,1852,NF,,,4.1,Alive,Healthy,H,No,No,"AND, KH, DG, LU",,
2022,12/8/2021,Turner Bay,C,RHMA ,1851,"F, ID",348,324,6,Alive,Healthy,H,No,No,"LP, LU, ?",,Azi not recorded but assumed from surrounding trees
2024,8/7/2024,Turner Bay,C,RHMA ,1851,NF,,,5.7,Alive,Healthy,H,No,No,"AND, KH, DG, LU",1588,
2024,6/26/2024,STEER Basin,C,LARA,1823,,,,6.8,Alive,Healthy,H,No,No,"DG, KR",,
2022,2/22/2022,STEER Basin,C,AVGE,1820,NF,39,154,2.7,Alive,Unhealthy,U,Yes,No,,,
2024,6/26/2024,STEER Basin,C,LARA,1820,F,,,7,Alive,Healthy,H,No,No,"DG, KR",,
2022,12/8/2021,Turner Bay,C,LARA,1627,NF,60,179,2.9,Dead,Dead,D,No,No,"LU, KWG, KH, LP, AND",,
2022,2/22/2022,STEER Basin,C,AVGE,1817,NF,50,309,2.5,Alive,Unhealthy,U,Yes,No,,,
2024,6/26/2024,STEER Basin,C,LARA,1817,,,,3.2,Alive,Healthy,H,No,No,"DG, KR",,
2022,2/22/2022,STEER Basin,C,AVGE,1816,NF,44,311,3.1,Alive,Unhealthy,U,Yes,No,,,
2024,6/26/2024,STEER Basin,C,LARA,1816,,,,6.6,Alive,Healthy,H,No,No,"DG, KR",,
2022,2/22/2022,STEER Basin,C,AVGE,1810,NF,158,447,2.5,Alive,Healthy,H,Yes,No,,,Herbivory
2024,6/26/2024,STEER Basin,C,AVGE,1810,NF,190,,6.4,Alive,Healthy,H,No,No,"DG, KR",,
2022,2/22/2022,STEER Basin,C,AVGE,1809,NF,155,424,2.5,Alive,Healthy,H,Yes,No,,,Herbivory
2022,12/8/2021,Turner Bay,C,LARA,1806,ID,233,279,2.5,Alive,Unhealthy,U,No,No,"LP, LU, ?",,50% dead
2022,12/8/2021,Turner Bay,C,RHMA ,1805,NF,,365,2.5,Alive,Healthy,H,No,No,"LP, LU, ?",,
2022,12/8/2021,Turner Bay,C,LARA,1804,MD,225,298,2.5,Alive,Unhealthy,U,No,No,"LP, LU, ?",,
2024,8/7/2024,Turner Bay,C,LARA,1804,NF,,,2.3,Alive,Unhealthy,U,No,No,"AND, KH, DG, LU",,
2022,12/8/2021,Turner Bay,C,LARA,1803,NF,225,300,2.5,Alive,Unhealthy,U,No,No,"LP, LU, ?",,50% dead
2024,8/7/2024,Turner Bay,C,RHMA ,1803,NF,,,2.5,Alive,Unhealthy,U,No,No,"AND, KH, DG, LU",,
2022,12/8/2021,Turner Bay,C,LARA,1759,NF,217,253,2.5,Dead,Dead,D,No,No,"LP, LU, ?",,
2022,12/8/2021,Turner Bay,C,RHMA ,1802,F,235,287,6.5,Alive,Healthy,H,No,No,"LP, LU, ?",,
2024,8/7/2024,Turner Bay,C,RHMA ,1802,NF,,,9.6,Alive,Healthy,H,No,No,"AND, KH, DG, LU",,
2022,12/8/2021,Turner Bay,C,LARA,1801,NF,234,287,2.5,Alive,Unhealthy,U,No,No,"LP, LU, ?",,80% dead
2024,8/7/2024,Turner Bay,C,LARA,1801,NF,,,3,Alive,Healthy,H,No,No,"AND, KH, DG, LU",,
2022,12/8/2021,Turner Bay,C,LARA,1800,NF,180,164,3.4,Alive,Unhealthy,U,No,No,"LU, KWG, KH, LP, AND",,90% dead
2024,8/7/2024,Turner Bay,C,LARA,1800,"IP, MP",,,4.6,Alive,Healthy,H,No,Yes,"AND, KH, DG, LU",,
2022,12/8/2021,Turner Bay,C,RHMA ,1799,NF,197,153,2.6,Alive,Healthy,H,No,No,"LU, KWG, KH, LP, AND",,
2022,12/8/2021,Turner Bay,C,LARA,1768,NF,165,391,2.7,Dead,Dead,D,No,No,"LU, KWG, KH, LP, AND",,
2024,8/7/2024,Turner Bay,C,LARA,1799,NF,,,4,Alive,Healthy,H,No,No,"AND, KH, DG, LU",,
2022,12/8/2021,Turner Bay,C,RHMA ,1798,F,125,236,8.8,Alive,Healthy,H,No,No,"LU, KWG, KH, LP, AND",,
2024,8/7/2024,Turner Bay,C,RHMA ,1798,,,,11.3,Alive,Healthy,H,No,No,"AND, KH, DG, LU",,
2022,12/8/2021,Turner Bay,C,RHMA ,1772,NF,149,235,2.5,Dead,Dead,D,No,No,"LU, KWG, KH, LP, AND",,dead branch
2022,12/8/2021,Turner Bay,C,LARA,1797,NF,130,280,3.3,Alive,Unhealthy,U,No,No,"LU, KWG, KH, LP, AND",,95% branches dead
2024,8/7/2024,Turner Bay,C,LARA,1797,NF,,,3.8,Alive,Healthy,H,No,No,"AND, KH, DG, LU",1796,
2022,12/8/2021,Turner Bay,C,LARA,1796,NF,119,322,3.3,Alive,Unhealthy,U,No,No,"LU, KWG, KH, LP, AND",,50% branches dead
2022,12/8/2021,Turner Bay,C,RHMA ,1776,NF,162,295,3.5,Dead,Dead,D,No,No,"LU, KWG, KH, LP, AND",,
2024,8/7/2024,Turner Bay,C,LARA,1796,NF,,,3.2,Alive,Healthy,H,No,No,"AND, KH, DG, LU",1797,
2024,8/7/2024,Turner Bay,C,LARA,1795,NF,,,3.1,Alive,Healthy,H,No,No,"AND, KH, DG, LU",,
2022,12/8/2021,Turner Bay,C,RHMA ,1794,NF,116,488,6.6,Alive,Healthy,H,No,No,"LU, KWG, KH, LP, AND",,
2024,8/7/2024,Turner Bay,C,RHMA ,1794,,,,8.6,Alive,Healthy,H,No,No,"AND, KH, DG, LU",,
2022,12/8/2021,Turner Bay,C,RHMA ,1793,NF,121,565,3.3,Alive,Healthy,H,No,No,"LU, KWG, KH, LP, AND",,
2024,8/7/2024,Turner Bay,C,RHMA ,1793,,,,3.8,Alive,Healthy,H,No,No,"AND, KH, DG, LU",,
2022,12/8/2021,Turner Bay,C,RHMA ,1792,NF,130,565,3.8,Alive,Healthy,H,No,No,"LU, KWG, KH, LP, AND",,
2024,8/7/2024,Turner Bay,C,RHMA ,1792,,,,4.3,Alive,Healthy,H,No,No,"AND, KH, DG, LU",,
2022,12/8/2021,Turner Bay,C,RHMA ,1791,F,139,437,3.6,Alive,Healthy,H,No,No,"LU, KWG, KH, LP, AND",,
2024,8/7/2024,Turner Bay,C,RHMA ,1791,,,,3.6,Alive,Unhealthy,U,No,No,"AND, KH, DG, LU",,
2022,12/8/2021,Turner Bay,C,LARA,1787,NF,144,455,5,Dead,Dead,D,No,No,"LU, KWG, KH, LP, AND",,
2022,12/8/2021,Turner Bay,C,LARA,1789,NF,144,513,2.6,Alive,Unhealthy,U,No,No,"LU, KWG, KH, LP, AND",,50% dead
2022,12/8/2021,Turner Bay,C,LARA,1788,NF,144,476,3.9,Alive,Unhealthy,U,No,No,"LU, KWG, KH, LP, AND",,50% dead
2022,12/8/2021,Turner Bay,C,RHMA ,1786,NF,142,469,2.9,Alive,Healthy,H,No,No,"LU, KWG, KH, LP, AND",,
2024,8/7/2024,Turner Bay,C,RHMA ,1786,,,,3,Alive,Healthy,H,No,No,"AND, KH, DG, LU",,
2022,12/8/2021,Turner Bay,C,RHMA ,1785,F,155,478,7.8,Alive,Unhealthy,U,No,No,"LU, KWG, KH, LP, AND",,gall
2024,8/7/2024,Turner Bay,C,RHMA ,1785,,,,8.8,Alive,Healthy,H,No,No,"AND, KH, DG, LU",,
2022,12/8/2021,Turner Bay,C,LARA,1795,NF,131,354,2.9,Dead,Dead,D,No,No,"LU, KWG, KH, LP, AND",,50% branches dead
2022,12/8/2021,Turner Bay,C,RHMA ,1784,"F, ID",161,455,8.5,Alive,Healthy,H,No,No,"LU, KWG, KH, LP, AND",,
2024,8/7/2024,Turner Bay,C,RHMA ,1784,,,,11.2,Alive,Healthy,H,No,No,"AND, KH, DG, LU",,
2022,12/8/2021,Turner Bay,C,RHMA ,1783,F,154,442,4.9,Alive,Healthy,H,No,No,"LU, KWG, KH, LP, AND",,
2024,8/7/2024,Turner Bay,C,RHMA ,1783,,,,5.3,Alive,Healthy,H,No,No,"AND, KH, DG, LU",,
2022,12/8/2021,Turner Bay,C,LARA,1782,NF,156,460,2.9,Alive,Unhealthy,U,No,No,"LU, KWG, KH, LP, AND",,90% dead
2024,8/7/2024,Turner Bay,C,RHMA ,1782,,,,3,Alive,Healthy,H,No,No,"AND, KH, DG, LU",,
2022,12/8/2021,Turner Bay,C,LARA,1781,NF,161,435,3.1,Alive,Unhealthy,U,No,No,"LU, KWG, KH, LP, AND",,90% dead
2024,8/7/2024,Turner Bay,C,RHMA ,1781,,,,3.4,Alive,Unhealthy,U,No,No,"AND, KH, DG, LU",,
2022,12/8/2021,Turner Bay,C,LARA,1780,NF,143,363,3.7,Alive,Unhealthy,U,No,No,"LU, KWG, KH, LP, AND",,
2024,8/7/2024,Turner Bay,C,LARA,1780,NF,,,4.4,Alive,Healthy,H,No,No,"AND, KH, DG, LU",,
2022,12/8/2021,Turner Bay,C,RHMA ,1779,NF,138,365,4,Alive,Unhealthy,U,No,No,"LU, KWG, KH, LP, AND",,"80% branches dead, trunk split"
2022,12/8/2021,Turner Bay,C,LARA,1778,ID,145,319,4,Alive,Unhealthy,U,No,No,"LU, KWG, KH, LP, AND",,"90% dead, bird nest"
2024,8/7/2024,Turner Bay,C,LARA,1778,NF,,,6,Alive,Healthy,H,No,No,"AND, KH, DG, LU",,
2022,12/8/2021,Turner Bay,C,LARA,1777,NF,148,298,4,Alive,Unhealthy,U,No,No,"LU, KWG, KH, LP, AND",,
2024,8/7/2024,Turner Bay,C,LARA,1777,NF,,,4.8,Alive,Healthy,H,No,No,"AND, KH, DG, LU",,
2022,12/8/2021,Turner Bay,C,RHMA ,1775,NF,162,298,4.5,Alive,Unhealthy,U,No,No,"LU, KWG, KH, LP, AND",,50% dead
2022,12/8/2021,Turner Bay,C,RHMA ,1857,NF,308,281,2.6,Dead,Dead,D,No,No,"LP, LU, ?",,
2022,12/8/2021,Turner Bay,C,RHMA ,1858,NF,297,301,3.2,Dead,Dead,D,No,No,"LP, LU, ?",,
2022,12/8/2021,Turner Bay,C,RHMA ,1774,F,162,284,2.6,Alive,Healthy,H,No,No,"LU, KWG, KH, LP, AND",,
2022,12/8/2021,Turner Bay,C,RHMA ,1860,NF,294,491,3.5,Dead,Dead,D,No,No,"LP, LU, ?",,
2022,12/8/2021,Turner Bay,C,RHMA ,1861,NF,255,561,3.2,Dead,Dead,D,No,No,"LP, LU, ?",,
2022,12/8/2021,Turner Bay,C,RHMA ,1862,NF,253,538,4.3,Dead,Dead,D,No,No,"LP, LU, ?",,
2022,12/8/2021,Turner Bay,C,RHMA ,1863,NF,240,559,3.5,Dead,Dead,D,No,No,"LP, LU, ?",,
2022,12/8/2021,Turner Bay,C,RHMA ,1773,F,145,294,4.6,Alive,Healthy,H,No,No,"LU, KWG, KH, LP, AND",,some dead branches
2022,12/8/2021,Turner Bay,C,LARA,1771,NF,174,331,3.3,Alive,Unhealthy,U,No,No,"LU, KWG, KH, LP, AND",,90% dead
2022,12/8/2021,Turner Bay,C,RHMA ,1866,NF,310,289,3,Dead,Dead,D,No,No,"LP, LU, ?",,
2024,8/7/2024,Turner Bay,C,LARA,1771,NF,,,3.8,Alive,Healthy,H,No,No,"AND, KH, DG, LU",,
2022,12/8/2021,Turner Bay,C,LARA,1770,ID,172,381,4.1,Alive,Unhealthy,U,No,No,"LU, KWG, KH, LP, AND",,90% dead
2024,8/7/2024,Turner Bay,C,LARA,1770,NF,,,5,Alive,Healthy,H,No,No,"AND, KH, DG, LU",,
2022,12/8/2021,Turner Bay,C,LARA,1769,NF,165,394,2.6,Alive,Unhealthy,U,No,No,"LU, KWG, KH, LP, AND",,90% dead
2024,8/7/2024,Turner Bay,C,LARA,1769,NF,,,2.4,Alive,Unhealthy,U,No,No,"AND, KH, DG, LU",,
2024,8/7/2024,Turner Bay,C,LARA,1768,NF,,,2.8,Alive,Unhealthy,U,No,No,"AND, KH, DG, LU",,
2022,12/8/2021,Turner Bay,C,LARA,1767,NF,160,391,3.1,Alive,Unhealthy,U,No,No,"LU, KWG, KH, LP, AND",,90% dead
2024,8/7/2024,Turner Bay,C,LARA,1767,NF,,,4,Alive,Unhealthy,U,No,No,"AND, KH, DG, LU",,
2022,12/8/2021,Turner Bay,C,LARA,1766,NF,183,448,3.1,Alive,Unhealthy,U,No,No,"LP, LU, ?",,90% dead
2022,9/28/2021,Vessup Bay,A,RHMA ,248,NF,0,0,11.5,Dead,Unhealthy,U,No,Yes,Center tree,,
2022,9/28/2021,Vessup Bay,A,RHMA ,,NF,0,549,2.8,Dead,Unhealthy,U,No,Yes,"LP, HAS",,
2022,9/28/2021,Vessup Bay,A,LARA,,NF,28,236,7,Dead,Unhealthy,U,No,Yes,,,
2022,9/28/2021,Vessup Bay,A,RHMA ,,NF,33,199,8.8,Dead,Unhealthy,U,No,Yes,,,
2022,9/28/2021,Vessup Bay,A,LARA,,NF,39,199,6.1,Dead,Unhealthy,U,No,Yes,,,
2022,9/28/2021,Vessup Bay,A,RHMA ,,NF,43,144,11.3,Dead,Unhealthy,U,Yes,Yes,,,
2022,9/28/2021,Vessup Bay,A,RHMA ,,NF,340,218,12.7,Dead,Unhealthy,U,No,Yes,,,
2022,9/28/2021,Vessup Bay,A,RHMA ,,NF,293,103,3.6,Dead,Unhealthy,U,No,No,,,
2022,9/28/2021,Vessup Bay,A,RHMA ,,NF,292,351,13.2,Dead,Unhealthy,U,No,Yes,,,
2022,9/28/2021,Vessup Bay,A,RHMA ,,NF,283,262,9.5,Dead,Unhealthy,U,No,Yes,,,
2022,9/28/2021,Vessup Bay,A,RHMA ,,NF,302,413,8,Dead,Unhealthy,U,No,No,,,Tree split so only half of the actual dbh
2022,9/28/2021,Vessup Bay,A,RHMA ,,NF,302,442,7.2,Dead,Unhealthy,U,No,No,,,Tree split so only part of the actual dbh
2022,9/28/2021,Vessup Bay,A,RHMA ,,NF,315,565,18,Dead,Unhealthy,U,Yes,Yes,,,
2022,9/28/2021,Vessup Bay,A,LARA,,NF,300,430,2.8,Dead,Unhealthy,U,No,No,,,
2022,9/28/2021,Vessup Bay,A,LARA,,NF,300,428,2.9,Dead,Unhealthy,U,No,No,,,
2024,8/7/2024,Turner Bay,C,LARA,1766,NF,,,3,Alive,Healthy,H,No,No,"AND, KH, DG, LU",,
2022,9/28/2021,Vessup Bay,A,LARA,,NF,267,329,13.5,Dead,Unhealthy,U,No,Yes,,,
2022,9/28/2021,Vessup Bay,A,LARA,,NF,260,332,8.8,Dead,Unhealthy,U,No,Yes,,,
2022,9/28/2021,Vessup Bay,A,RHMA ,,NF,275,393,12,Dead,Unhealthy,U,No,Yes,,,
2022,9/28/2021,Vessup Bay,A,LARA,,NF,239,420,9.3,Dead,Unhealthy,U,No,Yes,,,
2022,9/28/2021,Vessup Bay,A,RHMA ,,NF,230,480,16,Dead,Unhealthy,U,No,Yes,,,
2022,9/28/2021,Vessup Bay,A,LARA,,NF,164,534,3.3,Dead,Unhealthy,U,No,Yes,,,
2022,9/28/2021,Vessup Bay,B,RHMA ,239,NF,0,0,13.9,Dead,Unhealthy,U,No,Yes,,,Center tree
2022,9/28/2021,Vessup Bay,B,LARA,,NF,332,452,4.6,Dead,Unhealthy,U,No,No,,,No bark
2022,9/28/2021,Vessup Bay,B,RHMA ,,NF,309,440,7.4,Dead,Unhealthy,U,No,Yes,,,
2022,9/28/2021,Vessup Bay,B,RHMA ,,NF,289,494,10.1,Dead,Unhealthy,U,No,Yes,,,
2022,9/28/2021,Vessup Bay,B,RHMA ,,NF,289,403,9.1,Dead,Unhealthy,U,No,No,,,Old termite tunnels
2022,9/28/2021,Vessup Bay,B,RHMA ,,NF,285,360,6.5,Dead,Unhealthy,U,No,No,,,Old termite tunnels
2022,9/28/2021,Vessup Bay,B,RHMA ,,NF,245,213,6.6,Dead,Unhealthy,U,No,No,,,Old termite tunnels
2022,9/28/2021,Vessup Bay,B,LARA,,NF,200,537,12,Dead,Unhealthy,U,No,Yes,,,
2022,9/28/2021,Vessup Bay,B,LARA,,"F, ID, MD",205,554,4.5,Dead,Unhealthy,U,No,No,,,
2022,9/28/2021,Vessup Bay,C,RHMA ,292,NF,0,0,13.4,Dead,Unhealthy,U,No,Yes,,,Center tree
2022,9/28/2021,Vessup Bay,C,RHMA ,,NF,70,328,15.2,Dead,Unhealthy,U,No,Yes,,,Old termite nest
2022,9/28/2021,Vessup Bay,C,RHMA ,,NF,325,492,10.4,Dead,Unhealthy,U,No,No,,,Bark coming off
2022,9/28/2021,Vessup Bay,C,RHMA ,,NF,151,247,10.1,Dead,Unhealthy,U,No,No,,,
2022,12/8/2021,Turner Bay,C,LARA,1764,NF,186,467,3.1,Alive,Unhealthy,U,No,No,"LP, LU, ?",,
2022,2/25/2022,Water Creek,A,LARA,407,NF,188,296,9.8,Dead,Dead,D,No,No,,,
2024,8/7/2024,Turner Bay,C,LARA,1764,NF,,,3.6,Alive,Healthy,H,No,No,"AND, KH, DG, LU",,
2022,2/25/2022,Water Creek,A,LARA,409,NF,145,203,16.9,Dead,Dead,D,No,Yes,,,
2022,12/8/2021,Turner Bay,C,LARA,1763,NF,164,501,2.8,Alive,Unhealthy,U,No,No,"LP, LU, ?",,50% dead
2022,12/8/2021,Turner Bay,C,RHMA ,1762,NF,155,526,3.1,Alive,Unhealthy,U,No,No,"LP, LU, ?",,50% dead
2022,2/25/2022,Water Creek,A,LARA,412,NF,310,479,5.9,Dead,Dead,D,No,No,,,dead branch from living tree
2022,12/8/2021,Turner Bay,C,LARA,1761,NF,189,561,3.2,Alive,Unhealthy,U,No,No,"LP, LU, ?",,90% dead
2022,12/8/2021,Turner Bay,C,LARA,1760,ID,185,514,3.3,Alive,Unhealthy,U,No,No,"LP, LU, ?",,50% dead
2024,8/7/2024,Turner Bay,C,LARA,1760,NF,,,3.5,Alive,Healthy,H,No,No,"AND, KH, DG, LU",,
2022,12/8/2021,Turner Bay,C,LARA,1758,NF,217,279,2.5,Alive,Unhealthy,U,No,No,"LP, LU, ?",,70% dead
2022,2/25/2022,Water Creek,A,LARA,2064,NF,125,312,3.8,Dead,Dead,D,No,Yes,,,
2024,8/7/2024,Turner Bay,C,LARA,1758,NF,,,2.5,Alive,Healthy,H,No,No,"AND, KH, DG, LU",,
2022,12/8/2021,Turner Bay,C,LARA,1757,MD,213,230,3.5,Alive,Unhealthy,U,No,No,"LP, LU, ?",,
2022,2/25/2022,Water Creek,A,LARA,2067,NF,182,512,3.2,Dead,Dead,D,No,No,,,
2024,8/7/2024,Turner Bay,C,LARA,1757,NF,,,3.8,Alive,Healthy,H,No,No,"AND, KH, DG, LU",,
2022,2/25/2022,Water Creek,A,RHMA ,2069,NF,197,477,8.9,Dead,Dead,D,No,Yes,,,
2022,2/25/2022,Water Creek,A,RHMA ,2070,NF,208,485,18.8,Dead,Dead,D,Yes,Yes,,,
2022,2/25/2022,Water Creek,A,RHMA ,2071,NF,212,399,20.8,Dead,Dead,D,No,Yes,,,
2022,2/25/2022,Water Creek,A,LARA,2072,NF,183,348,3.8,Dead,Dead,D,No,Yes,,,
2022,12/8/2021,Turner Bay,C,LARA,1756,NF,213,289,2.9,Alive,Unhealthy,U,No,No,"LP, LU, ?",,80% dead
2024,8/7/2024,Turner Bay,C,LARA,1756,NF,,,4.3,Alive,Healthy,H,No,No,"AND, KH, DG, LU",,
2022,2/25/2022,Water Creek,A,LARA,2075,NF,205,268,5,Dead,Dead,D,No,No,,,
2022,12/8/2021,Turner Bay,C,LARA,1755,NF,213,298,3,Alive,Unhealthy,U,No,No,"LP, LU, ?",,80% dead
2022,12/8/2021,Turner Bay,C,LARA,1754,NF,220,487,3.3,Alive,Unhealthy,U,No,No,"LP, LU, ?",,95% dead
2024,8/7/2024,Turner Bay,C,RHMA ,1754,NF,,,4.8,Alive,Healthy,H,No,No,"AND, KH, DG, LU",,
2022,12/8/2021,Turner Bay,C,LARA,1753,NF,182,580,2.5,Alive,Unhealthy,U,No,No,"LP, LU, ?",,90% dead
2024,8/7/2024,Turner Bay,C,LARA,1753,NF,,,2.4,Alive,Unhealthy,U,No,No,"AND, KH, DG, LU",,
2022,2/25/2022,Water Creek,A,LARA,2106,NF,22,267,4.2,Dead,Dead,D,No,No,,,"Herbivory, Disease"
2022,12/8/2021,Turner Bay,B,RHMA ,1751,NF,108,252,6,Alive,Unhealthy,U,No,No,"LU, KWG, KH, LP, AND",,lower branches dead
2024,8/7/2024,Turner Bay,B,RHMA ,1751,F,,,7.1,Alive,Healthy,H,No,No,"AND, KH, DG, LU",,
2022,2/25/2022,Water Creek,A,LARA,2109,NF,25,576,4.4,Dead,Dead,D,No,Yes,,,"Herbivory, Disease"
2022,12/8/2021,Turner Bay,B,RHMA ,1750,NF,102,205,5.6,Alive,Unhealthy,U,No,No,"LU, KWG, KH, LP, AND",,lower branches dead
2022,12/8/2021,Turner Bay,B,RHMA ,1748,NF,91,239,3,Alive,Healthy,H,No,No,"LU, KWG, KH, LP, AND",,
2022,12/8/2021,Turner Bay,B,RHMA ,1747,NF,53,282,3.9,Alive,Healthy,H,No,No,"LU, KWG, KH, LP, AND",,
2024,8/7/2024,Turner Bay,B,RHMA ,1747,NF,,,4,Dying,Unhealthy,U,No,No,"AND, KH, DG, LU",,
2022,12/8/2021,Turner Bay,B,RHMA ,1746,NF,46,200,2.6,Alive,Healthy,H,No,No,"LU, KWG, KH, LP, AND",,
2022,2/25/2022,Water Creek,A,RHMA ,2115,NF,260,462,25,Dead,Dead,D,No,No,,,
2022,2/25/2022,Water Creek,A,RHMA ,2116,NF,270,279,6,Dead,Dead,D,No,Yes,,,
2022,2/25/2022,Water Creek,A,LARA,2117,NF,279,249,5.3,Dead,Dead,D,No,No,,,
2022,2/25/2022,Water Creek,A,LARA,2118,NF,282,228,5.3,Dead,Dead,D,No,No,,,
2024,8/7/2024,Turner Bay,B,RHMA ,1746,NF,,,2.6,Dying,Unhealthy,U,No,No,"AND, KH, DG, LU",,
2022,2/25/2022,Water Creek,A,LARA,2120,NF,310,110,5.1,Dead,Dead,D,No,No,,,
2022,12/8/2021,Turner Bay,B,RHMA ,1745,NF,50,555,4.9,Alive,Unhealthy,U,No,No,"LU, KWG, KH, LP, AND",,1/2 branches dead
2024,8/7/2024,Turner Bay,B,RHMA ,1745,NF,,,5.3,Alive,Healthy,H,No,No,"AND, KH, DG, LU",,
2022,12/8/2021,Turner Bay,B,RHMA ,1744,NF,59,547,4.3,Alive,Unhealthy,U,No,No,"LU, KWG, KH, LP, AND",,1/2 branches dead
2024,8/7/2024,Turner Bay,B,RHMA ,1744,NF,,,3.7,Alive,Healthy,H,No,No,"AND, KH, DG, LU",,
2024,8/7/2024,Turner Bay,B,RHMA ,1744,NF,,,4.7,Alive,Healthy,H,No,No,"AND, KH, DG, LU",,
2022,12/8/2021,Turner Bay,B,RHMA ,1743,NF,49,475,9.2,Alive,Unhealthy,U,No,No,"LU, KWG, KH, LP, AND",,1/2 branches dead
2022,2/25/2022,Water Creek,B,LARA,421,NF,255,414,6.8,Dead,Dead,D,No,No,,,
2024,8/7/2024,Turner Bay,B,RHMA ,1743,NF,,,10.2,Alive,Healthy,H,No,No,"AND, KH, DG, LU",,
2022,12/8/2021,Turner Bay,B,RHMA ,1742,NF,41,457,2.7,Alive,Unhealthy,U,No,No,"LU, KWG, KH, LP, AND",,2 leaves only (no veg)
2022,2/25/2022,Water Creek,B,LARA,424,NF,156,485,5.3,Dead,Dead,D,No,Yes,,,
2022,2/25/2022,Water Creek,B,LARA,425,NF,156,532,4.5,Dead,Dead,D,No,No,,,
2022,2/25/2022,Water Creek,B,LARA,426,NF,140,508,12.5,Dead,Dead,D,No,Yes,,,
2022,12/8/2021,Turner Bay,B,RHMA ,1741,NF,45,525,7.4,Alive,Unhealthy,U,No,No,"LU, KWG, KH, LP, AND",,1/2 branches dead
2022,12/8/2021,Turner Bay,B,RHMA ,1736,NF,16,200,6.2,Alive,Unhealthy,U,No,No,"LU, KWG, KH, LP, AND",,1/2 branches dead
2022,2/25/2022,Water Creek,B,LARA,2039,NF,161,72,3.7,Dead,Dead,D,No,No,,,
2022,2/25/2022,Water Creek,B,LARA,2040,NF,142,74,6,Dead,Dead,D,No,No,,,
2024,8/7/2024,Turner Bay,B,RHMA ,1736,NF,,,7.3,Alive,Healthy,H,No,No,"AND, KH, DG, LU",,
2022,12/8/2021,Turner Bay,B,RHMA ,1735,NF,19,252,5.9,Alive,Unhealthy,U,No,No,"LU, KWG, KH, LP, AND",,1/2 branches dead
2024,8/7/2024,Turner Bay,B,RHMA ,1735,NF,,,6.5,Alive,Healthy,H,No,No,"AND, KH, DG, LU",,
2022,12/8/2021,Turner Bay,B,RHMA ,1734,NF,10,283,3.6,Alive,Healthy,H,No,No,"LU, KWG, KH, LP, AND",,some branches dead
2022,12/8/2021,Turner Bay,B,RHMA ,1733,NF,5,265,2.5,Alive,Unhealthy,U,No,No,"LU, KWG, KH, LP, AND",,main stem dead
2024,8/7/2024,Turner Bay,B,RHMA ,1733,NF,,,2.5,Alive,Healthy,H,No,No,"AND, KH, DG, LU",,
2022,12/8/2021,Turner Bay,B,RHMA ,1729,NF,340,530,4.4,Alive,Unhealthy,U,No,No,"LU, KWG, KH, LP, AND",,no vegetation but trunk alive
2024,8/7/2024,Turner Bay,B,RHMA ,1729,NF,,,4.7,Alive,Healthy,H,No,No,"AND, KH, DG, LU",,
2022,2/25/2022,Water Creek,B,LARA,2049,NF,105,454,4.9,Dead,Dead,D,No,No,,,
2022,12/8/2021,Turner Bay,B,RHMA ,1728,NF,334,515,8.1,Alive,Unhealthy,U,No,No,"LU, KWG, KH, LP, AND",,lower branches dead
2024,8/7/2024,Turner Bay,B,RHMA ,1728,NF,,,9.1,Alive,Healthy,H,No,No,"AND, KH, DG, LU",,
2022,12/8/2021,Turner Bay,B,RHMA ,1727,NF,336,479,7.2,Alive,Unhealthy,U,No,No,"LU, KWG, KH, LP, AND",,lower branches dead
2024,8/7/2024,Turner Bay,B,RHMA ,1727,NF,,,3.2,Alive,Healthy,H,No,No,"AND, KH, DG, LU",,
2022,12/8/2021,Turner Bay,B,RHMA ,1725,NF,332,415,7,Alive,Unhealthy,U,No,No,"LU, KWG, KH, LP, AND",,1/2 branches dead
2024,8/7/2024,Turner Bay,B,RHMA ,1725,NF,,,7.9,Alive,Healthy,H,No,No,"AND, KH, DG, LU",,
2022,12/8/2021,Turner Bay,B,RHMA ,1724,NF,327,438,3.1,Alive,Unhealthy,U,No,No,"LU, KWG, KH, LP, AND",,1/2 branches dead
2024,8/7/2024,Turner Bay,B,RHMA ,1724,NF,,,3.7,Alive,Healthy,H,No,No,"AND, KH, DG, LU",R-2423,
2022,12/8/2021,Turner Bay,B,RHMA ,1721,NF,305,440,4.1,Alive,Healthy,H,No,No,"LU, KWG, KH, LP, AND",,
2024,8/7/2024,Turner Bay,B,RHMA ,1721,NF,,,4.4,Alive,Healthy,H,No,No,"AND, KH, DG, LU",,
2022,12/8/2021,Turner Bay,B,RHMA ,1720,NF,307,481,5,Alive,Healthy,H,No,No,"LU, KWG, KH, LP, AND",,
2024,8/7/2024,Turner Bay,B,RHMA ,1720,NF,,,5.5,Alive,Healthy,H,No,No,"AND, KH, DG, LU",,
2022,2/25/2022,Water Creek,B,LARA,2122,NF,333,460,11,Dead,Dead,D,No,No,,,
2022,12/8/2021,Turner Bay,B,RHMA ,1719,NF,303,493,4.8,Alive,Healthy,H,No,No,"LU, KWG, KH, LP, AND",,
2022,2/25/2022,Water Creek,B,LARA,2124,NF,352,337,7.5,Dead,Dead,D,No,No,,,
2024,8/7/2024,Turner Bay,B,RHMA ,1719,NF,,,5.7,Alive,Healthy,H,No,No,"AND, KH, DG, LU",,
2022,12/8/2021,Turner Bay,B,RHMA ,1717,NF,297,517,6.7,Alive,Healthy,H,No,No,"LU, KWG, KH, LP, AND",,
2022,2/25/2022,Water Creek,B,LARA,2127,NF,316,281,4,Dead,Dead,D,No,No,,,
2022,2/25/2022,Water Creek,B,LARA,2128,NF,302,402,7.9,Dead,Dead,D,No,No,,,
2024,8/7/2024,Turner Bay,B,RHMA ,1717,NF,,,7.6,Alive,Healthy,H,No,No,"AND, KH, DG, LU",,
2022,12/8/2021,Turner Bay,B,RHMA ,1716,NF,293,487,4.1,Alive,Healthy,H,No,No,"LU, KWG, KH, LP, AND",,
2022,2/25/2022,Water Creek,B,RHMA ,2131,NF,289,478,4.4,Dead,Dead,D,No,No,,,
2024,8/7/2024,Turner Bay,B,RHMA ,1716,NF,,,4.5,Alive,Healthy,H,No,No,"AND, KH, DG, LU",,
2022,2/25/2022,Water Creek,B,RHMA ,2133,NF,251,236,10.2,Dead,Dead,D,No,No,,,
2022,2/25/2022,Water Creek,B,RHMA ,2134,NF,210,331,7.5,Dead,Dead,D,No,Yes,,,
2022,12/8/2021,Turner Bay,B,RHMA ,1715,NF,293,571,5.1,Alive,Unhealthy,U,No,No,"LU, KWG, KH, LP, AND",,
2024,8/7/2024,Turner Bay,B,RHMA ,1715,NF,,,5.2,Alive,Unhealthy,U,No,No,"AND, KH, DG, LU",,
2022,12/8/2021,Turner Bay,B,RHMA ,1714,NF,284,488,7.6,Alive,Healthy,H,No,No,"LU, KWG, KH, LP, AND",,
2024,8/7/2024,Turner Bay,B,RHMA ,1714,NF,,,8.3,Alive,Healthy,H,No,No,"AND, KH, DG, LU",,
2022,12/8/2021,Turner Bay,B,RHMA ,1713,NF,278,525,6,Alive,Unhealthy,U,No,No,"LU, KWG, KH, LP, AND",,1/2 branches dead
2024,8/7/2024,Turner Bay,B,RHMA ,1713,NF,,,6.8,Alive,Healthy,H,No,No,"AND, KH, DG, LU",,
2022,2/25/2022,Water Creek,C,UNK,2016,NF,1,369,3.1,Dead,Dead,D,No,No,,,
2022,12/8/2021,Turner Bay,B,RHMA ,1712,NF,275,399,7.5,Alive,Healthy,H,No,No,"LU, KWG, KH, LP, AND",,
2024,8/7/2024,Turner Bay,B,RHMA ,1712,NF,,,8.5,Alive,Healthy,H,No,No,"AND, KH, DG, LU",,
2022,12/8/2021,Turner Bay,B,RHMA ,1711,NF,274,449,3.2,Alive,Unhealthy,U,No,No,"LU, KWG, KH, LP, AND",,1/2 branches dead
2024,8/7/2024,Turner Bay,B,RHMA ,1711,NF,,,3.2,Alive,Healthy,H,No,No,"AND, KH, DG, LU",,
2024,8/7/2024,Turner Bay,B,RHMA ,1710,NF,,,3.3,Alive,Unhealthy,U,No,No,"AND, KH, DG, LU",,
2022,12/8/2021,Turner Bay,B,RHMA ,1708,NF,269,332,4.5,Alive,Unhealthy,U,No,No,"LU, KWG, KH, LP, AND",,90% dead
2024,8/7/2024,Turner Bay,B,RHMA ,1708,NF,,,4.5,Alive,Healthy,H,No,No,"AND, KH, DG, LU",,
2022,2/25/2022,Water Creek,C,LARA,2024,NF,118,316,4,Dead,Dead,D,No,Yes,,,
2022,12/8/2021,Turner Bay,B,RHMA ,1707,NF,261,346,3.4,Alive,Healthy,H,No,No,"LU, KWG, KH, LP, AND",,
2024,8/7/2024,Turner Bay,B,RHMA ,1707,NF,,,3.4,Alive,Healthy,H,No,No,"AND, KH, DG, LU",,
2022,12/8/2021,Turner Bay,B,RHMA ,1706,NF,263,291,4.9,Alive,Unhealthy,U,No,No,"LU, KWG, KH, LP, AND",,1/2 branches dead
2022,2/25/2022,Water Creek,C,COER,2028,NF,104,244,2.6,Dead,Dead,D,No,No,,,
2024,8/7/2024,Turner Bay,B,RHMA ,1706,NF,,,6.3,Alive,Healthy,H,No,No,"AND, KH, DG, LU",,
2022,12/8/2021,Turner Bay,B,RHMA ,1705,NF,255,305,5.2,Alive,Unhealthy,U,No,No,"LU, KWG, KH, LP, AND",,1/2 branches dead
2024,8/7/2024,Turner Bay,B,RHMA ,1705,NF,,,5.8,Alive,Healthy,H,No,No,"AND, KH, DG, LU",,
2022,12/8/2021,Turner Bay,B,RHMA ,1704,NF,246,297,3.7,Alive,Healthy,H,No,No,"LU, KWG, KH, LP, AND",,
2024,8/7/2024,Turner Bay,B,RHMA ,1704,NF,,,3.8,Alive,Healthy,H,No,No,"AND, KH, DG, LU",,
2022,12/8/2021,Turner Bay,B,RHMA ,1702,NF,249,182,5.8,Alive,Unhealthy,U,No,No,"LU, KWG, KH, LP, AND",,1/2 branches dead
2022,2/25/2022,Water Creek,C,LARA,2148,NF,195,369,9.2,Dead,Dead,D,No,Yes,,,"Herbivory, Disease"
2024,8/7/2024,Turner Bay,B,RHMA ,1702,NF,,,6.5,Alive,Healthy,H,No,No,"AND, KH, DG, LU",,
2022,2/25/2022,Water Creek,C,RHMA ,2150,NF,213,297,8.3,Dead,Dead,D,No,No,,,
2022,2/25/2022,Water Creek,C,RHMA ,2152,NF,265,414,7.7,Dead,Dead,D,No,No,,,
2022,2/25/2022,Water Creek,C,LARA,2153,NF,343,163,6.4,Dead,Dead,D,No,Yes,,,
2022,12/8/2021,Turner Bay,B,RHMA ,1701,NF,249,209,5.3,Alive,Unhealthy,U,No,No,"LU, KWG, KH, LP, AND",,1/2 branches dead
2024,8/7/2024,Turner Bay,B,RHMA ,1701,NF,,,5.3,Alive,Healthy,H,No,No,"AND, KH, DG, LU",,
2022,12/2/2021,Turner Bay,B,RHMA ,1700,NF,170,70,3.4,Alive,Healthy,H,No,No,"LP, LU, KH, AJH",,
2022,12/2/2021,Turner Bay,B,RHMA ,1699,NF,235,69,2.6,Alive,Healthy,H,No,No,"LP, LU, KH, AJH",,
2022,12/2/2021,Turner Bay,B,RHMA ,1697,NF,193,143,6.9,Alive,Healthy,H,No,No,"LP, LU, KH, AJH",,
2024,8/7/2024,Turner Bay,B,RHMA ,1697,NF,,,7.6,Alive,Healthy,H,No,No,"AND, KH, DG, LU",,
2022,12/2/2021,Turner Bay,B,RHMA ,1696,NF,212,166,5,Alive,Healthy,H,No,No,"LP, LU, KH, AJH",,
2024,8/7/2024,Turner Bay,B,RHMA ,1696,NF,,,5.6,Alive,Healthy,H,No,No,"AND, KH, DG, LU",,
2022,12/2/2021,Turner Bay,B,RHMA ,1695,NF,175,181,4.8,Alive,Healthy,H,No,No,"LP, LU, KH, AJH",,
2022,12/2/2021,Turner Bay,B,RHMA ,1694,NF,163,222,7.3,Alive,Healthy,H,No,No,"LP, LU, KH, AJH",,
2024,8/7/2024,Turner Bay,B,RHMA ,1694,NF,,,8.2,Alive,Healthy,H,No,No,"AND, KH, DG, LU",,
2022,12/2/2021,Turner Bay,B,RHMA ,1693,NF,183,241,5.4,Alive,Healthy,H,No,No,"LP, LU, KH, AJH",,
2024,8/7/2024,Turner Bay,B,RHMA ,1693,NF,,,6,Alive,Healthy,H,No,No,"AND, KH, DG, LU",,
2022,12/2/2021,Turner Bay,B,RHMA ,1692,NF,190,230,3.6,Alive,Healthy,H,No,No,"LP, LU, KH, AJH",,
2024,8/7/2024,Turner Bay,B,RHMA ,1692,NF,,,3.7,Alive,Healthy,H,No,No,"AND, KH, DG, LU",,
2022,12/2/2021,Turner Bay,B,RHMA ,1690,NF,215,215,4.1,Alive,Healthy,H,No,No,"LP, LU, KH, AJH",,
2024,8/7/2024,Turner Bay,B,RHMA ,1690,NF,,,4.3,Alive,Healthy,H,No,No,"AND, KH, DG, LU",,
2022,12/2/2021,Turner Bay,B,RHMA ,1687,NF,194,378,3.8,Alive,Healthy,H,No,No,"LP, LU, KH, AJH",,
2024,8/7/2024,Turner Bay,B,RHMA ,1687,NF,,,4.4,Alive,Healthy,H,No,No,"AND, KH, DG, LU",,
2022,12/2/2021,Turner Bay,B,RHMA ,1686,NF,204,397,4.2,Alive,Healthy,H,No,No,"LP, LU, KH, AJH",,
2024,8/9/2024,Mary Creek,B,LARA,1686,"IP, MP",160,2.42,2.8,Alive,Healthy,H,No,No,"SM,AD,KR,JH",2699,connected 2699
2024,8/7/2024,Turner Bay,B,RHMA ,1686,NF,,,4.7,Alive,Healthy,H,No,No,"AND, KH, DG, LU",,
2022,12/2/2021,Turner Bay,B,RHMA ,1685,NF,180,317,4.5,Alive,Healthy,H,No,No,"LP, LU, KH, AJH",,
2024,8/7/2024,Turner Bay,B,RHMA ,1685,NF,,,4.6,Alive,Unhealthy,U,No,No,"AND, KH, DG, LU",,
2022,12/2/2021,Turner Bay,B,RHMA ,1684,NF,174,344,7.6,Alive,Healthy,H,No,No,"LP, LU, KH, AJH",,
2024,8/7/2024,Turner Bay,B,RHMA ,1684,NF,,,8.7,Alive,Unhealthy,U,No,No,"AND, KH, DG, LU",,
2022,12/2/2021,Turner Bay,B,RHMA ,1683,NF,188,416,5,Alive,Healthy,H,No,No,"LP, LU, KH, AJH",,
2024,8/7/2024,Turner Bay,B,RHMA ,1683,NF,,,5.5,Alive,Healthy,H,No,No,"AND, KH, DG, LU",,
2024,6/5/2024,Brewers Bay,A,LARA,195,ID,,,6.1,Dead,Dead,D,No,No,"AD,DG,HM",NA,
2022,12/2/2021,Turner Bay,B,RHMA ,1682,NF,165,299,6.3,Alive,Healthy,H,No,No,"LP, LU, KH, AJH",,
2024,8/7/2024,Turner Bay,B,RHMA ,1682,NF,,,7.2,Alive,Healthy,H,No,No,"AND, KH, DG, LU",,
2022,12/2/2021,Turner Bay,B,RHMA ,1681,NF,166,326,5.7,Alive,Healthy,H,No,No,"LP, LU, KH, AJH",,
2024,8/7/2024,Turner Bay,B,RHMA ,1681,NF,,,5.7,Alive,Unhealthy,U,No,No,"AND, KH, DG, LU",,
2022,12/2/2021,Turner Bay,B,RHMA ,1680,NF,161,395,6.8,Alive,Healthy,H,No,No,"LP, LU, KH, AJH",,
2024,8/7/2024,Turner Bay,B,RHMA ,1680,NF,,,8.3,Alive,Healthy,H,No,No,"AND, KH, DG, LU",,
2022,12/2/2021,Turner Bay,B,RHMA ,1679,NF,173,411,4.5,Alive,Healthy,H,No,No,"LP, LU, KH, AJH",,
2024,8/7/2024,Turner Bay,B,RHMA ,1679,NF,,,4.4,Alive,Unhealthy,U,No,No,"AND, KH, DG, LU",,
2022,12/2/2021,Turner Bay,B,RHMA ,1678,NF,175,436,5,Alive,Healthy,H,No,No,"LP, LU, KH, AJH",,
2024,8/7/2024,Turner Bay,B,RHMA ,1678,NF,,,5.5,Alive,Unhealthy,U,No,No,"AND, KH, DG, LU",,
2022,12/2/2021,Turner Bay,B,RHMA ,1677,NF,186,492,6.1,Alive,Healthy,H,No,No,"LP, LU, KH, AJH",,
2024,8/7/2024,Turner Bay,B,RHMA ,1677,NF,,,6.7,Alive,Unhealthy,U,No,No,"AND, KH, DG, LU",,
2022,12/2/2021,Turner Bay,B,RHMA ,1676,NF,196,492,7.8,Alive,Healthy,H,No,No,"LP, LU, KH, AJH",,
2024,8/7/2024,Turner Bay,B,RHMA ,1676,NF,,,7.9,Alive,Healthy,H,No,No,"AND, KH, DG, LU",,
2022,12/2/2021,Turner Bay,B,RHMA ,1675,NF,204,512,6.9,Alive,Healthy,H,No,No,"LP, LU, KH, AJH",,
2024,8/7/2024,Turner Bay,B,RHMA ,1675,NF,,,8.2,Alive,Healthy,H,No,No,"AND, KH, DG, LU",,
2022,12/2/2021,Turner Bay,B,RHMA ,1674,NF,208,479,5.9,Alive,Healthy,H,No,No,"LP, LU, KH, AJH",,
2024,8/7/2024,Turner Bay,B,RHMA ,1674,NF,,,7.2,Alive,Healthy,H,No,No,"AND, KH, DG, LU",,
2022,12/2/2021,Turner Bay,B,RHMA ,1672,NF,216,517,5.6,Alive,Healthy,H,No,No,"LP, LU, KH, AJH",,
2024,8/7/2024,Turner Bay,B,RHMA ,1672,NF,,,6.2,Alive,Healthy,H,No,No,"AND, KH, DG, LU",,
2022,12/2/2021,Turner Bay,B,RHMA ,1671,NF,216,544,5,Alive,Healthy,H,No,No,"LP, LU, KH, AJH",,
2024,8/7/2024,Turner Bay,B,RHMA ,1671,NF,,,5,Alive,Unhealthy,U,No,No,"AND, KH, DG, LU",,
2022,12/2/2021,Turner Bay,B,RHMA ,1668,NF,215,436,5.8,Alive,Healthy,H,No,No,"LP, LU, KH, AJH",,
2024,8/7/2024,Turner Bay,B,RHMA ,1668,NF,,,6.9,Alive,Healthy,H,No,No,"AND, KH, DG, LU",,
2022,12/2/2021,Turner Bay,B,RHMA ,1667,NF,213,427,3.5,Alive,Healthy,H,No,No,"LP, LU, KH, AJH",,
2024,8/7/2024,Turner Bay,B,RHMA ,1667,NF,,,3.5,Alive,Unhealthy,U,No,No,"AND, KH, DG, LU",,
2022,12/2/2021,Turner Bay,B,RHMA ,1665,NF,251,513,6.9,Alive,Healthy,H,No,No,"LP, LU, KH, AJH",,
2024,8/7/2024,Turner Bay,B,RHMA ,1665,D,,,7.6,Alive,Healthy,H,No,No,"AND, KH, DG, LU",,
2022,12/2/2021,Turner Bay,B,RHMA ,1664,NF,245,437,2.6,Alive,Unhealthy,U,No,No,"LP, LU, KH, AJH",, missing top stem
2024,8/7/2024,Turner Bay,B,RHMA ,1664,NF,,,2.9,Alive,Unhealthy,U,No,No,"AND, KH, DG, LU",,
2022,12/2/2021,Turner Bay,B,RHMA ,1663,NF,255,419,4.5,Alive,Healthy,H,No,No,"LP, LU, KH, AJH",,
2024,8/7/2024,Turner Bay,B,RHMA ,1663,NF,,,4.6,Alive,Healthy,H,No,No,"AND, KH, DG, LU",,
2022,12/2/2021,Turner Bay,B,RHMA ,1661,NF,255,529,2.5,Alive,Healthy,H,No,No,"LP, LU, KH, AJH",,
2022,12/2/2021,Turner Bay,B,RHMA ,1660,NF,257,556,7.4,Alive,Healthy,H,No,No,"LP, LU, KH, AJH",,
2024,8/7/2024,Turner Bay,B,RHMA ,1660,NF,,,7.2,Alive,Healthy,H,No,No,"AND, KH, DG, LU",,
2022,12/2/2021,Turner Bay,B,RHMA ,1659,NF,260,563,7,Alive,Healthy,H,No,No,"LP, LU, KH, AJH",,
2022,12/2/2021,Turner Bay,B,RHMA ,1657,NF,101,119,6.9,Alive,Healthy,H,No,No,"LP, LU, KH, AJH",,
2024,8/7/2024,Turner Bay,B,RHMA ,1657,NF,,,8,Alive,Healthy,H,No,No,"AND, KH, DG, LU",,
2022,12/8/2021,Turner Bay,B,RHMA ,1656,NF,80,109,3.7,Alive,Healthy,H,No,No,"LP, LU, ?",,
2022,12/8/2021,Turner Bay,B,RHMA ,1654,NF,90,46,7.1,Alive,Healthy,H,No,No,"LP, LU, ?",,
2024,8/7/2024,Turner Bay,B,RHMA ,1654,F,,,7.8,Alive,Healthy,H,No,No,"AND, KH, DG, LU",,
2022,12/8/2021,Turner Bay,B,RHMA ,1653,NF,149,276,5.9,Alive,Healthy,H,No,No,"LP, LU, ?",,
2024,8/7/2024,Turner Bay,B,RHMA ,1653,F,,,6.5,Alive,Healthy,H,No,No,"AND, KH, DG, LU",,
2022,12/8/2021,Turner Bay,B,RHMA ,1652,NF,141,256,3.9,Alive,Healthy,H,No,No,"LP, LU, ?",,
2024,8/7/2024,Turner Bay,B,RHMA ,1652,F,,,4,Alive,Unhealthy,U,No,No,"AND, KH, DG, LU",,
2022,12/8/2021,Turner Bay,B,RHMA ,1651,NF,130,261,4.4,Alive,Unhealthy,U,No,No,"LP, LU, ?",,main stem dead
2024,8/7/2024,Turner Bay,B,RHMA ,1651,NF,,,8.2,Alive,Healthy,H,No,No,"AND, KH, DG, LU",,
2022,12/8/2021,Turner Bay,B,RHMA ,1650,NF,123,244,9.5,Alive,Healthy,H,No,No,"LP, LU, ?",,
2024,8/7/2024,Turner Bay,B,RHMA ,1650,F,,,9.6,Alive,Healthy,H,No,No,"AND, KH, DG, LU",,
2022,12/8/2021,Turner Bay,B,RHMA ,1649,NF,145,347,5,Alive,Healthy,H,No,No,"LP, LU, ?",,
2024,8/7/2024,Turner Bay,B,RHMA ,1649,NF,,,4.9,Alive,Unhealthy,U,No,No,"AND, KH, DG, LU",,
2022,12/8/2021,Turner Bay,B,RHMA ,1648,NF,141,334,4.1,Alive,Healthy,H,No,No,"LP, LU, ?",,
2022,12/8/2021,Turner Bay,B,RHMA ,1647,NF,151,391,7.9,Alive,Healthy,H,No,No,"LP, LU, ?",,
2024,8/7/2024,Turner Bay,B,RHMA ,1647,F,,,7.8,Alive,Healthy,H,No,No,"AND, KH, DG, LU",,
2022,12/8/2021,Turner Bay,B,RHMA ,1646,NF,141,441,7.2,Alive,Healthy,H,No,No,"LP, LU, ?",,
2024,8/7/2024,Turner Bay,B,RHMA ,1646,NF,,,9,Alive,Unhealthy,U,No,No,"AND, KH, DG, LU",,
2022,12/8/2021,Turner Bay,B,RHMA ,1645,NF,133,365,6.6,Alive,Healthy,H,No,No,"LP, LU, ?",,
2024,8/7/2024,Turner Bay,B,RHMA ,1645,NF,,,6.5,Alive,Unhealthy,U,No,No,"AND, KH, DG, LU",,
2022,12/8/2021,Turner Bay,B,RHMA ,1644,NF,151,517,5.9,Alive,Healthy,H,No,No,"LP, LU, ?",,
2024,8/7/2024,Turner Bay,B,RHMA ,1644,NF,,,6.9,Alive,Healthy,H,No,No,"AND, KH, DG, LU",,
2022,12/8/2021,Turner Bay,B,RHMA ,1643,NF,159,459,4.5,Alive,Healthy,H,No,No,"LP, LU, ?",,
2024,8/7/2024,Turner Bay,B,RHMA ,1643,NF,,,4.8,Alive,Healthy,H,No,No,"AND, KH, DG, LU",,
2022,12/8/2021,Turner Bay,B,RHMA ,1642,NF,154,539,6.1,Alive,Healthy,H,No,No,"LP, LU, ?",,
2024,8/7/2024,Turner Bay,B,RHMA ,1642,F,,,7.4,Alive,Healthy,H,No,No,"AND, KH, DG, LU",,
2022,12/8/2021,Turner Bay,B,RHMA ,1640,NF,134,562,5.1,Alive,Healthy,H,No,No,"LP, LU, ?",,
2024,6/10/2024,Brewers Bay,A,LARA,167,,,,8.9,Dead,Dead,D,No,No,"AD,KR,NK,HB",NA,
2024,8/7/2024,Turner Bay,B,RHMA ,1640,NF,,,5.2,Alive,Unhealthy,U,No,No,"AND, KH, DG, LU",,
2022,12/8/2021,Turner Bay,B,RHMA ,1639,F,134,489,8.8,Alive,Healthy,H,No,No,"LP, LU, ?",,
2024,6/10/2024,Brewers Bay,A,LARA,177,,,,5.3,Dead,Dead,D,No,No,"AD,KR,NK,HB",NA,
2024,8/7/2024,Turner Bay,B,RHMA ,1639,F,,,9.8,Alive,Healthy,H,No,No,"AND, KH, DG, LU",,
2022,12/8/2021,Turner Bay,B,RHMA ,1638,NF,129,555,4.6,Alive,Healthy,H,No,No,"LP, LU, ?",,
2022,12/8/2021,Turner Bay,B,RHMA ,1637,NF,119,439,3.1,Alive,Unhealthy,U,No,No,"LP, LU, ?",,only some leaves
2022,12/8/2021,Turner Bay,B,RHMA ,1636,NF,112,369,5.6,Alive,Healthy,H,No,No,"LP, LU, ?",,
2024,8/7/2024,Turner Bay,B,RHMA ,1636,F,,,7,Alive,Unhealthy,U,No,No,"AND, KH, DG, LU",,
2022,12/8/2021,Turner Bay,B,RHMA ,1635,NF,103,402,4.5,Alive,Healthy,H,No,No,"LP, LU, ?",,few leaves
2022,12/8/2021,Turner Bay,C,RHMA ,1634,NF,99,309,6.4,Alive,Healthy,H,No,No,"LP, LU, ?",,
2024,8/7/2024,Turner Bay,B,RHMA ,1634,NF,,,7.1,Alive,Unhealthy,U,No,No,"AND, KH, DG, LU",,
2022,12/8/2021,Turner Bay,C,RHMA ,1633,NF,59,94,7,Alive,Healthy,H,No,No,"LU, KWG, KH, LP, AND",,
2024,8/7/2024,Turner Bay,C,RHMA ,1633,NF,,,8.4,Alive,Healthy,H,No,No,"AND, KH, DG, LU",,
2022,12/8/2021,Turner Bay,C,RHMA ,1632,NF,65,133,9.3,Alive,Healthy,H,No,No,"LU, KWG, KH, LP, AND",,
2024,8/7/2024,Turner Bay,C,RHMA ,1632,NF,,,10.4,Alive,Healthy,H,No,No,"AND, KH, DG, LU",,
2022,12/8/2021,Turner Bay,C,LARA,1631,NF,104,87,2.7,Alive,Healthy,H,No,No,"LU, KWG, KH, LP, AND",,
2024,8/7/2024,Turner Bay,C,LARA,1631,,,,3,Alive,Healthy,H,No,No,"AND, KH, DG, LU",,
2022,12/8/2021,Turner Bay,C,LARA,1630,NF,108,168,2.9,Alive,Healthy,H,No,No,"LU, KWG, KH, LP, AND",,Herbivory
2024,6/10/2024,Brewers Bay,A,LARA,283,,,,8.7,Dead,Dead,D,No,No,"AD,KR,NK,HB",NA,
2024,8/7/2024,Turner Bay,C,LARA,1630,,,,3,Alive,Healthy,H,No,No,"AND, KH, DG, LU",,
2022,12/8/2021,Turner Bay,C,RHMA ,1629,NF,86,219,7,Alive,Healthy,H,No,No,"LU, KWG, KH, LP, AND",,
2024,8/7/2024,Turner Bay,C,RHMA ,1629,,,,8.6,Alive,Healthy,H,No,No,"AND, KH, DG, LU",,
2022,12/8/2021,Turner Bay,C,LARA,1628,NF,102,229,2.7,Alive,Unhealthy,U,No,No,"LU, KWG, KH, LP, AND",,Herbivory
2024,8/7/2024,Turner Bay,C,LARA,1628,,,,3.1,Alive,Healthy,H,No,No,"AND, KH, DG, LU",,
2024,6/10/2024,Brewers Bay,A,LARA,2597,,352,2.5,2.7,Dead,Dead,D,No,No,"AD,KR,NK,HB",NA,
2024,6/10/2024,Brewers Bay,A,LARA,2598,,350,2.5,3.2,Dead,Dead,D,No,No,"AD,KR,NK,HB",NA,
2024,8/7/2024,Turner Bay,C,RHMA ,1627,NF,,,2.7,Alive,Healthy,H,No,No,"AND, KH, DG, LU",,
2022,12/8/2021,Turner Bay,C,RHMA ,1626,NF,63,186,5.9,Alive,Healthy,H,No,No,"LU, KWG, KH, LP, AND",,
2024,8/7/2024,Turner Bay,C,RHMA ,1626,NF,,,8,Alive,Healthy,H,No,No,"AND, KH, DG, LU",,
2024,6/10/2024,Brewers Bay,A,THPO,2803,,101,4.58,3.6,Dead,Dead,D,No,No,"AD,KR,NK,HB",NA,CONNECTED TO 2697
2022,12/8/2021,Turner Bay,C,RHMA ,1625,NF,98,270,6.7,Alive,Healthy,H,No,No,"LU, KWG, KH, LP, AND",,
2024,8/7/2024,Turner Bay,C,RHMA ,1625,,,,7,Alive,Healthy,H,No,No,"AND, KH, DG, LU",,
2022,12/8/2021,Turner Bay,C,RHMA ,1624,NF,86,292,2.8,Alive,Healthy,H,No,No,"LU, KWG, KH, LP, AND",,
2024,8/7/2024,Turner Bay,C,RHMA ,1624,,,,2.7,Alive,Healthy,H,No,No,"AND, KH, DG, LU",,
2022,12/8/2021,Turner Bay,C,LARA,1623,NF,88,354,2.5,Alive,Unhealthy,U,No,No,"LU, KWG, KH, LP, AND",,50% branches dead
2024,8/7/2024,Turner Bay,C,RHMA ,1623,,,,2.7,Alive,Healthy,H,No,No,"AND, KH, DG, LU",,
2022,12/8/2021,Turner Bay,C,LARA,1622,NF,84,381,2.5,Alive,Unhealthy,U,No,No,"LU, KWG, KH, LP, AND",,"herb, top alive"
2024,8/7/2024,Turner Bay,C,RHMA ,1622,,,,2.6,Alive,Healthy,H,No,No,"AND, KH, DG, LU",,
2022,12/8/2021,Turner Bay,C,RHMA ,1621,NF,69,420,7.5,Alive,Healthy,H,No,No,"LU, KWG, KH, LP, AND",,
2024,8/7/2024,Turner Bay,C,RHMA ,1621,,,,6.9,Alive,Healthy,H,No,No,"AND, KH, DG, LU",,
2022,12/8/2021,Turner Bay,C,RHMA ,1619,"F, ID, MD",43,428,8.4,Alive,Healthy,H,No,No,"LU, KWG, KH, LP, AND",,
2024,8/7/2024,Turner Bay,C,RHMA ,1619,,,,10.3,Alive,Healthy,H,No,No,"AND, KH, DG, LU",,
2022,12/8/2021,Turner Bay,C,RHMA ,1618,NF,60,491,7.3,Alive,Healthy,H,No,No,"LU, KWG, KH, LP, AND",,
2024,8/7/2024,Turner Bay,C,RHMA ,1618,,,,8,Alive,Healthy,H,No,No,"AND, KH, DG, LU",,
2022,12/8/2021,Turner Bay,C,RHMA ,1617,NF,54,527,3.1,Alive,Healthy,H,No,No,"LU, KWG, KH, LP, AND",,
2024,8/7/2024,Turner Bay,C,RHMA ,1617,,,,5.1,Alive,Healthy,H,No,No,"AND, KH, DG, LU",,
2022,12/8/2021,Turner Bay,C,RHMA ,1616,NF,49,543,7.9,Alive,Healthy,H,No,No,"LU, KWG, KH, LP, AND",,
2024,8/7/2024,Turner Bay,C,RHMA ,1616,,,,10,Alive,Healthy,H,No,No,"AND, KH, DG, LU",,
2022,12/8/2021,Turner Bay,C,RHMA ,1615,F,41,415,7.7,Alive,Healthy,H,No,No,"LU, KWG, KH, LP, AND",,
2024,8/7/2024,Turner Bay,C,RHMA ,1615,,,,9.7,Alive,Healthy,H,No,No,"AND, KH, DG, LU",,
2022,12/8/2021,Turner Bay,C,RHMA ,1614,NF,38,315,3.6,Alive,Healthy,H,No,No,"LU, KWG, KH, LP, AND",,Herbivory
2022,12/8/2021,Turner Bay,C,RHMA ,1613,NF,38,474,3.9,Alive,Unhealthy,U,No,No,"LU, KWG, KH, LP, AND",,Herbivory
2024,8/7/2024,Turner Bay,C,RHMA ,1613,,,,3.9,Alive,Unhealthy,U,No,No,"AND, KH, DG, LU",,
2022,12/8/2021,Turner Bay,C,RHMA ,1612,NF,27,478,3.7,Alive,Unhealthy,U,No,No,"LU, KWG, KH, LP, AND",,"mostly dead, herb"
2024,8/7/2024,Turner Bay,C,RHMA ,1612,,,,3.5,Alive,Unhealthy,U,No,No,"AND, KH, DG, LU",,
2022,12/8/2021,Turner Bay,C,RHMA ,1611,F,14,471,8,Alive,Healthy,H,No,No,"LU, KWG, KH, LP, AND",,
2024,8/7/2024,Turner Bay,C,RHMA ,1611,,,,8.7,Alive,Healthy,H,No,No,"AND, KH, DG, LU",,
2022,12/8/2021,Turner Bay,C,RHMA ,1610,F,14,350,5.8,Alive,Healthy,H,No,No,"LU, KWG, KH, LP, AND",,
2024,8/7/2024,Turner Bay,C,RHMA ,1610,NF,,,6.9,Alive,Healthy,H,No,No,"AND, KH, DG, LU",,
2022,12/8/2021,Turner Bay,C,RHMA ,1609,NF,52,259,3,Alive,Unhealthy,U,No,No,"LU, KWG, KH, LP, AND",,top dead
2022,12/8/2021,Turner Bay,C,RHMA ,1608,NF,39,199,2.8,Alive,Unhealthy,U,No,No,"LU, KWG, KH, LP, AND",,
2022,12/8/2021,Turner Bay,C,RHMA ,1607,"F, ID",33,152,6.5,Alive,Healthy,H,No,No,"LU, KWG, KH, LP, AND",,
2024,8/7/2024,Turner Bay,C,RHMA ,1607,NF,,,7.7,Alive,Healthy,H,No,No,"AND, KH, DG, LU",,
2022,12/8/2021,Turner Bay,C,RHMA ,1606,NF,15,111,2.8,Alive,Healthy,H,No,No,"LU, KWG, KH, LP, AND",,
2022,12/8/2021,Turner Bay,C,RHMA ,1605,NF,3,253,2.5,Alive,Healthy,H,No,No,"LU, KWG, KH, LP, AND",,branched from larger tree
2024,8/7/2024,Turner Bay,C,RHMA ,1605,NF,,,2.7,Alive,Healthy,H,No,No,"AND, KH, DG, LU","1600, 1604",
2022,12/8/2021,Turner Bay,C,RHMA ,1604,NF,5,223,2.5,Alive,Healthy,H,No,No,"LU, KWG, KH, LP, AND",,branched from larger tree
2024,8/7/2024,Turner Bay,C,RHMA ,1604,NF,,,2.5,Alive,Healthy,H,No,No,"AND, KH, DG, LU","1600, 1605",
2022,12/8/2021,Turner Bay,C,RHMA ,1603,NF,9,339,4.1,Alive,Healthy,H,No,No,"LU, KWG, KH, LP, AND",,Herbivory
2024,8/7/2024,Turner Bay,C,RHMA ,1603,NF,,,4,Alive,Healthy,H,No,No,"AND, KH, DG, LU",,
2022,12/2/2021,Turner Bay,B,RHMA ,1602,NF,225,72,3.5,Alive,Healthy,H,No,No,"LP, LU, KH, AJH",,
2024,8/7/2024,Turner Bay,B,RHMA ,1602,NF,,,3.7,Alive,Healthy,H,No,No,"AND, KH, DG, LU",,
2022,12/2/2021,Turner Bay,B,RHMA ,1601,NF,189,67,4.1,Alive,Healthy,H,No,No,"LP, LU, KH, AJH",,bird nest
2024,8/7/2024,Turner Bay,B,RHMA ,1601,NF,,,4.3,Alive,Healthy,H,No,No,"AND, KH, DG, LU",,
2024,8/7/2024,Turner Bay,C,RHMA ,1600,NF,,,2.8,Alive,Healthy,H,No,No,"AND, KH, DG, LU","1605, 1604",
2022,12/8/2021,Turner Bay,C,RHMA ,1599,NF,4,425,4.8,Alive,Unhealthy,U,No,No,"LU, KWG, KH, LP, AND",,mostly dead
2024,9/18/2024,Reef Bay,A,LARA,1599,"F, IP, MP",,,4.3,Alive,Healthy,H,No,No,,,
2024,8/7/2024,Turner Bay,C,RHMA ,1599,,,,5.4,Alive,Healthy,H,No,No,"AND, KH, DG, LU",,
2022,12/8/2021,Turner Bay,C,RHMA ,1597,NF,352,363,7.8,Alive,Healthy,H,No,No,"LU, KWG, KH, LP, AND",,
2024,6/10/2024,Brewers Bay,A,LARA,,,5,4.65,4,Dead,Dead,D,No,Yes,"AD,KR",NA,NO TAG
2024,6/10/2024,Brewers Bay,A,LARA,,,290,5.51,2.5,Dead,Dead,D,No,Yes,"AD,KR",NA,NO TAG
2024,6/10/2024,Brewers Bay,A,LARA,,,304,5.54,2.7,Dead,Dead,D,No,Yes,"AD,KR",NA,NO TAG
2024,8/7/2024,Turner Bay,C,RHMA ,1597,F,,,8.8,Alive,Healthy,H,No,No,"AND, KH, DG, LU",,
2022,12/8/2021,Turner Bay,C,RHMA ,1596,NF,8,521,3.4,Alive,Unhealthy,U,No,No,"LU, KWG, KH, LP, AND",,only top alive
2022,12/8/2021,Turner Bay,C,RHMA ,1595,NF,5,523,6.1,Alive,Healthy,H,No,No,"LU, KWG, KH, LP, AND",,
2024,8/7/2024,Turner Bay,C,RHMA ,1595,,,,6.8,Alive,Healthy,H,No,No,"AND, KH, DG, LU",,
2022,12/8/2021,Turner Bay,C,RHMA ,1594,"F, ID",355,426,8.8,Alive,Healthy,H,No,No,"LU, KWG, KH, LP, AND",,
2024,8/7/2024,Turner Bay,C,RHMA ,1594,NF,,,8.4,Alive,Healthy,H,No,No,"AND, KH, DG, LU",,
2022,12/8/2021,Turner Bay,C,RHMA ,1593,NF,348,513,2.5,Alive,Unhealthy,U,No,No,"LU, KWG, KH, LP, AND",,
2024,8/7/2024,Turner Bay,C,RHMA ,1593,NF,,,2.5,Alive,Healthy,H,No,No,"AND, KH, DG, LU",,
2022,12/8/2021,Turner Bay,C,RHMA ,1592,NF,1,465,5.3,Alive,Unhealthy,U,No,No,"LU, KWG, KH, LP, AND",,only top alive
2024,8/7/2024,Turner Bay,C,RHMA ,1592,,,,5.7,Alive,Healthy,H,No,No,"AND, KH, DG, LU",,
2022,12/8/2021,Turner Bay,C,RHMA ,1591,NF,340,562,3.3,Alive,Healthy,H,No,No,"LP, LU, ?",,
2024,8/7/2024,Turner Bay,C,RHMA ,1591,NF,,,5.4,Alive,Healthy,H,No,No,"AND, KH, DG, LU",,
2022,12/8/2021,Turner Bay,C,RHMA ,1590,"F, ID",347,406,3.7,Alive,Healthy,H,No,No,"LP, LU, ?",,
2024,8/7/2024,Turner Bay,C,RHMA ,1590,NF,,,4.2,Alive,Healthy,H,No,No,"AND, KH, DG, LU",,
2022,12/8/2021,Turner Bay,C,RHMA ,1589,"F, ID",340,343,7.4,Alive,Healthy,H,No,No,"LP, LU, ?",,
2024,8/7/2024,Turner Bay,C,RHMA ,1589,F,,,8.6,Alive,Healthy,H,No,No,"AND, KH, DG, LU",,
2022,12/8/2021,Turner Bay,C,RHMA ,1588,"F, ID",343,326,6.6,Alive,Healthy,H,No,No,"LP, LU, ?",,
2024,6/10/2024,Brewers Bay,B,LARA,232,NF,,,7.8,Dead,Dead,D,No,Yes,,,
2024,8/7/2024,Turner Bay,C,RHMA ,1588,NF,,,7.9,Alive,Healthy,H,No,No,"AND, KH, DG, LU",1851,
2022,12/8/2021,Reef Bay,C,AVGE,1587,NF,78,512,2.7,Alive,Healthy,H,No,No,,,some Herbivory on leaves
2024,10/8/2024,Reef Bay,C,AVGE,1587,,,,2.9,Alive,Unhealthy,U,,,,,MSD
2022,12/8/2021,Reef Bay,C,AVGE,1585,NF,178,502,3.3,Alive,Unhealthy,U,No,No,,,Herbivory on leaves
2022,12/8/2021,Reef Bay,C,AVGE,1584,NF,44,377,3.5,Alive,Unhealthy,U,No,No,,,main stem broken
2022,12/8/2021,Reef Bay,C,AVGE,1583,NF,39,360,3.3,Alive,Healthy,H,No,No,,,
2022,12/8/2021,Reef Bay,C,AVGE,1582,NF,14,274,4,Alive,Unhealthy,U,No,Yes,,,main branch dead
2022,12/8/2021,Reef Bay,C,AVGE,1581,NF,18,274,6.2,Alive,Unhealthy,U,No,Yes,,,main branch dead
2022,12/8/2021,Reef Bay,C,AVGE,1580,NF,20,279,3.8,Alive,Unhealthy,U,No,Yes,,,main branch dead
2022,12/8/2021,Reef Bay,C,UNK,1579,,12,310,4.9,Alive,Unhealthy,U,No,No,,,2 dead branches
2024,6/10/2024,Brewers Bay,B,LARA,,,160,4.93,2.6,Dead,Dead,D,No,Yes,,,
2024,6/10/2024,Brewers Bay,B,LARA,,,165,4.92,5,Dead,Dead,D,No,Yes,,,
2024,6/10/2024,Brewers Bay,B,LARA,,,275,3.98,2.9,Dead,Dead,D,No,Yes,,,
2024,6/10/2024,Brewers Bay,B,LARA,,NF,161,4.04,3.2,Dead,Dead,D,No,Yes,,,
2024,9/18/2024,Reef Bay,B,LARA,1578,NF,,,4.2,Alive,Healthy,H,No,No,,,
2022,12/8/2021,Reef Bay,B,LARA,1577,NF,120,288,3.6,Alive,Healthy,H,No,No,,,
2024,9/18/2024,Reef Bay,B,LARA,1577,NF,,,4.7,Alive,Healthy,H,No,No,,,
2022,12/8/2021,Reef Bay,B,LARA,1576,NF,121,300,3.9,Alive,Healthy,H,No,No,,,
2024,9/18/2024,Reef Bay,B,LARA,1576,"IP, MP",,,4.7,Alive,Healthy,H,No,No,,,
2022,12/8/2021,Reef Bay,B,LARA,1575,NF,126,331,3.9,Alive,Healthy,H,No,No,,,
2024,9/18/2024,Reef Bay,B,LARA,1575,NF,,,3.7,Alive,Healthy,H,No,No,,,
2022,12/8/2021,Reef Bay,B,LARA,1574,NF,122,329,3.4,Alive,Healthy,H,No,No,,,
2022,12/8/2021,Reef Bay,B,LARA,1573,NF,122,545,3.1,Alive,Unhealthy,U,No,No,,,"dead branches, top dead"
2024,9/18/2024,Reef Bay,B,AVGE,1573,NF,,,3.8,Alive,Healthy,H,No,No,,,
2022,12/8/2021,Reef Bay,B,LARA,1572,NF,133,545,3.3,Alive,Healthy,H,No,No,,,
2024,9/18/2024,Reef Bay,B,AVGE,1572,NF,,,4.7,Alive,Healthy,H,No,No,,,
2022,12/8/2021,Reef Bay,B,LARA,1571,NF,131,546,3.8,Alive,Healthy,H,No,No,,,
2024,9/18/2024,Reef Bay,B,AVGE,1571,NF,,,3.8,Alive,Healthy,H,No,No,,,
2022,12/8/2021,Reef Bay,B,LARA,1570,NF,129,458,3.3,Alive,Unhealthy,U,No,No,,,
2024,9/18/2024,Reef Bay,B,AVGE,1570,NF,,,5,Alive,Healthy,H,No,No,,,
2022,12/8/2021,Reef Bay,B,LARA,1569,NF,136,494,4.2,Alive,Healthy,H,No,No,,,
2024,9/18/2024,Reef Bay,B,AVGE,1569,NF,,,4.4,Alive,Healthy,H,No,No,,,
2022,12/8/2021,Reef Bay,B,LARA,1568,NF,135,516,4,Alive,Healthy,H,No,No,,,
2024,9/18/2024,Reef Bay,B,AVGE,1568,NF,,,4.4,Alive,Healthy,H,No,No,,,
2022,12/8/2021,Reef Bay,B,LARA,1567,NF,136,525,3.2,Alive,Healthy,H,No,No,,,
2022,12/8/2021,Reef Bay,B,LARA,1566,NF,141,460,4,Alive,Unhealthy,U,No,No,,,dead branches
2022,12/8/2021,Reef Bay,B,LARA,1565,NF,141,457,3.7,Alive,Unhealthy,U,No,No,,,dead branches
2024,9/18/2024,Reef Bay,B,AVGE,1565,NF,,,3.1,Alive,Healthy,H,No,No,,,
2022,12/8/2021,Reef Bay,B,LARA,1564,NF,142,431,2.6,Alive,Healthy,H,No,No,,,
2024,9/18/2024,Reef Bay,B,AVGE,1564,NF,,,3.8,Alive,Healthy,H,No,No,,,
2022,12/8/2021,Reef Bay,B,LARA,1563,NF,142,437,3.5,Alive,Healthy,H,No,No,,,
2022,12/8/2021,Reef Bay,B,LARA,1562,NF,143,521,3.1,Alive,Healthy,H,No,No,,,
2024,9/18/2024,Reef Bay,B,AVGE,1562,NF,,,4.2,Alive,Healthy,H,No,No,,,
2022,12/8/2021,Reef Bay,B,LARA,1561,NF,146,494,3.9,Alive,Healthy,H,No,No,,,
2024,9/18/2024,Reef Bay,B,AVGE,1561,MD,,,3.8,Alive,Healthy,H,No,No,,,
2022,12/8/2021,Reef Bay,B,LARA,1560,NF,146,530,3.2,Alive,Healthy,H,No,No,,,
2022,12/8/2021,Reef Bay,B,LARA,1559,NF,146,553,3.2,Alive,Healthy,H,No,No,,,
2024,9/18/2024,Reef Bay,B,AVGE,1559,NF,,,3,Alive,Healthy,H,No,No,,,
2022,12/8/2021,Reef Bay,B,LARA,1558,NF,155,497,2.8,Alive,Healthy,H,No,No,,,
2024,9/18/2024,Reef Bay,B,AVGE,1558,F,,,5.2,Alive,Healthy,H,No,No,,,
2022,12/8/2021,Reef Bay,B,LARA,1557,NF,160,410,4.2,Alive,Healthy,H,No,No,,,
2024,9/18/2024,Reef Bay,B,AVGE,1557,NF,,,3.5,Alive,Healthy,H,No,No,,,
2024,9/18/2024,Reef Bay,B,AVGE,1557,NF,,,4.2,Alive,Healthy,H,No,No,,,
2022,12/8/2021,Reef Bay,B,LARA,1556,NF,160,452,2.9,Alive,Healthy,H,No,No,,,
2024,9/18/2024,Reef Bay,B,AVGE,1556,NF,,,3,Alive,Healthy,H,No,No,,,
2024,9/18/2024,Reef Bay,B,AVGE,1556,NF ,,,4.3,Alive,Healthy,H,No,No,,,
2022,12/8/2021,Reef Bay,B,LARA,1555,NF,170,465,4.4,Alive,Healthy,H,No,No,,,
2024,9/18/2024,Reef Bay,B,AVGE,1555,NF,,,5.4,Alive,Healthy,H,No,No,,,
2022,12/8/2021,Reef Bay,B,LARA,1554,NF,170,449,4.7,Alive,Healthy,H,No,No,,,
2024,9/18/2024,Reef Bay,B,AVGE,1554,F,,,5.8,Alive,Healthy,H,No,No,,,
2022,12/8/2021,Reef Bay,B,LARA,1553,NF,166,473,4.1,Alive,Healthy,H,No,No,,,
2024,9/18/2024,Reef Bay,B,AVGE,1553,NF,,,4.8,Alive,Healthy,H,No,No,,,
2022,12/8/2021,Reef Bay,B,LARA,1552,NF,164,474,4.7,Alive,Healthy,H,No,No,,,
2024,9/18/2024,Reef Bay,B,AVGE,1552,NF,,,4.9,Alive,Healthy,H,No,No,,,
2022,12/8/2021,Reef Bay,B,LARA,1551,NF,165,482,3,Alive,Healthy,H,No,No,,,
2024,9/18/2024,Reef Bay,B,AVGE,1551,NF,,,3.8,Alive,Healthy,H,No,No,,,
2022,12/8/2021,Reef Bay,B,LARA,1550,NF,169,548,4.9,Alive,Healthy,H,No,No,,,
2024,9/18/2024,Reef Bay,B,AVGE,1550,NF,,,5.9,Alive,Healthy,H,No,No,,,
2022,12/8/2021,Reef Bay,B,LARA,1549,NF,175,528,3.6,Alive,Healthy,H,No,No,,,
2024,9/18/2024,Reef Bay,B,AVGE,1549,NF,,,4.5,Alive,Healthy,H,No,No,,,
2022,12/8/2021,Reef Bay,B,LARA,1548,NF,173,542,4.1,Alive,Healthy,H,No,No,,,
2024,9/18/2024,Reef Bay,B,AVGE,1548,NF,,,4.8,Alive,Healthy,H,No,No,,,
2022,12/8/2021,Reef Bay,B,LARA,1547,NF,220,238,2.7,Alive,Healthy,H,No,No,,,
2022,12/8/2021,Reef Bay,B,LARA,1546,NF,214,201,5.4,Alive,Healthy,H,No,No,,,
2024,9/18/2024,Reef Bay,A,LARA,1546,MD,,,6,Alive,Healthy,H,No,No,,,
2022,12/8/2021,Reef Bay,B,LARA,1545,NF,191,190,4.7,Alive,Unhealthy,U,No,No,,,dead branches
2024,9/18/2024,Reef Bay,A,LARA,1545,NF,,,4.8,Alive,Healthy,H,No,No,,,
2022,12/8/2021,Reef Bay,B,LARA,1544,NF,195,201,2.7,Alive,Healthy,H,No,No,,,
2024,9/18/2024,Reef Bay,A,LARA,1544,NF,,,3.2,Alive,Healthy,H,No,No,,,
2022,12/8/2021,Reef Bay,B,LARA,1543,NF,197,211,4.5,Alive,Healthy,H,No,No,,,
2024,9/18/2024,Reef Bay,A,LARA,1543,NF,,,5.9,Alive,Healthy,H,No,No,,,
2022,12/8/2021,Reef Bay,B,LARA,1542,NF,200,227,3.4,Alive,Healthy,H,No,No,,,
2024,9/18/2024,Reef Bay,A,LARA,1542,NF,,,3.6,Alive,Healthy,H,No,No,,,
2022,12/8/2021,Reef Bay,B,LARA,1541,NF,184,232,4.1,Alive,Healthy,H,No,No,,,
2024,9/18/2024,Reef Bay,A,LARA,1541,NF,,,4.8,Alive,Healthy,H,No,No,,,
2022,12/8/2021,Reef Bay,B,LARA,1540,NF,194,287,3.9,Alive,Healthy,H,No,No,,,
2024,6/10/2024,Brewers Bay,C,RHMA ,295,D,,,6.1,Dead,Dead,D,No,No,,,
2024,9/18/2024,Reef Bay,B,AVGE,1540,MP,,,5.5,Alive,Healthy,H,No,No,,,
2022,12/8/2021,Reef Bay,B,LARA,1539,NF,191,334,5.6,Alive,Healthy,H,No,No,,,
2024,9/18/2024,Reef Bay,B,AVGE,1539,NF ,,,5.5,Alive,Healthy,H,No,No,,,
2022,12/8/2021,Reef Bay,B,LARA,1538,NF,190,346,5,Alive,Unhealthy,U,No,No,,,dead branches
2024,9/18/2024,Reef Bay,B,AVGE,1538,NF,,,6.2,Alive,Healthy,H,No,No,,,
2022,12/8/2021,Reef Bay,B,LARA,1537,NF,190,379,3.8,Alive,Healthy,H,No,No,,,
2024,9/18/2024,Reef Bay,B,AVGE,1537,MP,,,3.8,Alive,Healthy,H,No,No,,,
2022,12/8/2021,Reef Bay,B,LARA,1536,NF,206,333,4,Alive,Healthy,H,No,No,,,
2024,9/18/2024,Reef Bay,B,AVGE,1536,MP,,,4.1,Alive,Healthy,H,No,No,,,
2022,12/8/2021,Reef Bay,B,LARA,1535,NF,210,336,2.6,Alive,Unhealthy,U,No,No,,,
2024,9/18/2024,Reef Bay,B,AVGE,1535,NF,,,2.7,Alive,Healthy,H,No,No,,,
2024,6/10/2024,Brewers Bay,C,LARA,,,145,5.58,2.6,Dead,Dead,D,No,No,,,
2022,12/8/2021,Reef Bay,B,LARA,1534,NF,216,437,2.5,Alive,Healthy,H,No,No,,,
2024,9/18/2024,Reef Bay,B,AVGE,1534,NF ,,,3.3,Alive,Healthy,H,No,No,,,
2022,12/8/2021,Reef Bay,B,LARA,1533,NF,210,432,4.6,Alive,Unhealthy,U,No,No,,,"Herbivory, dead branches"
2024,9/18/2024,Reef Bay,B,AVGE,1533,NF,,,5.2,Alive,Healthy,H,No,No,,,
2022,12/8/2021,Reef Bay,B,LARA,1532,NF,213,380,3.2,Alive,Healthy,H,No,No,,,
2024,9/18/2024,Reef Bay,B,AVGE,1532,NF,,,3.8,Alive,Healthy,H,No,No,,,
2022,12/8/2021,Reef Bay,B,LARA,1531,NF,215,378,3.2,Alive,Healthy,H,No,No,,,
2024,9/18/2024,Reef Bay,B,AVGE,1531,NF,,,4,Alive,Healthy,H,No,No,,,
2022,12/8/2021,Reef Bay,B,LARA,1530,NF,205,389,3.8,Alive,Healthy,H,No,No,,,
2024,9/18/2024,Reef Bay,B,AVGE,1530,NF,,,4.1,Alive,Healthy,H,No,No,,,
2022,12/8/2021,Reef Bay,B,LARA,1529,NF,204,434,2.9,Alive,Unhealthy,U,No,No,,,
2024,9/18/2024,Reef Bay,B,AVGE,1529,NF,,,3.5,Alive,Healthy,H,No,No,,,
2022,12/8/2021,Reef Bay,B,LARA,1528,NF,209,400,4.6,Alive,Healthy,H,No,No,,,
2024,9/18/2024,Reef Bay,B,AVGE,1528,NF,,,4.6,Alive,Healthy,H,No,No,,,
2022,12/8/2021,Reef Bay,B,LARA,1527,NF,200,433,5,Alive,Unhealthy,U,No,No,,,
2024,9/18/2024,Reef Bay,B,AVGE,1527,NF,,,4.8,Alive,Healthy,H,No,No,,,
2022,12/8/2021,Reef Bay,B,LARA,1525,NF,190,444,5.9,Alive,Healthy,H,No,No,,,
2024,9/18/2024,Reef Bay,B,AVGE,1525,NF,,,5.7,Alive,Healthy,H,No,No,,,
2022,12/8/2021,Reef Bay,B,LARA,1524,NF,166,338,6.1,Alive,Healthy,H,No,No,,,
2024,9/18/2024,Reef Bay,B,AVGE,1524,NF,,,7.1,Alive,Healthy,H,No,No,,,
2022,12/8/2021,Reef Bay,B,LARA,1523,NF,180,405,4.7,Alive,Healthy,H,No,No,,,
2024,9/18/2024,Reef Bay,B,AVGE,1523,NF,,,4.7,Alive,Healthy,H,No,No,,,
2022,12/8/2021,Reef Bay,B,LARA,1522,NF,184,415,4.1,Alive,Healthy,H,No,No,,,
2024,9/18/2024,Reef Bay,B,AVGE,1522,NF,,,4.1,Alive,Healthy,H,No,No,,,
2022,12/8/2021,Reef Bay,B,LARA,1521,NF,156,420,3.5,Alive,Healthy,H,No,No,,,
2024,9/18/2024,Reef Bay,B,AVGE,1521,NF,,,3.5,Alive,Healthy,H,No,No,,,
2022,12/8/2021,Reef Bay,B,LARA,1520,NF,181,542,2.9,Alive,Unhealthy,U,No,No,,,split
2024,9/18/2024,Reef Bay,B,AVGE,1520,NF,,,2.8,Alive,Healthy,H,No,No,,,
2022,12/8/2021,Reef Bay,B,LARA,1519,NF,182,470,3,Alive,Healthy,H,No,No,,,
2022,12/8/2021,Reef Bay,B,LARA,1518,NF,200,537,3.1,Alive,Healthy,H,No,No,,,
2024,9/18/2024,Reef Bay,B,AVGE,1518,NF,,,3.2,Alive,Healthy,H,No,No,,,
2022,12/8/2021,Reef Bay,B,LARA,1517,NF,200,543,4,Alive,Healthy,H,No,No,,,
2024,9/18/2024,Reef Bay,B,AVGE,1517,NF,,,4.9,Alive,Healthy,H,No,No,,,
2022,12/8/2021,Reef Bay,B,LARA,1516,NF,198,579,3.1,Alive,Healthy,H,No,No,,,
2024,9/18/2024,Reef Bay,B,AVGE,1516,NF,,,3.5,Alive,Healthy,H,No,No,,,
2022,12/8/2021,Reef Bay,B,LARA,1515,NF,203,540,4.1,Alive,Unhealthy,U,No,No,,,dead branches
2024,9/18/2024,Reef Bay,B,AVGE,1515,NF,,,4.8,Alive,Healthy,H,No,No,,,
2022,12/8/2021,Reef Bay,B,LARA,1514,NF,206,531,4.4,Alive,Healthy,H,No,No,,,
2024,9/18/2024,Reef Bay,B,AVGE,1514,NF,,,4.3,Alive,Unhealthy,U,No,No,,,
2022,12/8/2021,Reef Bay,B,LARA,1513,NF,205,535,3.9,Alive,Healthy,H,No,No,,,
2024,9/18/2024,Reef Bay,B,AVGE,1513,NF,,,4.2,Alive,Healthy,H,No,No,,,
2022,12/8/2021,Reef Bay,B,LARA,1512,NF,210,561,3.6,Alive,Unhealthy,U,No,No,,,
2022,12/8/2021,Reef Bay,B,LARA,1511,NF,208,535,4.3,Alive,Healthy,H,No,No,,,
2024,9/18/2024,Reef Bay,B,AVGE,1511,NF,,,4.6,Alive,Unhealthy,U,No,No,,,
2022,12/8/2021,Reef Bay,B,LARA,1510,NF,214,510,3.2,Alive,Unhealthy,U,No,No,,,
2024,9/18/2024,Reef Bay,B,AVGE,1510,MP,,,3.5,Alive,Healthy,H,No,No,,,
2022,12/8/2021,Reef Bay,B,LARA,1509,NF,209,507,3.4,Alive,Healthy,H,No,No,,,
2024,9/18/2024,Reef Bay,B,AVGE,1509,NF ,,,3.7,Alive,Unhealthy,U,No,No,,,
2022,12/8/2021,Reef Bay,B,LARA,1508,NF,238,526,3,Alive,Unhealthy,U,No,No,,,"Herbivory, dead branches"
2024,9/18/2024,Reef Bay,B,AVGE,1508,NF,,,3.8,Alive,Healthy,H,No,No,,,
2022,12/8/2021,Reef Bay,B,LARA,1507,NF,211,558,3,Alive,Healthy,H,No,No,,,
2024,9/18/2024,Reef Bay,B,AVGE,1507,NF,,,3,Alive,Unhealthy,U,No,No,,,
2022,12/8/2021,Reef Bay,B,LARA,1506,NF,233,526,2.8,Alive,Healthy,H,No,No,,,
2024,9/18/2024,Reef Bay,B,AVGE,1506,"IP, MP",,,3.2,Alive,Healthy,H,No,No,,,
2022,12/8/2021,Reef Bay,B,LARA,1505,NF,222,497,4.7,Alive,Healthy,H,No,No,,,
2024,9/18/2024,Reef Bay,A,LARA,1505,NF,,,5,Alive,Healthy,H,No,No,,,
2022,12/8/2021,Reef Bay,B,LARA,1504,NF,226,488,3.9,Alive,Healthy,H,No,No,,,
2024,9/18/2024,Reef Bay,A,LARA,1504,NF,,,4.3,Alive,Healthy,H,No,No,,,
2022,12/8/2021,Reef Bay,B,LARA,1503,NF,230,465,2.9,Alive,Healthy,H,No,No,,,
2024,9/18/2024,Reef Bay,A,LARA,1503,NF,,,3.1,Alive,Healthy,H,No,No,,,
2022,12/8/2021,Reef Bay,B,LARA,1502,NF,228,450,2.7,Alive,Healthy,H,No,No,,,
2024,9/18/2024,Reef Bay,A,LARA,1502,NF,,,3.1,Alive,Healthy,H,No,No,,,
2022,12/8/2021,Reef Bay,B,LARA,1501,NF,231,441,3.1,Alive,Healthy,H,No,No,,,
2024,9/18/2024,Reef Bay,A,LARA,1501,NF,,,3.3,Alive,Healthy,H,No,No,,,
2022,12/2/2021,Turner Bay,A,LARA,1500,NF,125,435,3.4,Alive,Healthy,H,No,No,"LP, LU, KH, AJH",,
2024,8/7/2024,Turner Bay,A,LARA,1500,NF,,,3.8,Alive,Healthy,H,No,No,"AND, KH, DG, LU",,
2024,8/7/2024,Turner Bay,A,LARA,1499,NF,,,3,Alive,Unhealthy,U,No,No,"AND, KH, DG, LU",,
2022,12/2/2021,Turner Bay,A,RHMA ,1498,NF,163,549,4.5,Alive,Healthy,H,No,No,"LP, LU, KH, AJH",,
2024,8/7/2024,Turner Bay,A,RHMA ,1498,NF,,,4.6,Alive,Healthy,H,No,No,"AND, KH, DG, LU",,
2022,12/2/2021,Turner Bay,A,LARA,1497,NF,205,418,5,Alive,Healthy,H,No,No,"LP, LU, KH, AJH",,
2024,8/7/2024,Turner Bay,A,LARA,1497,NF,,,5.6,Alive,Healthy,H,No,No,"AND, KH, DG, LU",,
2022,12/2/2021,Turner Bay,A,RHMA ,1496,NF,205,380,10,Alive,Healthy,H,No,No,"LP, LU, KH, AJH",,
2024,8/7/2024,Turner Bay,A,RHMA ,1496,NF,,,11.7,Alive,Healthy,H,No,No,"AND, KH, DG, LU",,
2022,12/2/2021,Turner Bay,A,LARA,1495,NF,200,457,2.8,Alive,Healthy,H,No,No,"LP, LU, KH, AJH",,
2024,8/7/2024,Turner Bay,A,LARA,1495,NF,,,2.5,Alive,Healthy,H,No,No,"AND, KH, DG, LU",,
2022,12/2/2021,Turner Bay,A,LARA,1494,NF,185,467,4.5,Alive,Healthy,H,No,No,"LP, LU, KH, AJH",,
2024,8/7/2024,Turner Bay,A,LARA,1494,NF,,,4.5,Dying,Unhealthy,U,No,No,"AND, KH, DG, LU",,
2022,12/2/2021,Turner Bay,A,RHMA ,1493,NF,171,385,3.9,Alive,Healthy,H,No,No,"LP, LU, KH, AJH",,
2024,8/7/2024,Turner Bay,A,LARA,1493,NF,,,3.1,Alive,Healthy,H,No,No,"AND, KH, DG, LU",,
2022,12/2/2021,Turner Bay,A,LARA,1492,NF,202,545,3.1,Alive,Healthy,H,No,No,"LP, LU, KH, AJH",,
2024,8/7/2024,Turner Bay,A,LARA,1492,NF,,,3.5,Alive,Healthy,H,No,No,"AND, KH, DG, LU",,
2022,12/2/2021,Turner Bay,A,LARA,1491,NF,197,470,3,Alive,Unhealthy,U,No,No,"LP, LU, KH, AJH",,
2024,8/7/2024,Turner Bay,A,LARA,1491,NF,,,9.1,Alive,Healthy,H,No,No,"AND, KH, DG, LU",,
2022,12/2/2021,Turner Bay,A,LARA,1490,NF,125,462,5.1,Alive,Healthy,H,No,No,"LP, LU, KH, AJH",,
2024,8/7/2024,Turner Bay,A,LARA,1490,NF,,,5.5,Alive,Healthy,H,No,No,"AND, KH, DG, LU",,
2022,12/2/2021,Turner Bay,A,LARA,1489,NF,128,452,2.9,Alive,Unhealthy,U,No,No,"LP, LU, KH, AJH",,
2022,12/2/2021,Turner Bay,A,LARA,1488,NF,133,559,4.7,Alive,Healthy,H,No,No,"LP, LU, KH, AJH",,
2024,8/7/2024,Turner Bay,A,LARA,1488,NF,,,4.8,Alive,Healthy,H,No,No,"AND, KH, DG, LU",,
2024,8/7/2024,Turner Bay,A,LARA,1486,NF,,,3.5,Alive,Healthy,H,No,No,"AND, KH, DG, LU",,
2022,12/2/2021,Turner Bay,A,LARA,1485,NF,201,413,4.9,Alive,Healthy,H,No,No,"LP, LU, KH, AJH",,
2024,8/7/2024,Turner Bay,A,LARA,1485,NF,,,4.8,Alive,Healthy,H,No,No,"AND, KH, DG, LU",,
2022,12/2/2021,Turner Bay,A,LARA,1484,NF,193,536,4.5,Alive,Healthy,H,No,No,"LP, LU, KH, AJH",,
2024,8/7/2024,Turner Bay,A,LARA,1484,NF,,,8.2,Alive,Healthy,H,No,No,"AND, KH, DG, LU",1475,
2022,12/2/2021,Turner Bay,A,LARA,1483,NF,169,364,5.4,Alive,Healthy,H,No,No,"LP, LU, KH, AJH",,
2024,8/7/2024,Turner Bay,A,LARA,1483,NF,,,5.6,Alive,Healthy,H,No,No,"AND, KH, DG, LU",,
2022,12/2/2021,Turner Bay,A,LARA,1482,NF,142,546,2.9,Alive,Healthy,H,No,No,"LP, LU, KH, AJH",,
2022,12/2/2021,Turner Bay,A,LARA,1481,NF,144,512,3.3,Alive,Healthy,H,No,No,"LP, LU, KH, AJH",,
2024,8/7/2024,Turner Bay,A,LARA,1481,NF,,,3.4,Alive,Healthy,H,No,No,"AND, KH, DG, LU",,
2022,12/2/2021,Turner Bay,A,RHMA ,1480,NF,176,492,7.4,Alive,Healthy,H,No,No,"LP, LU, KH, AJH",,
2024,8/7/2024,Turner Bay,A,RHMA ,1480,NF,,,8,Alive,Healthy,H,No,No,"AND, KH, DG, LU",,
2022,12/2/2021,Turner Bay,A,LARA,1479,NF,204,480,6,Alive,Healthy,H,No,No,"LP, LU, KH, AJH",,
2024,8/7/2024,Turner Bay,A,RHMA ,1477,NF,,,5.7,Alive,Healthy,H,No,No,"AND, KH, DG, LU",,
2022,12/2/2021,Turner Bay,A,RHMA ,1476,NF,168,508,5.2,Alive,Unhealthy,U,No,No,"LP, LU, KH, AJH",,
2024,8/7/2024,Turner Bay,A,RHMA ,1476,NF,,,5.3,Dying,Unhealthy,U,No,No,"AND, KH, DG, LU",,
2022,12/2/2021,Turner Bay,A,LARA,1475,NF,197,560,2.7,Alive,Healthy,H,No,No,"LP, LU, KH, AJH",,
2024,8/7/2024,Turner Bay,A,LARA,1475,NF,,,3.1,Alive,Healthy,H,No,No,"AND, KH, DG, LU",1484,
2024,8/7/2024,Turner Bay,A,LARA,1474,NF,,,6.6,Alive,Healthy,H,No,No,"AND, KH, DG, LU",,
2022,12/3/2021,Reef Bay,A,LARA,1473,NF,155,319,5.6,Alive,Unhealthy,U,No,No,"LU, LP ",,Herbivory
2024,6/11/2024,Compass Point,A,RHMA ,,NF,34,5.02,4.5,Dead,Dead,DT,No,Yes,"AD, KWG, LU",,
2024,9/18/2024,Reef Bay,A,LARA,1473,NF,,,6.6,Alive,Healthy,H,No,No,,,
2022,12/3/2021,Reef Bay,A,LARA,1472,NF,121,326,4.9,Alive,Unhealthy,U,No,No,"LU, LP ",,Herbivory
2024,7/9/2024,Magens Bay,C,RHMA ,1472,NF,104,5.37,3.3,Alive,Healthy,H,No,No,"JS, JC",,
2024,9/18/2024,Reef Bay,A,LARA,1472,"IP, MP",,,5.4,Alive,Healthy,H,No,No,"KR,SH",,
2024,6/11/2024,Compass Point,A,RHMA ,,,48,4.93,5.6,Dead,Dead,D,No,No,"AD, KWG, LU",,
2024,6/11/2024,Compass Point,A,RHMA ,,,6,2.5,6.1,Dead,Dead,D,No,No,"AD, KWG, LU",,
2024,6/11/2024,Compass Point,A,RHMA ,,,215,2.41,6.5,Dead,Dead,D,No,No,"AD, KWG, LU",,
2024,6/11/2024,Compass Point,B,LARA,,,,3.76,3.2,Dead,Dead,D,No,No,"AD, KWG, LU",,
2024,6/11/2024,Compass Point,B,LARA,,,230,3.67,3.2,Dead,Dead,D,No,No,"AD, KWG, LU",,
2024,6/11/2024,Compass Point,B,LARA,,,68,5.46,3.2,Dead,Dead,D,No,No,"KWG, LU",,
2024,6/11/2024,Compass Point,B,LARA,,,191,3.53,3.3,Dead,Dead,D,No,No,"AD, KWG, LU",,
2024,6/11/2024,Compass Point,B,LARA,,,,3.14,3.3,Dead,Dead,D,No,No,"AD, KWG, LU",,
2024,6/11/2024,Compass Point,B,LARA,,,45,4.07,3.5,Dead,Dead,D,No,No,"KWG, LU",,
2024,6/11/2024,Compass Point,B,LARA,,,193,2.55,3.6,Dead,Dead,D,No,No,"AD, KWG, LU",,
2024,6/11/2024,Compass Point,B,LARA,,,226,5.64,3.6,Dead,Dead,D,No,No,"AD, KWG, LU",,
2024,6/11/2024,Compass Point,B,LARA,,,219,2.74,4,Dead,Dead,D,No,No,"AD, KWG, LU",,
2024,6/11/2024,Compass Point,B,LARA,2978,NF,143,3.66,4.2,Dead,Dead,D,No,No,"AD, KWG, LU",,
2024,6/11/2024,Compass Point,B,LARA,,,84,4.04,4.3,Dead,Dead,D,No,No,"KWG, LU",,
2024,6/11/2024,Compass Point,B,LARA,,,229,5.36,5.5,Dead,Dead,D,No,No,"AD, KWG, LU",,
2022,12/3/2021,Reef Bay,A,LARA,1471,NF,109,423,3.3,Alive,Healthy,H,No,No,"LU, LP ",,
2024,6/11/2024,Compass Point,B,LARA,2988,,,2.83,7,Dead,Dead,D,No,No,"AD, KWG, LU",CONNECTED TO 2990,
2024,6/11/2024,Compass Point,B,LARA,,,227,3.52,7,Dead,Dead,D,No,No,"AD, KWG, LU",,
2024,7/9/2024,Magens Bay,C,RHMA ,1471,NF,110,4.32,3.9,Alive,Healthy,H,No,No,"JS, JC",,
2022,12/3/2021,Reef Bay,A,LARA,1470,NF,144,158,3.2,Alive,Unhealthy,U,No,No,"LU, LP ",,Herbivory
2024,9/18/2024,Reef Bay,A,LARA,1470,NF,,,3.8,Alive,Healthy,H,No,No,"KR,SH",,drowned
2024,6/11/2024,Compass Point,B,LARA,2974,NF,95,1.26,7.2,Dead,Dead,D,No,Yes,"AD, KWG, LU",,
2024,7/9/2024,Magens Bay,C,RHMA ,1469,NF,114,4.88,2.5,Alive,Healthy,H,No,No,"JS, JC",,
2024,8/7/2024,Turner Bay,A,LARA,1469,NF,,,3.8,Alive,Unhealthy,U,No,No,"AND, KH, DG, LU",,
2022,12/2/2021,Turner Bay,A,LARA,1468,NF,170,129,6.2,Alive,Healthy,H,No,No,"LP, LU, KH, AJH",,
2024,8/7/2024,Turner Bay,A,LARA,1468,NF,,,6.8,Alive,Healthy,H,No,No,"AND, KH, DG, LU",,
2022,12/2/2021,Turner Bay,A,LARA,1467,NF,164,309,5.1,Alive,Unhealthy,U,No,No,"LP, LU, KH, AJH",,
2024,8/7/2024,Turner Bay,A,LARA,1467,NF,,,5.4,Alive,Healthy,H,No,No,"AND, KH, DG, LU",,
2024,8/7/2024,Turner Bay,A,LARA,1467,NF,,,5.2,Alive,Healthy,H,No,No,"AND, KH, DG, LU",,
2022,12/3/2021,Reef Bay,A,LARA,1466,NF,126,293,4.3,Alive,Unhealthy,U,No,No,"LU, LP ",,Herbivory
2024,9/18/2024,Reef Bay,A,LARA,1466,"IP, MP",,,5.4,Alive,Healthy,H,No,No,"KR,SH",,
2022,12/3/2021,Reef Bay,A,LARA,1465,NF,161,276,4.5,Alive,Unhealthy,U,No,No,"LU, LP ",,Herbivory
2024,9/18/2024,Reef Bay,A,LARA,1465,NF,,,4.8,Alive,Healthy,H,No,No,"KR,SH",,
2022,12/3/2021,Reef Bay,A,LARA,1464,NF,166,276,3.4,Alive,Unhealthy,U,No,No,"LU, LP ",,Herbivory
2024,9/18/2024,Reef Bay,A,LARA,1464,NF,,,4,Alive,Healthy,H,No,No,"KR,SH",,
2022,12/2/2021,Turner Bay,A,LARA,1463,NF,196,518,2.5,Alive,Healthy,H,No,No,"LP, LU, KH, AJH",,
2024,8/7/2024,Turner Bay,A,LARA,1463,NF,,,2.5,Alive,Unhealthy,U,No,No,"AND, KH, DG, LU",,
2022,12/2/2021,Turner Bay,A,LARA,1462,NF,165,307,4.3,Alive,Unhealthy,U,No,No,"LP, LU, KH, AJH",,
2024,8/7/2024,Turner Bay,A,LARA,1462,NF,,,4.4,Alive,Healthy,H,No,No,"AND, KH, DG, LU",,
2022,12/2/2021,Turner Bay,A,RHMA ,1461,NF,184,255,9.4,Alive,Healthy,H,No,No,"LP, LU, KH, AJH",,
2024,8/7/2024,Turner Bay,A,RHMA ,1461,NF,,,11.9,Alive,Healthy,H,No,No,"AND, KH, DG, LU",,
2022,12/2/2021,Turner Bay,A,LARA,1460,NF,190,559,3.9,Alive,Healthy,H,No,No,"LP, LU, KH, AJH",,
2022,12/2/2021,Turner Bay,A,LARA,1459,NF,220,334,2.6,Alive,Unhealthy,U,No,No,"LP, LU, KH, AJH",,
2024,6/11/2024,Compass Point,B,LARA,2975,NF,145,2.57,9.2,Dead,Dead,D,No,Yes,"AD, KWG, LU",,
2024,8/7/2024,Turner Bay,A,LARA,1459,NF,,,2.7,Alive,Healthy,H,No,No,"AND, KH, DG, LU",,
2022,12/2/2021,Turner Bay,A,RHMA ,1458,NF,208,359,6.1,Alive,Unhealthy,U,No,No,"LP, LU, KH, AJH",,
2024,6/11/2024,Compass Point,B,LARA,R0861,,76,4.65,10,Dead,Dead,D,No,Yes,"KWG, LU",,
2024,8/7/2024,Turner Bay,A,RHMA ,1458,NF,,,6.1,Alive,Healthy,H,No,No,"AND, KH, DG, LU",,
2022,12/3/2021,Reef Bay,A,AVGE,1457,NF,117,247,4,Alive,Unhealthy,U,No,No,"LU, LP ",,Herbivory
2022,12/2/2021,Turner Bay,A,RHMA ,1457,NF,253,485,3.2,Alive,Healthy,H,No,No,"LP, LU, KH, AJH",,
2022,12/2/2021,Turner Bay,A,LARA,1456,NF,287,533,6.9,Alive,Unhealthy,U,No,No,"LP, LU, KH, AJH",,
2022,12/2/2021,Turner Bay,A,LARA,1455,NF,274,480,2.8,Alive,Unhealthy,U,No,No,"LP, LU, KH, AJH",,
2024,8/7/2024,Turner Bay,A,LARA,1454,"IP, MP",,,5.5,Alive,Healthy,H,No,No,"AND, KH, DG, LU",,
2024,8/7/2024,Turner Bay,A,RHMA ,1451,NF,,,3.6,Alive,Healthy,H,No,No,"AND, KH, DG, LU",,
2024,7/17/2024,Francis Bay,A,LARA,405,,,,6.5,Dead,Dead,D,No,Yes,"LU, DG, AND",,
2022,12/2/2021,Turner Bay,A,LARA,1449,NF,250,210,3.1,Alive,Healthy,H,No,No,"LP, LU, KH, AJH",,
2024,8/7/2024,Turner Bay,A,LARA,1449,,,,3.4,Alive,Unhealthy,U,No,No,"AND, KH, DG, LU",,
2024,7/17/2024,Francis Bay,A,LARA,449,,,,5.3,Dead,Dead,D,No,Yes,"LU, DG, AND",,
2024,7/17/2024,Francis Bay,A,LARA,481,,,,4.9,Dead,Dead,D,No,Yes,"LU, DG, AND",,
2024,7/17/2024,Francis Bay,A,LARA,499,,,,6,Dead,Dead,D,No,No,"LU, KH, DG",,leaning
2024,7/17/2024,Francis Bay,A,LARA,562,,,,6.1,Dead,Dead,D,No,Yes,"LU, DG, AND",,
2024,7/17/2024,Francis Bay,A,LARA,563,,,,4.4,Dead,Dead,D,No,Yes,"LU, DG, AND",,
2024,7/17/2024,Francis Bay,A,LARA,,,255,4.98,5.5,Dead,Dead,D,No,Yes,"LU, DG, AND",,no tag
2024,7/17/2024,Francis Bay,A,LARA,,,210,3.58,4.7,Dead,Dead,D,No,Yes,"LU, DG, AND",,no tag
2024,7/17/2024,Francis Bay,A,LARA,,,180,3.71,4.9,Dead,Dead,D,No,Yes,"LU, DG, AND",,
2024,7/17/2024,Francis Bay,A,LARA,,,190,3.69,7.9,Dead,Dead,D,No,Yes,"LU, DG, AND",,
2024,7/17/2024,Francis Bay,A,LARA,,,261,4.62,4,Dead,Dead,D,No,Yes,"LU, DG, AND",,possibly tag 446 which was found on ground
2024,7/9/2024,Magens Bay,C,RHMA ,1448,NF,127,2.8,3.4,Alive,Healthy,H,No,No,"JS, JC",,
2024,7/17/2024,Francis Bay,B,LARA,330,,,,4.5,Dead,Dead,D,No,No,"HM, SM",,
2024,7/17/2024,Francis Bay,B,LARA,332,,,,,Dead,Dead,D,No,No,"HM, SM",,"removed tag, tree fell"
2024,8/7/2024,Turner Bay,A,LARA,1448,,,,4.9,Alive,Unhealthy,U,No,No,"AND, KH, DG, LU",,
2022,12/2/2021,Turner Bay,A,RHMA ,1447,NF,237,540,11,Alive,Healthy,H,No,No,"LP, LU, KH, AJH",,
2024,8/7/2024,Turner Bay,A,RHMA ,1447,NF,,,13,Alive,Healthy,H,No,No,"AND, KH, DG, LU",,
2022,12/2/2021,Turner Bay,A,RHMA ,1446,NF,235,470,8.6,Alive,Healthy,H,No,No,"LP, LU, KH, AJH",,
2024,7/17/2024,Francis Bay,B,LARA,341,,,,8.2,Dead,Dead,D,No,Yes,"HM, SM",,
2024,7/17/2024,Francis Bay,B,LARA,342,,,,7,Dead,Dead,D,No,Yes,"LU, DG, AND",,
2024,7/17/2024,Francis Bay,B,LARA,347,,,,,Dead,Dead,D,No,No,"LU, DG, AND",R-1454,"tree fallen, removed tag"
2024,7/17/2024,Francis Bay,B,LARA,350,,,,5.5,Dead,Dead,D,No,No,"HM, SM",,
2024,8/7/2024,Turner Bay,A,RHMA ,1446,NF,,,9.6,Alive,Healthy,H,No,No,"AND, KH, DG, LU",,
2024,7/17/2024,Francis Bay,B,LARA,452,,,,4.3,Dead,Dead,D,No,No,"HM, SM",,
2024,7/17/2024,Francis Bay,B,LARA,485,,,,,Dead,Dead,D,No,No,"HM, SM",,"removed tag, tree fell"
2022,12/2/2021,Turner Bay,A,LARA,1445,NF,251,178,6.8,Alive,Healthy,H,No,No,"LP, LU, KH, AJH",,
2024,8/7/2024,Turner Bay,A,LARA,1445,"IP, MP",,,7.1,Alive,Healthy,H,No,No,"AND, KH, DG, LU",,
2024,7/17/2024,Francis Bay,B,LARA,499,,,,4.8,Dead,Dead,D,No,No,"HM, SM",,
2024,7/17/2024,Francis Bay,B,LARA,499,,,,,Dead,Dead,D,No,No,"LU, DG, AND",,"tree fallen, removed tag"
2024,7/17/2024,Francis Bay,B,LARA,,,,,5.6,Dead,Dead,D,No,No,"HM, SM",,"tag fell, not retagging, will fall soon"
2024,7/17/2024,Francis Bay,B,LARA,,,,,5.3,Dead,Dead,D,No,No,"HM, SM",,"tag fell, no DBH"
2024,7/17/2024,Francis Bay,B,LARA,,,,,3.9,Dead,Dead,D,No,No,"HM, SM",,"tag fell, not retagging"
2024,7/17/2024,Francis Bay,B,LARA,,,115,2.44,7.1,Dead,Dead,D,No,Yes,"HM, SM",,"tag fell, not retagging"
2024,7/17/2024,Francis Bay,B,LARA,,,,,6.7,Dead,Dead,D,No,No,"LU, DG, AND",,"tag fell, not retagging"
2024,7/17/2024,Francis Bay,B,LARA,,,226,3.29,5.4,Dead,Dead,D,No,Yes,"LU, DG, AND",,not tagging
2024,7/17/2024,Francis Bay,B,LARA,,,239,3.56,4.9,Dead,Dead,D,No,Yes,"LU, DG, AND",,not tagging
2022,12/3/2021,Reef Bay,A,LARA,1443,NF,143,168,2.5,Alive,Unhealthy,U,No,No,"LU, LP ",,
2024,9/18/2024,Reef Bay,A,LARA,1443,NF,,,4.4,Alive,Healthy,H,No,No,"KR,SH",,drowned
2022,12/2/2021,Turner Bay,A,RHMA ,1442,NF,213,356,4.3,Alive,Healthy,H,No,No,"LP, LU, KH, AJH",,
2024,8/7/2024,Turner Bay,A,RHMA ,1442,NF,,,4.1,Alive,Healthy,H,No,No,"AND, KH, DG, LU",,
2022,12/2/2021,Turner Bay,A,LARA,1441,NF,216,506,6.1,Alive,Unhealthy,U,No,No,"LP, LU, KH, AJH",,
2024,7/9/2024,Magens Bay,C,RHMA ,1441,NF,80,3.82,3.7,Alive,Healthy,H,No,No,"JS, JC",1112,new tree from 1112
2022,12/2/2021,Turner Bay,A,RHMA ,1440,MD,225,563,9,Alive,Healthy,H,No,No,"LP, LU, KH, AJH",,
2024,7/9/2024,Magens Bay,C,RHMA ,1440,NF,75,2.63,2.5,Alive,Healthy,H,No,No,"JS, JC",,
2024,7/17/2024,Francis Bay,C,LARA,403,,,,4.8,Dead,Dead,D,No,Yes,"HM, SM",478,
2024,8/7/2024,Turner Bay,A,RHMA ,1440,NF,,,9.9,Alive,Healthy,H,No,No,"AND, KH, DG, LU",,
2022,12/2/2021,Turner Bay,A,LARA,1439,NF,223,454,4.6,Alive,Healthy,H,No,No,"LP, LU, KH, AJH",,
2024,7/9/2024,Magens Bay,C,RHMA ,1439,NF,122,4.7,3.8,Alive,Healthy,H,No,No,"JS, JC",,
2024,8/7/2024,Turner Bay,A,LARA,1439,NF,,,4.6,Alive,Healthy,H,No,No,"AND, KH, DG, LU",,
2022,12/2/2021,Turner Bay,A,LARA,1436,NF,140,515,3.8,Alive,Healthy,H,No,No,"LP, LU, KH, AJH",,
2022,12/2/2021,Turner Bay,A,LARA,1436,NF,263,534,5.9,Alive,Unhealthy,U,No,No,"LP, LU, KH, AJH",,
2024,8/7/2024,Turner Bay,A,LARA,1436,"IP, MP",,,6.1,Alive,Healthy,H,No,No,"AND, KH, DG, LU",,
2022,12/2/2021,Turner Bay,A,LARA,1435,NF,223,292,3.6,Alive,Unhealthy,U,No,No,"LP, LU, KH, AJH",,
2024,7/17/2024,Francis Bay,C,LARA,419,,,,4.6,Dead,Dead,D,No,No,"HM, SM",,
2024,8/7/2024,Turner Bay,A,LARA,1435,NF,,,3.9,Alive,Healthy,H,No,No,"AND, KH, DG, LU",,
2024,7/17/2024,Francis Bay,C,LARA,421,,,,3.1,Dead,Dead,D,No,No,"HM, SM",,
2022,12/2/2021,Turner Bay,A,LARA,1434,NF,280,511,3.2,Alive,Unhealthy,U,No,No,"LP, LU, KH, AJH",,
2024,8/7/2024,Turner Bay,A,LARA,1431,"IP, MP",,,2.8,Alive,Healthy,H,No,No,"AND, KH, DG, LU",,
2022,12/2/2021,Turner Bay,A,LARA,1430,NF,290,535,4.1,Alive,Unhealthy,U,No,No,"LP, LU, KH, AJH",,
2024,7/9/2024,Magens Bay,C,RHMA ,1430,NF,76,5.48,4.3,Alive,Healthy,H,No,No,"JS, JC",,
2022,12/2/2021,Turner Bay,A,LARA,1429,NF,265,77,4.1,Alive,Unhealthy,U,No,No,"LP, LU, KH, AJH",,
2024,7/17/2024,Francis Bay,C,LARA,425,,,,5,Dead,Dead,D,No,No,"LU, KH, DG",426,
2024,7/17/2024,Francis Bay,C,LARA,426,,,,4.4,Dead,Dead,D,No,No,"LU, KH, DG",425,
2024,8/7/2024,Turner Bay,A,LARA,1429,,,,4.1,Alive,Unhealthy,U,No,No,"AND, KH, DG, LU",,
2022,12/2/2021,Turner Bay,A,LARA,1428,NF,294,116,6.7,Alive,Healthy,H,No,No,"LP, LU, KH, AJH",,
2024,8/7/2024,Turner Bay,A,LARA,1428,"IP, MP",,,7.7,Alive,Healthy,H,No,No,"AND, KH, DG, LU",,
2022,12/2/2021,Turner Bay,A,LARA,1427,NF,272,212,4.3,Alive,Unhealthy,U,No,No,"LP, LU, KH, AJH",,
2024,7/17/2024,Francis Bay,C,LARA,432,,,,4.6,Dead,Dead,D,No,No,"HM, SM",,
2024,8/7/2024,Turner Bay,A,LARA,1427,,,,4.5,Alive,Unhealthy,U,No,No,"AND, KH, DG, LU",,
2022,12/2/2021,Turner Bay,A,LARA,1426,NF,277,237,4.4,Alive,Unhealthy,U,No,No,"LP, LU, KH, AJH",,
2024,8/7/2024,Turner Bay,A,LARA,1426,F,,,5.1,Alive,Healthy,H,No,No,"AND, KH, DG, LU",,
2022,12/2/2021,Turner Bay,A,LARA,1425,NF,300,362,3.9,Alive,Unhealthy,U,No,No,"LP, LU, KH, AJH",,
2024,8/7/2024,Turner Bay,A,LARA,1425,"IP, MP",,,3.8,Alive,Unhealthy,U,No,No,"AND, KH, DG, LU",,
2022,12/2/2021,Turner Bay,A,LARA,1424,NF,281,499,3.5,Alive,Unhealthy,U,No,No,"LP, LU, KH, AJH",,
2024,7/17/2024,Francis Bay,C,LARA,444,,,,2.6,Dead,Dead,D,No,No,"HM, SM",446,
2024,7/17/2024,Francis Bay,C,LARA,446,,,,5.5,Dead,Dead,D,No,Yes,"LU, KH, DG",,
2024,7/17/2024,Francis Bay,C,LARA,446,,,,2.8,Dead,Dead,D,No,No,"HM, SM",444,
2024,7/17/2024,Francis Bay,C,LARA,447,,,,4.9,Dead,Dead,D,No,Yes,"LU, KH, DG",R-1447,removed tag
2024,8/7/2024,Turner Bay,A,LARA,1424,,,,3.6,Alive,Unhealthy,U,No,No,"AND, KH, DG, LU",,
2022,12/2/2021,Turner Bay,A,LARA,1423,NF,299,428,5,Alive,Unhealthy,U,No,No,"LP, LU, KH, AJH",,
2024,8/7/2024,Turner Bay,A,LARA,1423,"IP, MP",,,4.7,Alive,Healthy,H,No,No,"AND, KH, DG, LU",,
2024,7/17/2024,Francis Bay,C,LARA,451,,,,7.5,Dead,Dead,D,No,Yes,"LU, KH, DG",,
2024,8/7/2024,Turner Bay,A,LARA,1422,NF,,,4.2,Alive,Unhealthy,U,No,No,"AND, KH, DG, LU",,
2024,8/7/2024,Turner Bay,A,LARA,1421,NF,,,5.7,Alive,Healthy,H,No,No,"AND, KH, DG, LU",,
2024,7/17/2024,Francis Bay,C,LARA,454,,180,41.4,3.9,Dead,Dead,D,No,No,"HM, SM",,
2022,12/2/2021,Turner Bay,A,LARA,1419,NF,236,353,6.7,Alive,Healthy,H,No,No,"LU, LP",,
2024,8/7/2024,Turner Bay,A,LARA,1419,NF,,,4.2,Alive,Healthy,H,No,No,"AND, KH, DG, LU",,
2022,12/2/2021,Turner Bay,A,LARA,1418,NF,240,385,3.7,Alive,Unhealthy,U,No,No,"LU, LP",,Herbivory
2024,7/17/2024,Francis Bay,C,LARA,459,,,,2.6,Dead,Dead,D,No,No,"HM, SM",,
2024,8/7/2024,Turner Bay,A,LARA,1418,NF,,,3.8,Alive,Healthy,H,No,No,"AND, KH, DG, LU",,
2022,12/2/2021,Turner Bay,A,LARA,1416,NF,356,487,3.9,Alive,Unhealthy,U,No,No,"LU, LP",,Herbivory
2024,7/9/2024,Magens Bay,C,RHMA ,1416,NF,148,5.65,6.2,Alive,Healthy,H,No,No,"JS, JC",,
2024,8/7/2024,Turner Bay,A,LARA,1416,"IP, MP",,,3.9,Alive,Unhealthy,U,No,No,"AND, KH, DG, LU",,
2022,12/2/2021,Turner Bay,A,LARA,1415,NF,354,466,5.4,Alive,Healthy,H,No,No,"LU, LP",,
2024,8/7/2024,Turner Bay,A,LARA,1415,"IP, MP",,,5.4,Alive,Unhealthy,U,No,No,"AND, KH, DG, LU",,
2022,12/2/2021,Turner Bay,A,RHMA ,1414,NF,344,414,5,Alive,Healthy,H,No,No,"LU, LP",,
2024,7/17/2024,Francis Bay,C,LARA,470,,,,4.9,Dead,Dead,D,No,No,"HM, SM",,
2024,8/7/2024,Turner Bay,A,RHMA ,1414,F,,,6.3,Alive,Healthy,H,No,No,"AND, KH, DG, LU",,
2024,7/17/2024,Francis Bay,C,LARA,478,,,,4.7,Dead,Dead,D,No,Yes,"HM, SM",403,
2024,8/7/2024,Turner Bay,A,LARA,1412,,,,3.9,Alive,Unhealthy,U,No,No,"AND, KH, DG, LU",,
2022,12/2/2021,Turner Bay,A,RHMA ,1407,NF,330,321,3.5,Alive,Healthy,H,No,No,"LP, LU, KH, AJH",,
2024,8/7/2024,Turner Bay,A,RHMA ,1407,F,,,2.7,Alive,Healthy,H,No,No,"AND, KH, DG, LU",,
2022,12/2/2021,Turner Bay,A,LARA,1406,NF,256,294,3,Alive,Unhealthy,U,No,No,"LP, LU, KH, AJH",,Herbivory
2024,8/7/2024,Turner Bay,A,LARA,1406,NF,,,3.4,Alive,Healthy,H,No,No,"AND, KH, DG, LU",,
2022,12/2/2021,Turner Bay,A,LARA,1403,NF,147,450,2.9,Alive,Healthy,H,No,No,"LP, LU, KH, AJH",,
2024,8/7/2024,Turner Bay,A,LARA,1403,,,,3,Dying,Healthy,H,No,No,"AND, KH, DG, LU",,
2022,12/3/2021,Reef Bay,A,LARA,1402,NF,108,423,2.9,Alive,Healthy,H,No,No,"LU, LP ",,
2024,7/17/2024,Francis Bay,C,LARA,569,,,,5,Dead,Dead,D,No,No,"LU, KH, DG",,
2024,7/17/2024,Francis Bay,C,LARA,573,,,,5.3,Dead,Dead,D,No,No,"HM, SM",,
2022,12/2/2021,Turner Bay,A,LARA,1401,NF,189,488,5.7,Alive,Unhealthy,U,No,No,"LP, LU, KH, AJH",,
2024,8/7/2024,Turner Bay,A,LARA,1401,NF,,,6.5,Alive,Healthy,H,No,No,"AND, KH, DG, LU",,
2024,7/17/2024,Francis Bay,C,LARA,577,,,,4.6,Dead,Dead,D,No,No,"HM, SM",578,
2024,7/17/2024,Francis Bay,C,LARA,578,,,,5.4,Dead,Dead,D,No,No,"HM, SM",577,
2022,12/8/2021,Reef Bay,B,LARA,1400,NF,224,376,4.2,Alive,Unhealthy,U,No,No,,,Herbivory
2024,9/18/2024,Reef Bay,A,LARA,1400,NF,,,4.2,Alive,Healthy,H,No,No,,,
2022,12/8/2021,Reef Bay,B,LARA,1399,NF,241,256,2.7,Alive,Healthy,H,No,No,,,
2024,7/17/2024,Francis Bay,C,LARA,604,,,,5.5,Dead,Dead,D,No,No,"HM, SM",,
2024,9/18/2024,Reef Bay,A,LARA,1399,NF,,,3.6,Alive,Healthy,H,No,No,,,
2022,12/8/2021,Reef Bay,B,LARA,1398,NF,209,31,3.13,Alive,Healthy,H,No,No,,,
2024,9/18/2024,Reef Bay,A,LARA,1398,NF,,,3.5,Alive,Healthy,H,No,No,,,
2024,7/17/2024,Francis Bay,C,LARA,636,,,,4.4,Dead,Dead,D,No,Yes,"HM, SM",,
2022,12/8/2021,Reef Bay,B,LARA,1397,NF,210,339,4.1,Alive,Healthy,H,No,No,,,
2024,9/18/2024,Reef Bay,A,LARA,1397,NF,,,4.5,Alive,Healthy,H,No,No,,,
2024,7/17/2024,Francis Bay,C,LARA,641,NF,,,6,Dead,Dead,D,No,Yes,"LU, KH, DG",,
2022,12/8/2021,Reef Bay,B,LARA,1396,NF,217,346,3.1,Alive,Healthy,H,No,No,,,
2024,7/17/2024,Francis Bay,C,LARA,700,NF,,,4.2,Dead,Dead,D,No,No,"LU, KH, DG",,
2024,9/18/2024,Reef Bay,A,LARA,1396,NF,,,3.3,Alive,Healthy,H,No,No,,,
2024,7/17/2024,Francis Bay,C,LARA,714,,,,2.9,Dead,Dead,D,No,No,"LU, KH, DG",,
2022,12/8/2021,Reef Bay,B,LARA,1395,NF,226,377,5.6,Alive,Healthy,H,No,No,,,
2024,9/18/2024,Reef Bay,A,LARA,1395,NF,,,5.8,Alive,Healthy,H,No,No,,,
2022,12/8/2021,Reef Bay,B,LARA,1393,NF,233,357,5.1,Alive,Healthy,H,No,No,,,
2024,9/18/2024,Reef Bay,A,LARA,1393,MD,,,5.8,Alive,Healthy,H,No,No,,,
2024,7/17/2024,Francis Bay,C,LARA,722,,,,3.5,Dead,Dead,D,No,Yes,"LU, KH, DG",,
2024,7/17/2024,Francis Bay,C,LARA,725,,,,4,Dead,Dead,D,No,Yes,"LU, KH, DG",R-1457,"termite nest, removed tag"
2022,12/8/2021,Reef Bay,B,LARA,1392,NF,231,388,3.2,Alive,Healthy,H,No,No,,,
2024,9/18/2024,Reef Bay,A,LARA,1392,"ID, MP",,,3.5,Alive,Healthy,H,No,No,,,
2024,7/17/2024,Francis Bay,C,LARA,732,,,,4.8,Dead,Dead,D,No,Yes,"LU, KH, DG",,
2022,12/8/2021,Reef Bay,B,LARA,1391,NF,230,401,2.7,Alive,Healthy,H,No,No,,,
2024,7/17/2024,Francis Bay,C,LARA,735,NF,,,6.4,Dead,Dead,D,No,Yes,"LU, KH, DG",,
2024,9/18/2024,Reef Bay,A,LARA,1391,MD,,,3,Alive,Healthy,H,No,No,,,
2024,7/17/2024,Francis Bay,C,LARA,737,,,,4.5,Dead,Dead,D,No,Yes,"LU, KH, DG",,
2022,12/8/2021,Reef Bay,B,LARA,1390,NF,243,439,5.9,Alive,Healthy,H,No,No,,,
2022,12/8/2021,Reef Bay,B,AVGE,1389,NF,281,475,3.2,Alive,Unhealthy,U,No,No,"AND, HF, JON JON, KH",,Herbivory
2024,7/17/2024,Francis Bay,C,LARA,742,,,,3.3,Dead,Dead,D,No,Yes,"HM, SM",,
2024,7/17/2024,Francis Bay,C,LARA,900,,,,2.6,Dead,Dead,D,No,No,"HM, SM",,
2024,7/17/2024,Francis Bay,C,LARA,901,IP,,,7,Dead,Dead,D,No,No,"LU, KH, DG",,
2022,12/3/2021,Reef Bay,A,LARA,1388,NF,55,495,2.6,Alive,Healthy,H,No,No,"KH, AND",,
2024,9/18/2024,Reef Bay,A,LARA,1388,NF,,,3.7,Alive,Healthy,H,No,No,,,
2024,7/17/2024,Francis Bay,C,LARA,,,,,2.6,Dead,Dead,D,No,No,"HM, SM",,
2022,12/3/2021,Reef Bay,A,LARA,1387,NF,60,493,3.4,Alive,Unhealthy,U,No,No,"KH, AND",,dead at bottom
2024,9/18/2024,Reef Bay,A,LARA,1387,NF,,,4,Alive,Healthy,H,No,No,,,
2022,12/3/2021,Reef Bay,A,LARA,1386,NF,65,412,3.1,Alive,Healthy,H,No,No,"KH, AND",,Herbivory
2024,9/18/2024,Reef Bay,A,LARA,1386,NF,,,3.5,Alive,Healthy,H,No,No,,,
2022,12/3/2021,Reef Bay,A,LARA,1385,NF,62,455,2.7,Alive,Healthy,H,No,No,"KH, AND",,dead lower branches
2024,9/18/2024,Reef Bay,A,LARA,1385,NF,,,3.7,Alive,Healthy,H,No,No,,,
2022,12/3/2021,Reef Bay,A,LARA,1384,NF,61,432,3.2,Alive,Healthy,H,No,No,"KH, AND",,Herbivory
2022,12/3/2021,Reef Bay,A,LARA,1383,NF,55,412,2.5,Alive,Unhealthy,U,No,No,"KH, AND",,"half branches dead, Herbivory"
2024,9/18/2024,Reef Bay,A,LARA,1383,IP,,,3.6,Alive,Healthy,H,No,No,,,
2022,12/3/2021,Reef Bay,A,LARA,1382,NF,60,562,4.6,Alive,Unhealthy,U,No,No,"KH, AND",,half branches dead
2024,9/18/2024,Reef Bay,A,LARA,1382,NF,,,4.5,Alive,Unhealthy,U,No,No,,,
2022,12/3/2021,Reef Bay,A,LARA,1381,NF,58,551,4.4,Alive,Healthy,H,No,No,"KH, AND",,Herbivory
2022,12/3/2021,Reef Bay,A,LARA,1380,NF,45,474,2.6,Alive,Healthy,H,No,No,"KH, AND",,
2024,7/24/2024,Great Pond,A,RHMA ,,,325,4.54,4.5,Dead,Dead,D,No,No,DG,,
2024,7/24/2024,Great Pond,A,AVGE,,,50,3.16,4.8,Dead,Dead,D,No,No,DG,tree #3 and #5,
2024,7/24/2024,Great Pond,A,AVGE,,,53,3.62,3.8,Dead,Dead,D,No,No,DG,tree #2 and #5,
2024,7/24/2024,Great Pond,A,RHMA ,,,55,3.39,2.8,Dead,Dead,D,No,No,DG,,
2024,7/24/2024,Great Pond,A,AVGE,,,58,2.27,3.5,Dead,Dead,D,No,No,DG,tree #2 and #3,
2024,7/24/2024,Great Pond,A,AVGE,,,60,2.39,3.4,Dead,Dead,D,No,No,DG,,
2024,7/24/2024,Great Pond,A,AVGE,,,63,5.69,4.9,Dead,Dead,D,No,No,DG,,
2024,7/24/2024,Great Pond,A,RHMA ,,,65,5.01,3.4,Dead,Dead,D,No,No,DG,,
2024,7/24/2024,Great Pond,A,AVGE,,,100,5.49,4.6,Dead,Dead,D,No,No,DG,,
2024,7/22/2024,Great Pond,B,AVGE,743,,,,,Dead,Dead,D,No,No,DG,,tag removed
2024,7/22/2024,Great Pond,B,AVGE,,,5,0.47,5,Dead,Dead,D,No,No,DG,,
2024,7/22/2024,Great Pond,B,AVGE,,,240,4.4,3.4,Dead,Dead,D,No,No,DG,tree #3 and #4,
2024,7/22/2024,Great Pond,B,AVGE,,,235,4.94,5.1,Dead,Dead,D,No,No,DG,tree #2 and #4,
2024,7/22/2024,Great Pond,B,AVGE,,,,5.21,4.9,Dead,Dead,D,No,No,DG,tree #2 and #3,
2024,7/22/2024,Great Pond,C,AVGE,,,,1.68,3.3,Dead,Dead,D,No,No,DG,,
2024,7/23/2024,Krause Lagoon,A,RHMA ,,,,,7.9,Dead,Dead,D,No,No,"SM, JC, KG",,
2024,9/18/2024,Reef Bay,A,LARA,1380,NF,,,3.6,Alive,Healthy,H,No,No,,,"down, new tag at same height"
2024,9/18/2024,Reef Bay,A,LARA,1379,NF,,,2.6,Alive,Unhealthy,U,No,No,"KR,SH",,
2022,12/3/2021,Reef Bay,A,LARA,1378,NF,139,182,4.6,Alive,Unhealthy,U,No,No,"KH, AND",,"Herbivory, branches dead"
2024,9/18/2024,Reef Bay,A,LARA,1378,MP,,,4.6,Alive,Healthy,H,No,No,"KR,SH",,
2022,12/3/2021,Reef Bay,A,LARA,1377,NF,147,174,2.6,Alive,Unhealthy,U,No,No,"KH, AND",,"Herbivory, branches dead"
2024,9/18/2024,Reef Bay,A,LARA,1377,NP,,,2.9,Alive,Healthy,H,No,No,"KR,SH",,pred
2022,12/3/2021,Reef Bay,A,LARA,1376,ID,146,162,4.5,Alive,Unhealthy,U,No,No,"KH, AND",,branches dead
2024,9/18/2024,Reef Bay,A,LARA,1376,MP,,,4.8,Alive,Healthy,H,No,No,"KR,SH",,
2022,12/3/2021,Reef Bay,A,LARA,1375,NF,155,224,3.1,Alive,Healthy,H,No,No,"KH, AND",,
2024,9/18/2024,Reef Bay,A,LARA,1375,"ID, MP",,,3.5,Alive,Healthy,H,No,No,,,
2022,12/3/2021,Reef Bay,A,LARA,1374,MD,,564,4.1,Alive,Healthy,H,No,No,"KH, AND",,
2024,9/18/2024,Reef Bay,A,LARA,1374,"ID, MD",,,5.5,Alive,Healthy,H,No,No,,,
2022,12/3/2021,Reef Bay,A,LARA,1373,NF,215,499,3,Alive,Unhealthy,U,No,No,"KH, AND",,
2024,9/18/2024,Reef Bay,A,LARA,1373,NF,,,3.2,Alive,Healthy,H,No,No,,,
2022,12/3/2021,Reef Bay,A,LARA,1372,MD,200,482,2.7,Alive,Unhealthy,U,No,No,"KH, AND",,1/2 branches dead
2024,9/18/2024,Reef Bay,A,LARA,1372,NF,,,3,Alive,Healthy,H,No,No,,,
2022,12/3/2021,Reef Bay,A,LARA,1371,NF,204,440,3.6,Alive,Unhealthy,U,No,No,"KH, AND",,dead branches
2024,9/18/2024,Reef Bay,A,LARA,1371,"ID, MD",,,3.8,Alive,Healthy,H,No,No,,,
2022,12/3/2021,Reef Bay,A,LARA,1370,NF,205,412,3.3,Alive,Healthy,H,No,No,"KH, AND",,
2024,9/18/2024,Reef Bay,A,LARA,1370,NF,,,3.4,Alive,Healthy,H,No,No,,,
2022,12/3/2021,Reef Bay,A,LARA,1369,NF,207,390,3.2,Alive,Unhealthy,U,No,No,"KH, AND",,dead branches
2024,9/18/2024,Reef Bay,A,LARA,1369,"ID, MD",,,4,Alive,Healthy,H,No,No,,,
2022,12/3/2021,Reef Bay,A,LARA,1368,MD,204,387,3.6,Alive,Unhealthy,U,No,No,"KH, AND",,
2024,9/18/2024,Reef Bay,A,LARA,1368,"ID, MD",,,3.7,Alive,Healthy,H,No,No,,,
2022,12/3/2021,Reef Bay,A,LARA,1367,MD,214,416,4.4,Alive,Healthy,H,No,No,"KH, AND",,
2024,9/18/2024,Reef Bay,A,LARA,1367,"ID, MD",,,6.2,Alive,Healthy,H,No,No,,,
2022,12/3/2021,Reef Bay,A,LARA,1366,NF,205,347,3.8,Alive,Unhealthy,U,No,No,"KH, AND",,half dead
2024,9/18/2024,Reef Bay,A,LARA,1366,NF,,,4.2,Alive,Healthy,H,No,No,,,predation on leaves
2022,12/3/2021,Reef Bay,A,LARA,1365,MD,201,349,3.2,Alive,Healthy,H,No,No,"KH, AND",,
2024,7/9/2024,Magens Bay,C,RHMA ,1365,NF,90,5.16,2.6,Alive,Healthy,H,No,No,"JS, JC",,
2024,9/18/2024,Reef Bay,A,LARA,1365,"ID, MD",,,3.8,Alive,Healthy,H,No,No,,,
2022,12/3/2021,Reef Bay,A,LARA,1364,NF,180,281,2.5,Alive,Healthy,H,No,No,"KH, AND",,
2024,9/18/2024,Reef Bay,A,LARA,1364,NF,,,2.6,Alive,Unhealthy,U,No,No,,,
2024,9/18/2024,Reef Bay,A,LARA,1364,NF,,,2.5,Alive,Healthy,H,No,No,,,
2022,12/3/2021,Reef Bay,A,LARA,1363,NF,194,203,2.7,Alive,Unhealthy,U,No,No,"KH, AND",,top is dead
2022,12/3/2021,Reef Bay,A,LARA,1362,ID,160,223,3.7,Alive,Unhealthy,U,No,No,"KH, AND",,half dead
2022,12/3/2021,Reef Bay,A,LARA,1360,NF,165,247,3.5,Alive,Healthy,H,No,No,"KH, AND",,
2024,9/18/2024,Reef Bay,A,LARA,1360,NF,,,4.2,Alive,Healthy,H,No,No,,,
2022,12/3/2021,Reef Bay,A,LARA,1359,NF,286,482,5.1,Alive,Healthy,H,No,No,"KH, AND",,
2024,9/18/2024,Reef Bay,A,LARA,1359,MP,,,5.9,Alive,Healthy,H,No,No,,,
2022,12/3/2021,Reef Bay,A,LARA,1358,NF,285,482,3.2,Alive,Healthy,H,No,No,"KH, AND",,
2022,12/3/2021,Reef Bay,A,LARA,1357,NF,292,530,2.9,Alive,Healthy,H,No,No,"KH, AND",,
2024,9/18/2024,Reef Bay,A,LARA,1357,NF,,,3,Alive,Unhealthy,U,No,No,,,no leaves
2024,9/18/2024,Reef Bay,A,LARA,1356,NF,,,3.9,Alive,Healthy,H,No,No,,,
2024,7/23/2024,Krause Lagoon,A,RHMA ,R1497,,72,3.4,13.5,Dead,Dead,D,No,No,"SM, JC, KG",,
2022,12/3/2021,Reef Bay,A,LARA,1354,MD,289,492,4.3,Alive,Unhealthy,U,No,No,"KH, AND",,1/2 branches dead
2024,9/18/2024,Reef Bay,A,LARA,1354,,,,4.9,Alive,Unhealthy,U,No,No,,,
2022,12/3/2021,Reef Bay,A,LARA,1353,NF,288,430,3.6,Alive,Unhealthy,U,No,No,"KH, AND",,1/2 branches dead
2022,12/3/2021,Reef Bay,A,LARA,1352,MD,290,493,3.6,Alive,Unhealthy,U,No,No,"KH, AND",,1/2 branches dead
2022,12/3/2021,Reef Bay,A,LARA,1351,MD,294,495,3.2,Alive,Unhealthy,U,No,No,"KH, AND",,1/2 branches dead
2024,9/18/2024,Reef Bay,A,LARA,1351,"IP, MP",,,3.3,Alive,Healthy,H,No,No,,,
2022,12/3/2021,Reef Bay,A,LARA,1350,NF,294,513,3.6,Alive,Unhealthy,U,No,No,"KH, AND",,1/2 branches dead
2024,9/18/2024,Reef Bay,A,LARA,1350,MD,,,6.1,Alive,Healthy,H,No,No,,,
2024,9/18/2024,Reef Bay,A,LARA,1350,MP,,,4,Alive,Healthy,H,No,No,,,
2022,12/3/2021,Reef Bay,A,LARA,1348,MD,293,525,3.5,Alive,Healthy,H,No,No,"KH, AND",,
2024,9/18/2024,Reef Bay,A,LARA,1348,NF,,,4,Alive,Healthy,H,No,No,,,
2022,12/3/2021,Reef Bay,A,LARA,1347,NF,314,547,2.9,Alive,Unhealthy,U,No,No,"KH, AND",,dead branches
2022,12/3/2021,Reef Bay,A,LARA,1346,MD,313,539,5,Alive,Healthy,H,No,No,"KH, AND",,
2022,12/3/2021,Reef Bay,A,LARA,1345,NF,311,561,3.1,Alive,Unhealthy,U,No,No,"KH, AND",,dead branches
2024,9/18/2024,Reef Bay,A,LARA,1345,NF,,,2.5,Alive,Unhealthy,U,No,No,,,
2022,12/3/2021,Reef Bay,A,LARA,1344,MD,305,549,3.5,Alive,Healthy,H,No,No,"KH, AND",,
2024,9/18/2024,Reef Bay,A,LARA,1344,NF,,,3.5,Alive,Unhealthy,U,No,No,,,no leaves
2022,12/3/2021,Reef Bay,A,LARA,1343,MD,301,510,3.2,Alive,Healthy,H,No,No,"KH, AND",,some dead branches
2024,9/18/2024,Reef Bay,A,LARA,1343,NF,,,3.1,Alive,Unhealthy,U,No,No,,,no leaves
2022,12/3/2021,Reef Bay,A,LARA,1342,NF,310,198,3.6,Alive,Healthy,H,No,No,"KH, AND",,
2024,9/18/2024,Reef Bay,A,LARA,1342,NF,,,4.1,Alive,Healthy,H,No,No,,,
2022,12/3/2021,Reef Bay,A,LARA,1341,NF,343,167,3.3,Alive,Healthy,H,No,No,"KH, AND",,
2024,9/18/2024,Reef Bay,A,LARA,1341,NF,,,4.3,Alive,Healthy,H,No,No,,,
2022,12/3/2021,Reef Bay,A,LARA,1340,NF,329,180,3.7,Alive,Healthy,H,No,No,"KH, AND",,
2022,12/3/2021,Reef Bay,A,LARA,1339,NF,321,193,3.2,Alive,Healthy,H,No,No,"KH, AND",,
2022,12/3/2021,Reef Bay,A,LARA,1337,NF,324,288,3.3,Alive,Healthy,H,No,No,"KH, AND",,
2024,9/18/2024,Reef Bay,A,LARA,1337,NF,,,3.8,Alive,Healthy,H,No,No,,,
2022,12/3/2021,Reef Bay,A,LARA,1335,NF,308,280,2.9,Alive,Healthy,H,No,No,"KH, AND",,
2024,9/18/2024,Reef Bay,A,LARA,1335,"NF, NP",,,3.8,Alive,Healthy,H,No,No,,,
2022,12/3/2021,Reef Bay,A,LARA,1334,NF,303,267,2.6,Alive,Healthy,H,No,No,"KH, AND",,
2024,9/18/2024,Reef Bay,A,LARA,1334,NF,,,4.4,Alive,Healthy,H,No,No,,,
2022,12/3/2021,Reef Bay,A,LARA,1332,MD,300,393,3.4,Alive,Healthy,H,No,No,"KH, AND",,one branch dead
2022,12/3/2021,Reef Bay,A,LARA,1331,NF,302,372,4.8,Alive,Healthy,H,No,No,"KH, AND",,
2022,12/3/2021,Reef Bay,A,LARA,1330,NF,305,390,3.3,Alive,Healthy,H,No,No,"KH, AND",,
2022,12/3/2021,Reef Bay,A,LARA,1329,NF,310,375,4.6,Alive,Healthy,H,No,No,"KH, AND",,
2022,12/3/2021,Reef Bay,A,LARA,1328,MD,311,354,2.9,Alive,Healthy,H,No,No,"KH, AND",,
2022,12/3/2021,Reef Bay,A,LARA,1327,MD,310,398,2.9,Alive,Healthy,H,No,No,"KH, AND",,
2022,12/3/2021,Reef Bay,A,LARA,1326,NF,317,387,3.8,Alive,Healthy,H,No,No,"KH, AND",,
2022,12/3/2021,Reef Bay,A,LARA,1325,NF,313,383,3.8,Alive,Healthy,H,No,No,"KH, AND",,
2022,12/3/2021,Reef Bay,A,LARA,1324,NF,324,465,2.8,Alive,Unhealthy,U,No,No,"KH, AND",,
2022,12/3/2021,Reef Bay,A,LARA,1323,NF,323,551,3.7,Alive,Healthy,H,No,No,"KH, AND",,Boring insect damage
2022,12/3/2021,Reef Bay,A,LARA,1322,NF,320,507,3.2,Alive,Healthy,H,No,No,"KH, AND",,
2022,12/3/2021,Reef Bay,A,LARA,1321,NF,323,504,3.5,Alive,Healthy,H,No,No,"KH, AND",,
2022,12/3/2021,Reef Bay,A,LARA,1319,NF,326,395,2.5,Alive,Healthy,H,No,No,"KH, AND",,
2024,9/18/2024,Reef Bay,A,LARA,1319,"IP, MP",,,3.8,Alive,Healthy,H,No,No,,,
2022,12/3/2021,Reef Bay,A,LARA,1318,NF,330,475,2.5,Alive,Healthy,H,No,No,"KH, AND",,
2022,12/3/2021,Reef Bay,A,LARA,1317,NF,330,404,3.1,Alive,Healthy,H,No,No,"KH, AND",,
2022,12/3/2021,Reef Bay,A,LARA,1316,NF,334,415,4.6,Alive,Healthy,H,No,No,"KH, AND",,Herbivory
2022,12/3/2021,Reef Bay,A,LARA,1315,NF,335,401,2.9,Alive,Healthy,H,No,No,"KH, AND",,
2024,9/18/2024,Reef Bay,A,LARA,1315,NF,,,3.5,Alive,Healthy,H,No,No,,,
2022,12/3/2021,Reef Bay,A,LARA,1314,ID,350,417,2.8,Alive,Healthy,H,No,No,"KH, AND",,
2022,12/3/2021,Reef Bay,A,LARA,1313,NF,356,225,5.2,Alive,Unhealthy,U,No,No,"KH, AND",,"Main branch dead, new shoots"
2022,12/3/2021,Reef Bay,A,LARA,1312,NF,3,237,2.5,Alive,Healthy,H,No,No,"KH, AND",,
2022,12/3/2021,Reef Bay,A,LARA,1311,MD,20,265,4.1,Alive,Healthy,H,No,No,"KH, AND",,
2022,12/3/2021,Reef Bay,A,LARA,1310,MD,7,272,3.6,Alive,Healthy,H,No,No,"KH, AND",,
2022,12/3/2021,Reef Bay,A,LARA,1309,ID,28,222,4.1,Alive,Healthy,H,No,No,"KH, AND",,
2024,9/18/2024,Reef Bay,A,LARA,1309,NF,,,4.8,Alive,Healthy,H,No,No,,,fell
2022,12/3/2021,Reef Bay,A,LARA,1308,ID,25,217,3.5,Alive,Healthy,H,No,No,"KH, AND",,
2024,9/18/2024,Reef Bay,A,LARA,1308,NF,,,4.4,Alive,Healthy,H,No,No,,,pulled tag
2022,12/3/2021,Reef Bay,A,LARA,1307,NF,29,156,2.6,Alive,Healthy,H,No,No,"KH, AND",,
2022,12/3/2021,Reef Bay,A,LARA,1306,NF,5,190,3.8,Alive,Healthy,H,No,No,"KH, AND",,
2024,9/18/2024,Reef Bay,A,LARA,1306,NF,,,4.4,Alive,Unhealthy,U,No,No,,,"Predation, brown leaves"
2022,12/3/2021,Reef Bay,A,LARA,1304,NF,24,158,3.3,Alive,Healthy,H,No,No,"KH, AND",,
2022,12/3/2021,Reef Bay,A,LARA,1303,NF,0,174,3.8,Alive,Healthy,H,No,No,"KH, AND",,
2024,7/23/2024,Krause Lagoon,A,RHMA ,R2080,,65,4.16,11.3,Dead,Dead,D,No,No,"SM, JC, KG",,
2022,12/3/2021,Reef Bay,A,LARA,1302,NF,347,179,4.4,Alive,Healthy,H,No,No,"LU, LP, AND, KH",,Herbivory
2024,9/18/2024,Reef Bay,A,LARA,1302,"IP, MP",,,5.4,Alive,Healthy,H,No,No,,,fell
2022,12/3/2021,Reef Bay,A,LARA,1300,NF,302,155,3,Alive,Healthy,H,No,No,"LU, LP, AND, KH",,
2022,12/3/2021,Reef Bay,A,LARA,1299,NF,285,242,2.6,Alive,Healthy,H,No,No,"LU, LP, AND, KH",,
2024,9/18/2024,Reef Bay,A,LARA,1299,NP,,,2.5,Alive,Unhealthy,U,No,No,,,
2022,12/3/2021,Reef Bay,A,LARA,1298,NF,291,235,4.7,Alive,Healthy,H,No,No,"LU, LP, AND, KH",,
2024,9/18/2024,Reef Bay,A,LARA,1298,NF,,,6.5,Alive,Healthy,H,No,No,,,predation
2022,12/3/2021,Reef Bay,A,LARA,1297,NF,250,201,2.8,Alive,Healthy,H,No,No,"LU, LP, AND, KH",,
2024,9/18/2024,Reef Bay,A,LARA,1297,MD,,,3.8,Alive,Healthy,H,No,No,,,
2022,12/3/2021,Reef Bay,A,LARA,1296,NF,254,170,2.9,Alive,Healthy,H,No,No,"LU, LP, AND, KH",,
2022,12/3/2021,Reef Bay,A,LARA,1294,NF,246,130,2.9,Alive,Unhealthy,U,No,No,"LU, LP, AND, KH",,
2022,12/3/2021,Reef Bay,A,LARA,1293,NF,227,111,4.3,Alive,Healthy,H,No,No,"LU, LP, AND, KH",,
2022,12/3/2021,Reef Bay,A,LARA,1292,NF,242,187,3,Alive,Healthy,H,No,No,"LU, LP, AND, KH",,
2024,9/18/2024,Reef Bay,A,LARA,1292,MD,,,3.7,Alive,Healthy,H,No,No,,,
2022,12/3/2021,Reef Bay,A,LARA,1291,NF,248,238,2.9,Alive,Healthy,H,No,No,"LU, LP, AND, KH",,
2024,9/18/2024,Reef Bay,A,LARA,1291,"ID, MD",,,3.3,Alive,Healthy,H,No,No,,,
2024,7/9/2024,Magens Bay,A,RHMA ,1290,NF,165,2.6,1.27,Alive,Healthy,H,No,No,"LU. SM, AD",,
2022,12/3/2021,Reef Bay,A,LARA,1289,NF,251,278,3.6,Alive,Unhealthy,U,No,No,"LU, LP, AND, KH",,Herbivory
2024,9/18/2024,Reef Bay,A,LARA,1289,"ID, MD",,,4.3,Alive,Healthy,H,No,No,,,
2024,7/23/2024,Krause Lagoon,B,RHMA ,,,,5.32,4.6,Dead,Dead,D,No,No,"DG, AD",,
2024,7/23/2024,Krause Lagoon,B,RHMA ,,,,,3.8,Dead,Dead,D,No,No,"DG, AD",,
2024,7/23/2024,Krause Lagoon,B,RHMA ,,,,5.46,3.1,Dead,Dead,D,No,No,"DG, AD",,no tag
2024,7/23/2024,Krause Lagoon,B,RHMA ,,,,5.28,3.6,Dead,Dead,D,No,No,"DG, AD",,no tag
2024,7/23/2024,Krause Lagoon,B,RHMA ,,,,5.03,2.9,Dead,Dead,D,No,No,"DG, AD",,no tag
2022,12/3/2021,Reef Bay,A,LARA,1288,NF,243,234,2.7,Alive,Healthy,H,No,No,"LU, LP, AND, KH",,
2024,9/18/2024,Reef Bay,A,LARA,1288,NF,,,2.7,Alive,Healthy,H,No,No,,,
2022,12/3/2021,Reef Bay,A,LARA,1287,NF,234,263,2.8,Alive,Healthy,H,No,No,"LU, LP, AND, KH",,
2024,9/18/2024,Reef Bay,A,LARA,1287,NF,,,3.2,Alive,Healthy,H,No,No,,,
2022,12/3/2021,Reef Bay,A,LARA,1286,NF,238,301,2.8,Alive,Healthy,H,No,No,"LU, LP, AND, KH",,
2024,9/18/2024,Reef Bay,A,LARA,1286,NF,,,2.9,Alive,Healthy,H,No,No,,,
2022,12/3/2021,Reef Bay,A,LARA,1285,NF,249,392,6,Alive,Healthy,H,No,No,"LU, LP, AND, KH",,
2024,9/18/2024,Reef Bay,A,LARA,1285,"ID, MD",,,7.8,Alive,Healthy,H,No,No,,,
2022,12/3/2021,Reef Bay,A,LARA,1284,NF,255,416,5.7,Alive,Healthy,H,No,No,"LU, LP, AND, KH",,
2024,9/18/2024,Reef Bay,A,LARA,1284,"ID, MD",,,6.6,Alive,Healthy,H,No,No,,,
2022,12/3/2021,Reef Bay,A,LARA,1283,NF,272,413,3.1,Alive,Healthy,H,No,No,"LU, LP, AND, KH",,
2024,9/18/2024,Reef Bay,A,LARA,1283,"ID, MD",,,4.2,Alive,Healthy,H,No,No,,,
2022,12/3/2021,Reef Bay,A,LARA,1282,NF,249,428,5.7,Alive,Healthy,H,No,No,"LU, LP, AND, KH",,
2024,9/18/2024,Reef Bay,A,LARA,1282,"ID, MD",,,5.7,Alive,Healthy,H,No,No,,,
2022,12/3/2021,Reef Bay,A,LARA,1281,NF,244,499,3.3,Alive,Healthy,H,No,No,"LU, LP, AND, KH",,
2024,9/18/2024,Reef Bay,A,LARA,1281,NF,,,3.7,Alive,Healthy,H,No,No,,,
2022,12/3/2021,Reef Bay,A,LARA,1279,NF,243,440,3,Alive,Healthy,H,No,No,"LU, LP, AND, KH",,
2024,9/18/2024,Reef Bay,A,LARA,1279,NF,,,3.3,Alive,Healthy,H,No,No,,,predation on leaves
2022,12/3/2021,Reef Bay,A,LARA,1278,NF,253,530,3.7,Alive,Healthy,H,No,No,"LU, LP, AND, KH",,
2024,9/18/2024,Reef Bay,A,LARA,1278,"F, ID",,,5,Alive,Healthy,H,No,No,,,
2022,12/3/2021,Reef Bay,A,LARA,1277,NF,252,530,4.1,Alive,Healthy,H,No,No,"LU, LP, AND, KH",,
2024,9/18/2024,Reef Bay,A,LARA,1277,NF,,,4.7,Alive,Healthy,H,No,No,,,
2022,12/3/2021,Reef Bay,A,LARA,1276,NF,255,539,2.7,Alive,Healthy,H,No,No,"LU, LP, AND, KH",,
2024,9/18/2024,Reef Bay,A,LARA,1276,NF,,,3.3,Alive,Healthy,H,No,No,,,
2022,12/3/2021,Reef Bay,A,LARA,1274,NF,243,543,3.8,Alive,Healthy,H,No,No,"LU, LP, AND, KH",,
2024,9/18/2024,Reef Bay,A,LARA,1274,NF,,,5.4,Alive,Healthy,H,No,No,,,
2022,12/3/2021,Reef Bay,A,LARA,1273,NF,242,540,2.9,Alive,Healthy,H,No,No,"LU, LP, AND, KH",,
2024,9/18/2024,Reef Bay,A,LARA,1273,NF,,,4,Alive,Healthy,H,No,No,,,
2022,12/3/2021,Reef Bay,A,LARA,1272,NF,243,532,3.7,Alive,Healthy,H,No,No,"LU, LP, AND, KH",,
2024,9/18/2024,Reef Bay,A,LARA,1272,NF,,,3.5,Alive,Healthy,H,No,No,,,
2022,12/3/2021,Reef Bay,A,LARA,1271,NF,236,528,3.5,Alive,Healthy,H,No,No,"LU, LP, AND, KH",,
2024,9/18/2024,Reef Bay,A,LARA,1271,NF,,,3.8,Alive,Healthy,H,No,No,,,
2022,12/3/2021,Reef Bay,A,LARA,1270,NF,236,499,3.2,Alive,Healthy,H,No,No,"LU, LP, AND, KH",,
2024,9/18/2024,Reef Bay,A,LARA,1270,NF,,,3.5,Alive,Healthy,H,No,No,,,
2022,12/3/2021,Reef Bay,A,LARA,1269,NF,236,482,3,Alive,Healthy,H,No,No,"LU, LP, AND, KH",,
2024,9/18/2024,Reef Bay,A,LARA,1269,NF,,,4.3,Alive,Healthy,H,No,No,,,
2022,12/3/2021,Reef Bay,A,LARA,1268,NF,235,504,4.6,Alive,Healthy,H,No,No,"LU, LP, AND, KH",,
2024,9/18/2024,Reef Bay,A,LARA,1268,ID,,,5.2,Alive,Healthy,H,No,No,,,
2022,12/3/2021,Reef Bay,A,LARA,1267,NF,236,450,3.5,Alive,Healthy,H,No,No,"LU, LP, AND, KH",,
2024,9/18/2024,Reef Bay,A,LARA,1267,"ID, MD",,,4.5,Alive,Healthy,H,No,No,,,
2022,12/3/2021,Reef Bay,A,LARA,1266,NF,228,323,3.5,Alive,Healthy,H,No,No,"LU, LP, AND, KH",,
2024,9/18/2024,Reef Bay,A,LARA,1266,NF,,,3.9,Alive,Healthy,H,No,No,,,
2022,12/3/2021,Reef Bay,A,LARA,1265,NF,215,247,3.5,Alive,Healthy,H,No,No,"LU, LP, AND, KH",,
2024,9/18/2024,Reef Bay,A,LARA,1265,MD,,,4.5,Alive,Healthy,H,No,No,,,
2022,12/3/2021,Reef Bay,A,LARA,1264,NF,231,256,2.8,Alive,Healthy,H,No,No,"LU, LP, AND, KH",,
2024,9/18/2024,Reef Bay,A,LARA,1264,NF,,,3.3,Alive,Healthy,H,No,No,,,
2022,12/3/2021,Reef Bay,A,LARA,1263,NF,207,208,2.9,Alive,Healthy,H,No,No,"LU, LP, AND, KH",,
2022,12/3/2021,Reef Bay,A,LARA,1262,NF,214,196,2.9,Alive,Healthy,H,No,No,"LU, LP, AND, KH",,
2024,9/18/2024,Reef Bay,A,LARA,1262,"ID, MD",,,2.6,Alive,Healthy,H,No,No,,,
2022,12/3/2021,Reef Bay,A,LARA,1261,NF,221,156,3,Alive,Healthy,H,No,No,"LU, LP, AND, KH",,
2024,9/18/2024,Reef Bay,A,LARA,1261,NF,,,3.8,Alive,Healthy,H,No,No,,,
2022,12/3/2021,Reef Bay,A,LARA,1260,NF,213,143,3,Alive,Healthy,H,No,No,"LU, LP, AND, KH",,
2024,9/18/2024,Reef Bay,A,LARA,1260,MD,,,3.7,Alive,Healthy,H,No,No,,,
2022,12/3/2021,Reef Bay,A,LARA,1259,NF,204,222,2.9,Alive,Healthy,H,No,No,"LU, LP, AND, KH",,
2024,9/18/2024,Reef Bay,A,LARA,1259,"ID, MP",,,3.6,Alive,Healthy,H,No,No,,,
2024,9/18/2024,Reef Bay,A,LARA,1259,MD,,,3.6,Alive,Healthy,H,No,No,,,
2022,12/3/2021,Reef Bay,A,LARA,1258,NF,193,258,3.4,Alive,Healthy,H,No,No,"LU, LP, AND, KH",,
2024,9/18/2024,Reef Bay,A,LARA,1258,"ID, MD",,,3.4,Alive,Healthy,H,No,No,,,connected to 1255 and 1257
2024,7/23/2024,Krause Lagoon,B,RHMA ,R2871,,,3.96,6.3,Dead,Dead,D,No,No,"DG, AD",,
2022,12/3/2021,Reef Bay,A,LARA,1257,NF,201,286,3.9,Alive,Healthy,H,No,No,"LU, LP, AND, KH",,
2024,9/18/2024,Reef Bay,A,LARA,1257,"ID, MD",,,4.5,Alive,Healthy,H,No,No,,,connected to 1258
2022,12/3/2021,Reef Bay,A,LARA,1256,NF,203,308,3,Alive,Healthy,H,No,No,"LU, LP, AND, KH",,
2024,9/18/2024,Reef Bay,A,LARA,1256,"ID, MD",,,3.8,Alive,Healthy,H,No,No,,,
2022,12/3/2021,Reef Bay,A,LARA,1255,NF,198,304,3.4,Alive,Healthy,H,No,No,"LU, LP, AND, KH",,
2024,9/18/2024,Reef Bay,A,LARA,1255,"ID, MD",,,3.2,Alive,Healthy,H,No,No,,,connected to 1258
2024,7/23/2024,Krause Lagoon,C,RHMA ,,,,1.37,7.2,Dead,Dead,D,No,No,"DG, JC, AD",,no tag
2022,12/3/2021,Reef Bay,A,LARA,1254,NF,180,269,3.9,Alive,Healthy,H,No,No,"LU, LP, AND, KH",,
2024,7/23/2024,Krause Lagoon,C,RHMA ,,,250,2.13,9.5,Dead,Dead,D,No,No,"DG, JC, AD",R-1712,one tag
2024,7/23/2024,Krause Lagoon,C,RHMA ,,,250,2.15,8.2,Dead,Dead,D,No,No,"DG, JC, AD",R-1712,one tag
2024,9/18/2024,Reef Bay,A,LARA,1254,MD,,,4.5,Alive,Healthy,H,No,No,,,
2022,12/3/2021,Reef Bay,A,LARA,1253,NF,191,333,2.5,Alive,Healthy,H,No,No,"LU, LP, AND, KH",,
2024,7/9/2024,Magens Bay,A,RHMA ,1253,NF,260,3.93,6.9,Alive,Healthy,H,No,No,,,lost tag - R tag
2024,9/18/2024,Reef Bay,A,LARA,1253,NF,,,3,Alive,Healthy,H,No,No,,,
2022,12/3/2021,Reef Bay,A,LARA,1252,NF,188,371,2.5,Alive,Healthy,H,No,No,"LU, LP, AND, KH",,
2024,7/9/2024,Magens Bay,A,RHMA ,1252,NF,265,,2.5,Alive,Healthy,H,No,No,,,
2024,9/18/2024,Reef Bay,A,LARA,1252,NF,,,2.6,Alive,Healthy,H,No,No,,,
2022,12/3/2021,Reef Bay,A,LARA,1251,NF,189,384,3.1,Alive,Healthy,H,No,No,"LU, LP, AND, KH",,
2024,9/18/2024,Reef Bay,A,LARA,1251,"F, ID, MD",,,3.9,Alive,Healthy,H,No,No,,,
2022,12/3/2021,Reef Bay,A,LARA,1250,NF,170,309,3,Alive,Healthy,H,No,No,"LU, LP, AND, KH",,
2022,12/3/2021,Reef Bay,A,LARA,1249,NF,173,383,3,Alive,Healthy,H,No,No,"LU, LP, AND, KH",,
2024,9/18/2024,Reef Bay,A,LARA,1249,NF,,,3.1,Alive,Healthy,H,No,No,,,
2022,12/3/2021,Reef Bay,A,LARA,1248,NF,175,395,3.4,Alive,Healthy,H,No,No,"LU, LP, AND, KH",,
2024,9/18/2024,Reef Bay,A,LARA,1248,"ID, MP",,,3.8,Alive,Healthy,H,No,No,,,
2022,12/3/2021,Reef Bay,A,LARA,1246,NF,185,422,3,Alive,Healthy,H,No,No,"LU, LP, AND, KH",,
2024,9/18/2024,Reef Bay,A,LARA,1246,NF,,,3.2,Alive,Healthy,H,No,No,,,
2022,12/3/2021,Reef Bay,A,LARA,1245,NF,176,456,2.7,Alive,Healthy,H,No,No,"LU, LP, AND, KH",,
2024,9/18/2024,Reef Bay,A,LARA,1245,NF,,,2.7,Alive,Healthy,H,No,No,,,
2024,7/23/2024,Krause Lagoon,C,RHMA ,R1712,,250,1.57,15.2,Dead,Dead,D,No,No,"DG, JC, AD",R-1712,one tag
2022,12/3/2021,Reef Bay,A,LARA,1244,NF,193,473,4,Alive,Healthy,H,No,No,"LU, LP, AND, KH",,
2024,9/18/2024,Reef Bay,A,LARA,1244,NF,,,4.7,Alive,Healthy,H,No,No,,,
2022,12/3/2021,Reef Bay,A,LARA,1243,NF,196,473,4.4,Alive,Healthy,H,No,No,"LU, LP, AND, KH",,
2024,9/18/2024,Reef Bay,A,LARA,1243,NF,,,5.2,Alive,Healthy,H,No,No,,,
2022,12/3/2021,Reef Bay,A,LARA,1242,NF,195,499,3.4,Alive,Healthy,H,No,No,"LU, LP, AND, KH",,
2024,9/18/2024,Reef Bay,A,LARA,1242,"F, ID",,,4.2,Alive,Healthy,H,No,No,,,
2022,12/3/2021,Reef Bay,A,LARA,1241,NF,198,453,2.8,Alive,Healthy,H,No,No,"LU, LP, AND, KH",,
2024,9/18/2024,Reef Bay,A,LARA,1241,NF,,,3.1,Alive,Healthy,H,No,No,,,
2022,12/3/2021,Reef Bay,A,LARA,1240,NF,184,503,3.4,Alive,Healthy,H,No,No,"LU, LP, AND, KH",,
2024,9/18/2024,Reef Bay,A,LARA,1240,"ID, MD",,,4.2,Alive,Healthy,H,No,No,,,
2024,8/6/2024,Lameshur Bay,A,AVGE,539,,,,,Dead,Dead,D,No,No,,,PULLING TAG
2022,12/3/2021,Reef Bay,A,LARA,1239,NF,187,536,3.4,Alive,Healthy,H,No,No,"LU, LP, AND, KH",,
2024,9/18/2024,Reef Bay,A,LARA,1239,NF,,,3.5,Alive,Healthy,H,No,No,,,
2022,12/3/2021,Reef Bay,A,LARA,1238,NF,183,558,3.6,Alive,Healthy,H,No,No,"LU, LP, AND, KH",,
2024,9/18/2024,Reef Bay,A,LARA,1238,NF,,,4.6,Alive,Healthy,H,No,No,,,
2022,12/3/2021,Reef Bay,A,LARA,1237,NF,176,534,2.8,Alive,Healthy,H,No,No,"LU, LP, AND, KH",,
2024,9/18/2024,Reef Bay,A,LARA,1237,NF,,,3,Alive,Healthy,H,No,No,,,predation on leaves
2022,12/3/2021,Reef Bay,A,LARA,1236,NF,175,488,2.9,Alive,Healthy,H,No,No,"LU, LP, AND, KH",,
2024,9/18/2024,Reef Bay,A,LARA,1236,NF,,,3.2,Alive,Unhealthy,U,No,No,,,
2022,12/3/2021,Reef Bay,A,LARA,1235,NF,172,456,2.8,Alive,Healthy,H,No,No,"LU, LP, AND, KH",,
2024,9/18/2024,Reef Bay,A,LARA,1235,NF,,,3.3,Alive,Healthy,H,No,No,,,
2022,12/3/2021,Reef Bay,A,LARA,1234,NF,166,462,3.2,Alive,Healthy,H,No,No,"LU, LP, AND, KH",,
2024,9/18/2024,Reef Bay,A,LARA,1234,NF,,,3.3,Alive,Healthy,H,No,No,,,
2022,12/3/2021,Reef Bay,A,LARA,1233,NF,161,465,3.9,Alive,Healthy,H,No,No,"LU, LP, AND, KH",,
2024,9/18/2024,Reef Bay,A,LARA,1233,NF,,,4.5,Alive,Healthy,H,No,No,,,
2022,12/3/2021,Reef Bay,A,LARA,1232,NF,164,494,3.7,Alive,Healthy,H,No,No,"LU, LP, AND, KH",,
2024,9/18/2024,Reef Bay,A,LARA,1232,NF,,,4.1,Alive,Healthy,H,No,No,,,
2024,8/6/2024,Lameshur Bay,B,LARA,,,110,3.1,4,Dead,Dead,D,,,,,
2024,8/6/2024,Lameshur Bay,B,LARA,,,110,,3,Dead,Dead,D,,,,,
2024,8/6/2024,Lameshur Bay,B,AVGE,,,70,5.2,3,Dead,Dead,D,,,,CONNECTED TO NEIGHBORING DEAD,CONNECTED TO NEIGHBORING DEAD
2024,8/6/2024,Lameshur Bay,B,AVGE,,,70,4.84,4,Dead,Dead,D,,,,CONNECTED TO NEIGHBORING DEAD,CONNECTED TO NEIGHBORING DEAD
2024,8/6/2024,Lameshur Bay,B,LARA,,,15,4.22,4.5,Dead,Dead,D,,,,,
2022,12/3/2021,Reef Bay,A,LARA,1231,NF,163,505,2.5,Alive,Healthy,H,No,No,"LU, LP, AND, KH",,
2024,9/18/2024,Reef Bay,A,LARA,1231,MD,,,2.9,Alive,Healthy,H,No,No,,,
2022,12/3/2021,Reef Bay,A,LARA,1230,NF,162,535,2.5,Alive,Healthy,H,No,No,"LU, LP ",,
2024,9/18/2024,Reef Bay,A,LARA,1230,MD,,,2.6,Alive,Healthy,H,No,No,,,
2022,12/3/2021,Reef Bay,A,LARA,1229,NF,164,421,2.8,Alive,Healthy,H,No,No,"LU, LP ",,
2024,9/18/2024,Reef Bay,A,LARA,1229,NF,,,2.6,Alive,Healthy,H,No,No,,,
2022,12/3/2021,Reef Bay,A,LARA,1228,NF,158,422,4.3,Alive,Healthy,H,No,No,"LU, LP ",,
2024,9/18/2024,Reef Bay,A,LARA,1228,NF,,,5.3,Alive,Healthy,H,No,No,,,
2022,12/3/2021,Reef Bay,A,LARA,1227,NF,155,404,3.4,Alive,Healthy,H,No,No,"LU, LP ",,
2024,9/18/2024,Reef Bay,A,LARA,1227,"ID, MP",,,4,Alive,Healthy,H,No,No,,,
2022,12/3/2021,Reef Bay,A,LARA,1226,NF,155,403,4,Alive,Healthy,H,No,No,"LU, LP ",,
2024,9/18/2024,Reef Bay,A,LARA,1226,"ID, MP",,,4.2,Alive,Healthy,H,No,No,,,
2022,12/3/2021,Reef Bay,A,LARA,1225,NF,156,403,3.5,Alive,Unhealthy,U,No,No,"LU, LP ",,
2022,12/3/2021,Reef Bay,A,LARA,1224,ID,156,405,4.1,Alive,Healthy,H,No,No,"LU, LP ",,
2024,9/18/2024,Reef Bay,A,LARA,1224,"ID, MP",,,4.5,Alive,Healthy,H,No,No,,,
2022,12/3/2021,Reef Bay,A,LARA,1223,NF,158,430,4.2,Alive,Healthy,H,No,No,"LU, LP ",,
2024,8/6/2024,Lameshur Bay,C,AVGE,587,,,,3.5,Dead,Dead,D,,,,,
2024,9/18/2024,Reef Bay,A,LARA,1223,NF,,,4.4,Alive,Healthy,H,No,No,,,
2022,12/3/2021,Reef Bay,A,LARA,1222,NF,159,450,3.4,Alive,Healthy,H,No,No,"LU, LP ",,
2024,9/18/2024,Reef Bay,A,LARA,1222,NF,,,3.2,Alive,Healthy,H,No,No,,,
2022,12/3/2021,Reef Bay,A,LARA,1221,NF,162,326,2.9,Alive,Healthy,H,No,No,"LU, LP ",,
2024,9/18/2024,Reef Bay,A,LARA,1221,NF,,,3.4,Alive,Healthy,H,No,No,,,
2022,12/3/2021,Reef Bay,A,LARA,1220,NF,164,331,3,Alive,Healthy,H,No,No,"LU, LP ",,
2024,9/18/2024,Reef Bay,A,LARA,1220,"ID, MP",,,3,Alive,Healthy,H,No,No,,,
2022,12/3/2021,Reef Bay,A,LARA,1219,NF,155,565,3.7,Alive,Healthy,H,No,No,"LU, LP ",,
2024,9/18/2024,Reef Bay,A,LARA,1219,NF,,,4,Alive,Healthy,H,No,No,,,
2022,12/3/2021,Reef Bay,A,LARA,1218,NF,154,534,3.8,Alive,Healthy,H,No,No,"LU, LP ",,
2024,9/18/2024,Reef Bay,A,LARA,1218,NF,,,4.9,Alive,Healthy,H,No,No,,,
2024,8/6/2024,Lameshur Bay,C,AVGE,,,320,4.02,2.9,Dead,Dead,D,,,,,ONLY CHALK
2024,8/6/2024,Lameshur Bay,C,AVGE,,,290,5.6,5.2,Dead,Dead,D,,,,,ONLY CHALK
2022,12/3/2021,Reef Bay,A,LARA,1217,NF,148,489,3.8,Alive,Healthy,H,No,No,"LU, LP ",,
2024,9/18/2024,Reef Bay,A,LARA,1217,MD,,,4.1,Alive,Healthy,H,No,No,,,
2022,12/3/2021,Reef Bay,A,LARA,1216,NF,149,510,3.9,Alive,Healthy,H,No,No,"LU, LP ",,
2022,12/3/2021,Reef Bay,A,LARA,1215,NF,145,524,2.7,Alive,Healthy,H,No,No,"LU, LP ",,
2024,9/18/2024,Reef Bay,A,LARA,1215,NF,,,3,Alive,Healthy,H,No,No,,,
2022,12/3/2021,Reef Bay,A,LARA,1214,NF,138,422,3.8,Alive,Healthy,H,No,No,"LU, LP ",,
2024,9/18/2024,Reef Bay,A,LARA,1214,F,,,4.3,Alive,Healthy,H,No,No,,,
2022,12/3/2021,Reef Bay,A,LARA,1213,NF,138,474,3.2,Alive,Healthy,H,No,No,"LU, LP ",,
2024,9/18/2024,Reef Bay,A,LARA,1213,F,,,3.3,Alive,Healthy,H,No,No,,,
2022,12/3/2021,Reef Bay,A,LARA,1212,NF,135,520,4.3,Alive,Healthy,H,No,No,"LU, LP ",,
2024,9/18/2024,Reef Bay,A,LARA,1212,"F, ID",,,4.5,Alive,Healthy,H,No,No,,,
2022,12/3/2021,Reef Bay,A,LARA,1211,NF,134,562,6.1,Alive,Healthy,H,No,No,"LU, LP ",,
2024,9/18/2024,Reef Bay,A,LARA,1211,NF,,,6,Alive,Healthy,H,No,No,,,
2022,12/3/2021,Reef Bay,A,LARA,1210,NF,126,408,4.3,Alive,Unhealthy,U,No,No,"LU, LP ",,
2022,12/3/2021,Reef Bay,A,LARA,1209,NF,126,342,5.5,Alive,Healthy,H,No,No,"LU, LP ",,
2024,9/18/2024,Reef Bay,A,LARA,1209,"IP, MP",,,6.2,Alive,Healthy,H,No,No,"KR,SH",,
2022,12/3/2021,Reef Bay,A,LARA,1207,NF,148,411,2.6,Alive,Healthy,H,No,No,"LU, LP ",,
2024,7/9/2024,Magens Bay,A,RHMA ,110,,,,,Dead,Dead,D,No,No,,,fallen over/ dead
2024,9/18/2024,Reef Bay,A,LARA,1207,NF,,,3.3,Alive,Healthy,H,No,No,,,
2022,12/3/2021,Reef Bay,A,LARA,1206,NF,112,483,4,Alive,Healthy,H,No,No,"LU, LP ",,
2022,12/3/2021,Reef Bay,A,LARA,1205,NF,115,493,2.5,Alive,Healthy,H,No,No,"LU, LP ",,
2024,7/9/2024,Magens Bay,A,RHMA ,147,,,,,Dead,Dead,D,,,"SM, JC, JS",,pulled from dead
2022,12/3/2021,Reef Bay,A,LARA,1204,NF,114,448,3.8,Alive,Healthy,H,No,No,"LU, LP ",,
2022,12/3/2021,Reef Bay,A,LARA,1203,NF,110,452,3.8,Alive,Healthy,H,No,No,"LU, LP ",,
2022,12/3/2021,Reef Bay,A,LARA,1202,NF,110,438,2.8,Alive,Healthy,H,No,No,"LU, LP ",,
2024,6/26/2024,STEER Basin,C,AVGE,1200,"F, ID",80,2.79,2.9,Alive,Healthy,H,No,No,"DG, KR",,
2024,8/7/2024,Turner Bay,A,LARA,1200,"IP, MP",,,6.6,Alive,Unhealthy,U,No,No,"AND, KH, DG, LU",,
2024,6/26/2024,STEER Basin,C,AVGE,1199,F,83,5.03,4.3,Alive,Healthy,H,No,No,"DG, KR",,
2024,6/26/2024,STEER Basin,C,RHMA ,1199,ID,105,2.72,2.6,Alive,Healthy,H,No,No,"DG, KR",,
2024,6/26/2024,STEER Basin,C,AVGE,1198,NF,83,4.85,2.5,Alive,Healthy,H,No,No,"DG, KR",,
2024,7/9/2024,Magens Bay,A,RHMA ,275,NF,325,,11.4,Dead,Dead,D,No,No,,,
2024,6/26/2024,STEER Basin,C,AVGE,1196,NF,83,4.97,2.9,Alive,Healthy,H,No,No,"DG, KR",,
2022,12/2/2021,Turner Bay,A,LARA,1194,NF,330,196,6.5,Alive,Unhealthy,U,No,No,"LU, LP",,
2024,6/26/2024,STEER Basin,C,AVGE,1194,F,83,5,3.3,Alive,Healthy,H,No,No,"DG, KR",,
2024,7/9/2024,Magens Bay,A,RHMA ,312,,,,,Dead,Dead,D,No,No,,,dead/ fallen
2024,8/7/2024,Turner Bay,A,LARA,1194,"IP, MP",,,7.2,Alive,Unhealthy,U,No,No,"AND, KH, DG, LU",,
2022,12/2/2021,Turner Bay,A,LARA,1193,NF,344,239,6.6,Alive,Healthy,H,No,No,"LU, LP",,
2024,8/7/2024,Turner Bay,A,LARA,1193,"IP, MP",,,7.1,Alive,Healthy,H,No,No,"AND, KH, DG, LU",,
2022,12/2/2021,Turner Bay,A,LARA,1192,ID,11,194,8.3,Alive,Healthy,H,No,No,"LU, LP",,
2024,6/26/2024,STEER Basin,C,AVGE,1192,"F, ID",155,4.28,2.8,Alive,Healthy,H,No,No,"DG, KR",,
2024,8/7/2024,Turner Bay,A,LARA,1192,"IP, MP",,,9.3,Alive,Healthy,H,No,No,"AND, KH, DG, LU",,
2022,12/2/2021,Turner Bay,A,RHMA ,1191,NF,6,136,6.4,Alive,Healthy,H,No,No,"LU, LP",,
2024,8/7/2024,Turner Bay,A,RHMA ,1191,F,,,7.6,Alive,Healthy,H,No,No,"AND, KH, DG, LU",,
2022,12/2/2021,Turner Bay,A,LARA,1190,NF,40,139,7,Alive,Healthy,H,No,No,"LU, LP",,
2022,12/2/2021,Turner Bay,A,LARA,1189,NF,53,174,4.3,Alive,Healthy,H,No,No,"LU, LP",,
2024,8/7/2024,Turner Bay,A,LARA,1189,NF,,,4.3,Alive,Healthy,H,No,No,"AND, KH, DG, LU",,
2022,12/2/2021,Turner Bay,A,RHMA ,1188,NF,21,272,5.5,Alive,Healthy,H,No,No,"LU, LP",,
2024,8/7/2024,Turner Bay,A,RHMA ,1188,NF,,,5.7,Alive,Healthy,H,No,No,"AND, KH, DG, LU",,
2022,12/2/2021,Turner Bay,A,RHMA ,1187,NF,3,310,5.3,Alive,Healthy,H,No,No,"LU, LP",,
2024,8/7/2024,Turner Bay,A,LARA,1187,NF,,,5.5,Alive,Healthy,H,No,No,"AND, KH, DG, LU",,
2022,12/2/2021,Turner Bay,A,RHMA ,1186,NF,353,476,2.7,Alive,Healthy,H,No,No,"LU, LP",,
2024,8/7/2024,Turner Bay,A,RHMA ,1186,,,,2.8,Alive,Healthy,H,No,No,"AND, KH, DG, LU",,
2022,12/2/2021,Turner Bay,A,RHMA ,1184,NF,1,493,4,Alive,Healthy,H,No,No,"LU, LP",,
2024,8/7/2024,Turner Bay,A,RHMA ,1184,,,,4.3,Alive,Healthy,H,No,No,"AND, KH, DG, LU",,
2022,12/2/2021,Turner Bay,A,RHMA ,1183,NF,4,539,4.5,Alive,Healthy,H,No,No,"LU, LP",,
2024,8/7/2024,Turner Bay,A,LARA,1182,NF,,,4.8,Alive,Healthy,H,No,No,"AND, KH, DG, LU",,
2022,12/2/2021,Turner Bay,A,RHMA ,1181,NF,11,355,6.9,Alive,Healthy,H,No,No,"LU, LP",,
2024,8/7/2024,Turner Bay,A,RHMA ,1181,,,,7.5,Alive,Healthy,H,No,No,"AND, KH, DG, LU",,
2022,12/2/2021,Turner Bay,A,LARA,1180,NF,6,417,3.8,Alive,Healthy,H,No,No,"LU, LP",,
2024,8/7/2024,Turner Bay,A,LARA,1180,NF,,,4.2,Alive,Healthy,H,No,No,"AND, KH, DG, LU",,
2022,12/2/2021,Turner Bay,A,LARA,1179,NF,26,499,2.8,Alive,Healthy,H,No,No,"LU, LP",,
2024,8/7/2024,Turner Bay,A,LARA,1179,,,,6.4,Alive,Healthy,H,No,No,"AND, KH, DG, LU",,
2022,12/2/2021,Turner Bay,A,LARA,1178,NF,18,552,4.8,Alive,Healthy,H,No,No,"LU, LP",,Herbivory
2024,8/7/2024,Turner Bay,A,LARA,1178,NF,,,4.9,Alive,Healthy,H,No,No,"AND, KH, DG, LU",,
2022,12/2/2021,Turner Bay,A,LARA,1177,NF,18,505,5.8,Alive,Healthy,H,No,No,"LU, LP",,
2024,8/7/2024,Turner Bay,A,LARA,1177,,,,5.9,Alive,Healthy,H,No,No,"AND, KH, DG, LU",,
2022,12/2/2021,Turner Bay,A,LARA,1176,NF,18,448,3.6,Alive,Healthy,H,No,No,"LU, LP",,
2024,6/26/2024,STEER Basin,C,AVGE,1176,NF,350,5.04,2.5,Alive,Healthy,H,No,No,"DG, KR",,
2024,8/7/2024,Turner Bay,A,LARA,1176,,,,3.4,Alive,Healthy,H,No,No,"AND, KH, DG, LU",,
2022,12/2/2021,Turner Bay,A,RHMA ,1175,NF,23,488,3.9,Alive,Healthy,H,No,No,"LU, LP",,
2024,6/26/2024,STEER Basin,C,RHMA ,1175,"ID, MD",105,2.94,2.5,Alive,Healthy,H,No,No,"DG, KR",,
2024,8/7/2024,Turner Bay,A,LARA,1175,,,,5.6,Alive,Healthy,H,No,No,"AND, KH, DG, LU",,
2022,12/2/2021,Turner Bay,A,RHMA ,1174,NF,24,359,4.7,Alive,Healthy,H,No,No,"LU, LP",,
2024,6/26/2024,STEER Basin,C,AVGE,1174,"F, ID",155,4,4.28,Alive,Healthy,H,No,No,"DG, KR",,
2024,8/7/2024,Turner Bay,A,RHMA ,1174,,,,4.9,Alive,Healthy,H,No,No,"AND, KH, DG, LU",,
2022,12/2/2021,Turner Bay,A,LARA,1173,NF,26,453,3.7,Alive,Healthy,H,No,No,"LU, LP",,
2024,6/26/2024,STEER Basin,C,LARA,1173,"F, ID, MD",150,5.59,3.5,Alive,Healthy,H,No,No,"DG, KR",,
2022,12/2/2021,Turner Bay,A,LARA,1172,NF,31,547,3.4,Alive,Healthy,H,No,No,"LU, LP",,
2022,12/2/2021,Turner Bay,A,LARA,1171,NF,35,527,3.6,Alive,Healthy,H,No,No,"LU, LP",,Herbivory
2024,8/7/2024,Turner Bay,A,LARA,1171,,,,4.1,Alive,Healthy,H,No,No,"AND, KH, DG, LU",,
2022,12/2/2021,Turner Bay,A,LARA,1170,NF,36,498,2.8,Alive,Unhealthy,U,No,No,"LU, LP",,dead main stem
2024,6/26/2024,STEER Basin,C,AVGE,1170,NF,75,4.83,2.6,Alive,Healthy,H,No,No,"DG, KR",,
2022,12/2/2021,Turner Bay,A,RHMA ,1169,NF,51,563,2.9,Alive,Healthy,H,No,No,"LU, LP",,
2024,6/26/2024,STEER Basin,C,RHMA ,1169,NF,80,3.27,2.9,Alive,Healthy,H,No,No,"DG, KR",,
2024,8/7/2024,Turner Bay,A,RHMA ,1169,NF,,,2.8,Alive,Healthy,H,No,No,"AND, KH, DG, LU",,
2024,6/26/2024,STEER Basin,C,RHMA ,1168,ID,325,5.06,2.5,Alive,Healthy,H,No,No,"DG, KR",,
2022,12/2/2021,Turner Bay,A,LARA,1167,NF,50,514,3.5,Alive,Healthy,H,No,No,"LU, LP",,Herbivory
2024,6/26/2024,STEER Basin,C,AVGE,1167,NF,340,5.57,3.6,Alive,Unhealthy,U,No,No,"DG, KR",,
2024,8/7/2024,Turner Bay,A,RHMA ,1167,,,,3.5,Dying,Unhealthy,U,No,No,"AND, KH, DG, LU",,
2022,12/2/2021,Turner Bay,A,LARA,1166,NF,35,475,7.1,Alive,Healthy,H,No,No,"LU, LP",,
2024,8/7/2024,Turner Bay,A,LARA,1166,,,,7.5,Alive,Healthy,H,No,No,"AND, KH, DG, LU",,
2024,6/26/2024,STEER Basin,C,AVGE,1165,NF,8,4.92,3.3,Alive,Healthy,H,No,No,"DG, KR",,
2022,12/2/2021,Turner Bay,A,LARA,1164,NF,37,399,4,Alive,Healthy,H,No,No,"LU, LP",,Herbivory
2024,6/26/2024,STEER Basin,C,AVGE,1164,NF,10,3.51,2.6,Alive,Unhealthy,U,No,No,"DG, KR",,
2024,8/7/2024,Turner Bay,A,LARA,1164,NF,,,4.1,Alive,Healthy,H,No,No,"AND, KH, DG, LU",,
2022,12/2/2021,Turner Bay,A,LARA,1163,NF,41,357,4.5,Alive,Healthy,H,No,No,"LU, LP",,
2024,8/7/2024,Turner Bay,A,LARA,1163,NF,,,4.7,Alive,Unhealthy,U,No,No,"AND, KH, DG, LU",,
2022,12/2/2021,Turner Bay,A,LARA,1162,NF,51,326,3.4,Alive,Healthy,H,No,No,"LU, LP",,
2024,6/26/2024,STEER Basin,C,RHMA ,1162,"ID, MD",320,5.54,3.3,Alive,Healthy,H,No,No,"DG, KR",,
2024,8/7/2024,Turner Bay,A,LARA,1162,NF,,,3.6,Alive,Unhealthy,U,No,No,"AND, KH, DG, LU",,
2022,12/2/2021,Turner Bay,A,RHMA ,1160,NF,45,437,5.1,Alive,Healthy,H,No,No,"LU, LP",,
2024,8/7/2024,Turner Bay,A,RHMA ,1160,NF,,,5.9,Alive,Healthy,H,No,No,"AND, KH, DG, LU",,
2022,12/2/2021,Turner Bay,A,LARA,1159,NF,53,462,3.2,Alive,Healthy,H,No,No,"LU, LP",,
2022,12/2/2021,Turner Bay,A,RHMA ,1158,NF,63,537,6.5,Alive,Healthy,H,No,No,"LU, LP",,
2024,8/7/2024,Turner Bay,A,RHMA ,1158,F,,,8,Alive,Healthy,H,No,No,"AND, KH, DG, LU",,
2022,12/2/2021,Turner Bay,A,LARA,1157,NF,67,469,4.2,Alive,Healthy,H,No,No,"LU, LP",,TOP DEAD
2024,8/7/2024,Turner Bay,A,LARA,1157,NF,,,4.8,Alive,Healthy,H,No,No,"AND, KH, DG, LU",,
2022,12/2/2021,Turner Bay,A,LARA,1155,NF,55,437,4,Alive,Healthy,H,No,No,"LU, LP",,
2024,8/7/2024,Turner Bay,A,LARA,1155,NF,,,4.2,Alive,Healthy,H,No,No,"AND, KH, DG, LU",,
2022,12/2/2021,Turner Bay,A,LARA,1154,NF,95,373,4.1,Alive,Healthy,H,No,No,"LU, LP",,
2024,8/7/2024,Turner Bay,A,LARA,1154,NF,,,4.9,Alive,Healthy,H,No,No,"AND, KH, DG, LU",,
2022,12/2/2021,Turner Bay,A,LARA,1153,NF,89,533,3.6,Alive,Healthy,H,No,No,"LU, LP",,
2024,6/26/2024,STEER Basin,C,AVGE,1153,NF,320,5.51,2.8,Alive,Healthy,H,No,No,"DG, KR",,
2024,8/7/2024,Turner Bay,A,LARA,1153,NF,,,4,Alive,Healthy,H,No,No,"AND, KH, DG, LU",,
2022,12/2/2021,Turner Bay,A,LARA,1152,NF,84,546,3.9,Alive,Unhealthy,U,No,No,"LU, LP",,
2024,8/7/2024,Turner Bay,A,LARA,1152,NF,,,3.8,Alive,Healthy,H,No,No,"AND, KH, DG, LU",,
2022,12/2/2021,Turner Bay,A,LARA,1149,NF,79,498,3.6,Alive,Unhealthy,U,No,Yes,"LU, LP",,
2022,12/2/2021,Turner Bay,A,LARA,1148,NF,76,493,4.7,Alive,Healthy,H,No,No,"LU, LP",,
2024,8/7/2024,Turner Bay,A,LARA,1148,NF,,,4.9,Alive,Healthy,H,No,No,"AND, KH, DG, LU",,
2022,12/2/2021,Turner Bay,A,LARA,1147,NF,80,445,3.2,Alive,Healthy,H,No,No,"LU, LP",,
2024,8/7/2024,Turner Bay,A,LARA,1147,NF,,,3.3,Alive,Healthy,H,No,No,"AND, KH, DG, LU",,
2022,12/2/2021,Turner Bay,A,LARA,1146,NF,81,403,3.1,Alive,Healthy,H,No,No,"LU, LP",,
2024,8/7/2024,Turner Bay,A,LARA,1146,NF,,,3.5,Alive,Healthy,H,No,No,"AND, KH, DG, LU",,
2022,12/2/2021,Turner Bay,A,LARA,1145,NF,72,413,5.6,Alive,Healthy,H,No,No,"LU, LP",,
2024,8/7/2024,Turner Bay,A,LARA,1145,NF,,,6.3,Alive,Healthy,H,No,No,"AND, KH, DG, LU",,
2022,12/2/2021,Turner Bay,A,LARA,1144,NF,61,360,5.2,Alive,Healthy,H,No,No,"LU, LP",,
2024,8/7/2024,Turner Bay,A,LARA,1144,"IP, MP",,,6.2,Alive,Healthy,H,No,No,"AND, KH, DG, LU",,
2022,12/2/2021,Turner Bay,A,RHMA ,1140,NF,53,208,3.4,Alive,Healthy,H,No,No,"LU, LP",,
2024,8/7/2024,Turner Bay,A,RHMA ,1140,NF,,,4.1,Alive,Healthy,H,No,No,"AND, KH, DG, LU",,
2022,12/2/2021,Turner Bay,A,RHMA ,1139,NF,67,221,2.8,Alive,Healthy,H,No,No,"LU, LP",,
2024,8/7/2024,Turner Bay,A,RHMA ,1139,NF,,,3,Alive,Healthy,H,No,No,"AND, KH, DG, LU",,
2022,12/2/2021,Turner Bay,A,LARA,1136,NF,118,209,3.5,Alive,Healthy,H,No,No,"LU, LP",,
2024,8/7/2024,Turner Bay,A,LARA,1136,NF,,,3.6,Alive,Healthy,H,No,No,"AND, KH, DG, LU",,
2022,12/2/2021,Turner Bay,A,LARA,1135,NF,108,217,5.2,Alive,Unhealthy,U,No,No,"LU, LP",,
2022,12/2/2021,Turner Bay,A,LARA,1133,NF,89,133,6,Alive,Healthy,H,No,No,"LU, LP",,
2024,8/7/2024,Turner Bay,A,LARA,1133,NF,,,6.2,Alive,Healthy,H,No,No,"AND, KH, DG, LU",,
2024,8/7/2024,Turner Bay,A,LARA,1132,NF,,,4.2,Alive,Healthy,H,No,No,"AND, KH, DG, LU",,
2024,7/9/2024,Magens Bay,B,RHMA ,323,NF,,,4,Dead,Dead,D,No,No,"LU. SM, AD",,
2022,11/20/2021,Magens Bay,C,RHMA ,1131,NF,213,254,2.5,Alive,Healthy,H,No,No,"AJH, AND",,
2024,7/9/2024,Magens Bay,B,RHMA ,1131,NF,,,5.5,Alive,Healthy,H,No,No,"SM, JC, JS",,
2022,11/20/2021,Magens Bay,C,RHMA ,1130,NF,194,314,4,Alive,Healthy,H,No,No,"AJH, AND",,
2024,7/9/2024,Magens Bay,B,RHMA ,1130,NF,,,5.3,Alive,Healthy,H,No,No,"SM, JC, JS",,
2022,11/20/2021,Magens Bay,C,RHMA ,1129,NF,149,294,3,Alive,Healthy,H,No,No,"AJH, AND",,
2024,7/9/2024,Magens Bay,B,RHMA ,1129,NF,,,6.4,Alive,Healthy,H,No,No,"LU. SM, AD",,
2024,7/9/2024,Magens Bay,B,RHMA ,368,NF,,,3.5,Dead,Dead,D,No,No,"LU. SM, AD",,
2022,11/20/2021,Magens Bay,C,RHMA ,1128,NF,174,284,3.1,Alive,Healthy,H,No,No,"AJH, AND",,
2024,7/9/2024,Magens Bay,B,RHMA ,1128,NF,,,4.7,Alive,Healthy,H,No,No,"LU. SM, AD",,
2022,11/20/2021,Magens Bay,C,RHMA ,1127,NF,33,104,2.6,Alive,Healthy,H,No,No,"AJH, AND",,"top alive, bottom dead"
2022,11/20/2021,Magens Bay,C,RHMA ,1126,NF,42,105,2.9,Alive,Unhealthy,U,No,Yes,"AJH, AND",,
2024,7/9/2024,Magens Bay,B,RHMA ,1126,NF,,,2.5,Alive,Healthy,H,No,No,"SM, JC, JS",,
2022,11/20/2021,Magens Bay,C,RHMA ,1125,NF,99,175,2.9,Alive,Healthy,H,No,No,"AJH, AND",,
2024,7/9/2024,Magens Bay,B,RHMA ,1125,NF,,,3.2,Alive,Healthy,H,No,No,"SM, JC, JS",,
2022,11/20/2021,Magens Bay,C,RHMA ,1124,NF,76,114,3,Alive,Unhealthy,U,No,Yes,"AJH, AND",,"top alive, bottom dead"
2024,7/9/2024,Magens Bay,B,RHMA ,1124,NF,,,2.9,Alive,Healthy,H,No,No,"SM, JC, JS",,
2022,11/20/2021,Magens Bay,C,RHMA ,1123,NF,312,195,3.5,Alive,Healthy,H,No,No,"AJH, AND",,
2024,7/9/2024,Magens Bay,B,RHMA ,1123,NF,,,5.6,Alive,Healthy,H,No,No,"SM, JC, JS",,connected to 1122
2022,11/20/2021,Magens Bay,C,RHMA ,1122,NF,340,210,2.9,Alive,Healthy,H,No,No,"AJH, AND",,"top alive, bottom dead"
2024,7/9/2024,Magens Bay,B,RHMA ,1122,NF,,,3.5,Alive,Unhealthy,U,No,Yes,"SM, JC, JS",,connected to 1123
2022,11/20/2021,Magens Bay,C,RHMA ,1121,NF,315,200,4,Alive,Healthy,H,No,No,"AJH, AND",,
2024,7/9/2024,Magens Bay,B,RHMA ,1121,NF,,,5.6,Alive,Healthy,H,No,No,"SM, JC, JS",,
2022,11/20/2021,Magens Bay,C,RHMA ,1120,NF,328,155,3.5,Alive,Healthy,H,No,No,"AJH, AND",,
2024,7/9/2024,Magens Bay,B,RHMA ,1120,NF,,,3.9,Alive,Healthy,H,No,No,"SM, JC, JS",,
2024,7/9/2024,Magens Bay,C,RHMA ,1119,,,,,,,,No,No,"JS, JC",,removed
2022,11/20/2021,Magens Bay,C,RHMA ,1118,NF,137,399,2.5,Alive,Healthy,H,No,No,"AJH, AND",,
2024,7/9/2024,Magens Bay,B,RHMA ,1064,NF,,,2.8,Dead,Dead,D,No,Yes,"LU. SM, AD",,
2024,7/9/2024,Magens Bay,C,RHMA ,1118,NF,,,4.6,Alive,Healthy,H,No,No,"JS, JC",,
2022,11/20/2021,Magens Bay,C,RHMA ,1117,NF,134,550,2.5,Alive,Healthy,H,No,No,"AJH, AND",,
2024,7/9/2024,Magens Bay,C,RHMA ,1117,NF,,,5.1,Alive,Healthy,H,No,No,"JS, JC",,
2022,11/20/2021,Magens Bay,C,RHMA ,1116,NF,119,511,2.6,Alive,Healthy,H,No,No,"AJH, AND",,
2024,7/9/2024,Magens Bay,C,RHMA ,1116,NF,,,5.3,Alive,Healthy,H,No,No,"JS, JC",,
2022,11/20/2021,Magens Bay,C,RHMA ,1115,NF,118,469,2.5,Alive,Healthy,H,No,No,"AJH, AND",,
2024,7/9/2024,Magens Bay,C,RHMA ,1115,NF,,,5,Alive,Healthy,H,No,No,"JS, JC",,
2022,11/20/2021,Magens Bay,C,LARA,1114,NF,121,348,4.2,Alive,Unhealthy,U,No,No,"AJH, AND",,Herbivory
2024,7/9/2024,Magens Bay,C,LARA,1114,"IP, MP",,,8.3,Alive,Healthy,H,No,No,"JS, JC",,
2022,11/20/2021,Magens Bay,C,RHMA ,1113,NF,96,469,2.5,Alive,Healthy,H,No,No,"AJH, AND",,
2024,7/9/2024,Magens Bay,C,RHMA ,1113,NF,,,4.4,Alive,Healthy,H,No,No,"JS, JC",,
2022,11/20/2021,Magens Bay,C,RHMA ,1112,"F, IP",64,322,2.9,Alive,Healthy,H,No,No,"AJH, AND",,
2024,7/9/2024,Magens Bay,C,RHMA ,1112,NF,,,5.3,Alive,Healthy,H,No,No,"JS, JC",,
2022,11/20/2021,Magens Bay,C,RHMA ,1111,NF,62,510,2.7,Alive,Healthy,H,No,No,"AJH, AND",,
2022,11/20/2021,Magens Bay,C,RHMA ,1110,NF,56,459,2.5,Alive,Healthy,H,No,No,"AJH, AND",,
2024,7/9/2024,Magens Bay,C,RHMA ,1110,NF,,,5.2,Alive,Healthy,H,No,No,"JS, JC",,
2022,11/20/2021,Magens Bay,C,RHMA ,1108,NF,46,514,2.7,Alive,Healthy,H,No,No,"AJH, AND",,
2024,7/9/2024,Magens Bay,C,RHMA ,1108,NF,,,4.4,Alive,Healthy,H,No,No,"JS, JC",,
2024,7/19/2024,Magens Bay,C,RHMA ,1107,NF,,,4.9,Alive,Healthy,H,No,No,"SM, KH, AD",,
2022,11/20/2021,Magens Bay,C,RHMA ,1106,"F, ID",352,328,2.8,Alive,Healthy,H,No,No,"AJH, AND",,
2024,7/9/2024,Magens Bay,C,RHMA ,1106,NF,,,4.8,Alive,Healthy,H,No,No,"JS, JC",,
2024,6/26/2024,STEER Basin,C,LARA,1106,"F, ID, MD",80,2.76,3.1,Alive,Healthy,H,No,No,"DG, KR",,
2022,11/20/2021,Magens Bay,C,RHMA ,1105,ID,357,475,2.8,Alive,Healthy,H,No,No,"AJH, AND",,
2024,7/19/2024,Magens Bay,C,RHMA ,1105,NF,,,4.1,Alive,Healthy,H,No,No,"SM, KH, AD",,
2022,11/20/2021,Magens Bay,C,RHMA ,1104,"F, ID",348,410,2.7,Alive,Healthy,H,No,No,"AJH, AND",,
2022,11/20/2021,Magens Bay,C,RHMA ,1103,"F, ID",47,230,2.5,Alive,Healthy,H,No,No,"AJH, AND",,
2024,7/9/2024,Magens Bay,C,RHMA ,1103,NF,,,4.1,Alive,Healthy,H,No,No,"JS, JC",,
2022,11/20/2021,Magens Bay,C,RHMA ,1102,F,24,240,3.8,Alive,Healthy,H,No,No,"AJH, AND",,
2024,7/9/2024,Magens Bay,B,RHMA ,1091,NF,,,2.9,Dead,Dead,D,No,No,"LU. SM, AD",,
2024,7/9/2024,Magens Bay,C,RHMA ,1102,NF,,,6.5,Alive,Healthy,H,No,No,"JS, JC",,
2024,7/9/2024,Magens Bay,B,RHMA ,1093,NF,,,5.4,Dead,Dead,D,No,No,"SM, JC, JS",,dead
2024,7/9/2024,Magens Bay,B,RHMA ,1094,NF,,,3,Dead,Dead,D,No,Yes,"SM, JC, JS",,
2022,11/20/2021,Magens Bay,C,RHMA ,1101,ID,10,216,3.1,Alive,Healthy,H,No,No,"AJH, AND",,
2022,11/20/2021,Magens Bay,C,RHMA ,1100,NF,107,345,5.8,Alive,Healthy,H,No,No,"AJH, AND",,
2024,7/9/2024,Magens Bay,B,RHMA ,1100,NF,,,9.4,Alive,Healthy,H,No,No,"SM, JC, JS",,connected to R1333
2022,11/20/2021,Magens Bay,C,RHMA ,1099,NF,81,410,4.7,Alive,Healthy,H,No,No,"AJH, AND",,
2024,7/9/2024,Magens Bay,B,RHMA ,1099,NF,,,5,Alive,Healthy,H,No,No,"SM, JC, JS",,
2022,11/20/2021,Magens Bay,C,RHMA ,1098,NF,74,428,3.7,Alive,Healthy,H,No,No,"AJH, AND",,
2024,7/9/2024,Magens Bay,B,RHMA ,1098,NF,,,4.1,Alive,Healthy,H,No,No,"SM, JC, JS",,
2022,11/20/2021,Magens Bay,C,RHMA ,1097,IP,76,472,5.1,Alive,Healthy,H,No,No,"AJH, AND",,
2024,7/9/2024,Magens Bay,B,RHMA ,1097,NF,,,8.3,Alive,Healthy,H,No,No,"SM, JC, JS",,replaced with R1304
2022,11/20/2021,Magens Bay,C,RHMA ,1096,NF,27,343,4.5,Alive,Healthy,H,No,No,"AJH, AND",,
2024,7/9/2024,Magens Bay,B,RHMA ,1096,NF,,,8.9,Alive,Healthy,H,No,No,"SM, JC, JS",,
2022,11/20/2021,Magens Bay,C,RHMA ,1095,NF,31,353,4.1,Alive,Healthy,H,No,No,"AJH, AND",,
2024,7/9/2024,Magens Bay,B,RHMA ,1095,NF,,,4.6,Alive,Healthy,H,No,No,"SM, JC, JS",,
2022,11/20/2021,Magens Bay,C,RHMA ,1094,NF,26,331,2.9,Alive,Healthy,H,No,No,"AJH, AND",,
2022,11/20/2021,Magens Bay,C,RHMA ,1092,NF,28,237,3.9,Alive,Healthy,H,No,No,"AJH, AND",,
2024,7/9/2024,Magens Bay,B,RHMA ,1092,NF,,,4.7,Alive,Healthy,H,No,No,"LU. SM, AD",,
2022,11/20/2021,Magens Bay,C,RHMA ,1091,NF,39,293,2.8,Alive,Healthy,H,No,No,"AJH, AND",,some dead branches
2022,11/20/2021,Magens Bay,C,RHMA ,1090,NF,28,393,5.5,Alive,Healthy,H,No,No,"AJH, AND",,some dead branches
2024,7/9/2024,Magens Bay,B,RHMA ,1090,NF,,,11.2,Alive,Healthy,H,No,No,"LU. SM, AD",connected to 1088,
2022,11/20/2021,Magens Bay,C,RHMA ,1089,NF,33,378,3,Alive,Healthy,H,No,No,"AJH, AND",,some dead branches
2024,7/9/2024,Magens Bay,B,RHMA ,1089,NF,,,3.9,Alive,Unhealthy,U,No,No,"LU. SM, AD",,
2022,11/20/2021,Magens Bay,C,RHMA ,1088,NF,30,387,3,Alive,Healthy,H,No,No,"AJH, AND",,some dead branches
2024,7/9/2024,Magens Bay,B,RHMA ,1088,NF,,,4.4,Alive,Unhealthy,U,No,No,"LU. SM, AD",connected to 1090,
2022,11/20/2021,Magens Bay,C,RHMA ,1087,NF,42,333,3.7,Alive,Healthy,H,No,No,"AJH, AND",,
2024,7/9/2024,Magens Bay,B,RHMA ,1087,NF,,,6.3,Alive,Healthy,H,No,No,"LU. SM, AD",,
2022,11/20/2021,Magens Bay,C,RHMA ,1086,NF,14,223,2.6,Alive,Healthy,H,No,No,"AJH, AND",,"top alive, bottom dead"
2024,7/9/2024,Magens Bay,B,RHMA ,1086,NF,,,4.1,Alive,Healthy,H,No,No,"LU. SM, AD",,
2024,7/9/2024,Magens Bay,B,RHMA ,1086,NF,,,4,Alive,Healthy,H,No,No,"LU. SM, AD",,
2022,11/20/2021,Magens Bay,C,RHMA ,1085,IP,37,531,3.9,Alive,Healthy,H,No,No,"AJH, AND",,
2024,7/9/2024,Magens Bay,B,RHMA ,1085,NF,,,5.4,Alive,Healthy,H,No,No,"LU. SM, AD",,
2022,11/20/2021,Magens Bay,C,RHMA ,1084,NF,6,416,2.8,Alive,Healthy,H,No,No,"AJH, AND",,
2024,7/9/2024,Magens Bay,B,RHMA ,1084,NF,,,5.4,Alive,Healthy,H,No,No,"LU. SM, AD",,
2024,7/9/2024,Magens Bay,B,RHMA ,1084,NF,,,5.3,Alive,Healthy,H,No,No,"JS, JC",,
2022,11/20/2021,Magens Bay,C,RHMA ,1083,NF,2,472,2.6,Alive,Healthy,H,No,No,"AJH, AND",,
2024,7/9/2024,Magens Bay,B,RHMA ,1083,NF,,,2.9,Alive,Unhealthy,U,No,No,"LU. SM, AD",,
2022,11/20/2021,Magens Bay,C,RHMA ,1082,NF,22,490,2.9,Alive,Healthy,H,No,No,"AJH, AND",,
2024,7/9/2024,Magens Bay,B,RHMA ,1082,NF,,,2.9,Alive,Unhealthy,U,No,No,"LU. SM, AD",,
2022,11/20/2021,Magens Bay,C,RHMA ,1081,NF,25,490,4.1,Alive,Healthy,H,No,No,"AJH, AND",,
2024,7/9/2024,Magens Bay,B,RHMA ,1081,NF,,,6.7,Alive,Healthy,H,No,No,"LU. SM, AD",,
2022,11/20/2021,Magens Bay,C,RHMA ,1080,NF,10,342,4,Alive,Healthy,H,No,No,"AJH, AND",,
2024,7/9/2024,Magens Bay,B,RHMA ,1080,NF,,,5,Alive,Healthy,H,No,No,"LU. SM, AD",,
2022,11/20/2021,Magens Bay,C,RHMA ,1079,NF,5,457,3.9,Alive,Healthy,H,No,No,"AJH, AND",,
2024,7/9/2024,Magens Bay,B,RHMA ,1079,NF,,,6.3,Alive,Healthy,H,No,No,"LU. SM, AD",connected to 1078,
2022,11/20/2021,Magens Bay,C,RHMA ,1078,NF,4,409,2.9,Alive,Healthy,H,No,No,"AJH, AND",,
2024,7/9/2024,Magens Bay,B,RHMA ,1078,NF,,,3.2,Alive,Unhealthy,U,No,No,"LU. SM, AD",connected to 1079,
2022,11/20/2021,Magens Bay,C,RHMA ,1077,NF,3,530,2.5,Alive,Healthy,H,No,No,"AJH, AND",,
2024,7/9/2024,Magens Bay,B,RHMA ,1077,NF,,,3.2,Alive,Healthy,H,No,No,"LU. SM, AD",connected to 1076,
2022,11/20/2021,Magens Bay,C,RHMA ,1076,NF,6,532,3.2,Alive,Healthy,H,No,No,"AJH, AND",,
2024,7/9/2024,Magens Bay,C,LARA,1030,,,,19.8,Dead,Dead,D,No,No,"JS, JC",,
2024,7/9/2024,Magens Bay,B,RHMA ,1076,NF,,,2.8,Alive,Healthy,H,No,No,"LU. SM, AD",connected to 1077,
2022,11/20/2021,Magens Bay,C,RHMA ,1075,NF,345,499,3,Alive,Healthy,H,No,No,"AJH, AND",,
2024,7/9/2024,Magens Bay,B,RHMA ,1075,NF,,,6,Alive,Healthy,H,No,No,"LU. SM, AD",,
2022,11/20/2021,Magens Bay,C,RHMA ,1074,NF,348,560,2.9,Alive,Healthy,H,No,No,"AJH, AND",,
2022,11/20/2021,Magens Bay,C,RHMA ,1073,NF,321,220,4.4,Alive,Healthy,H,No,No,"AJH, AND",,
2024,7/9/2024,Magens Bay,B,RHMA ,1073,NF,,,6.2,Alive,Healthy,H,No,No,"SM, JC, JS",,
2022,11/20/2021,Magens Bay,C,RHMA ,1072,NF,320,223,6,Alive,Healthy,H,No,No,"AJH, AND",,
2024,7/9/2024,Magens Bay,B,RHMA ,1072,NF,,,7.5,Alive,Healthy,H,No,No,"SM, JC, JS",,
2024,7/9/2024,Magens Bay,B,RHMA ,1072,NF,,,4.2,Alive,Healthy,H,No,No,"LU. SM, AD",,
2022,11/20/2021,Magens Bay,C,RHMA ,1071,NF,296,516,2.7,Alive,Healthy,H,No,No,"AJH, AND",,
2024,7/9/2024,Magens Bay,B,RHMA ,1071,NF,,,2.8,Alive,Healthy,H,No,No,"LU. SM, AD",connected to 1070,
2022,11/20/2021,Magens Bay,C,RHMA ,1070,NF,302,504,3.4,Alive,Healthy,H,No,No,"AJH, AND",,
2024,7/9/2024,Magens Bay,B,RHMA ,1070,NF,,,6.7,Alive,Healthy,H,No,No,"LU. SM, AD",connected to 1071,
2022,11/20/2021,Magens Bay,C,RHMA ,1069,NF,267,438,3,Alive,Healthy,H,No,No,"AJH, AND",,
2024,7/9/2024,Magens Bay,B,RHMA ,1069,NF,,,5.6,Alive,Healthy,H,No,No,"SM, JC, JS",,
2022,11/20/2021,Magens Bay,C,LARA,1068,NF,260,492,3.3,Alive,Unhealthy,U,No,No,"AJH, AND",,Herbivory
2024,7/9/2024,Magens Bay,B,RHMA ,1068,NF,,,5.9,Alive,Healthy,H,No,No,"SM, JC, JS",,
2022,11/20/2021,Magens Bay,C,RHMA ,1067,NF,255,535,3.3,Alive,Healthy,H,No,No,"AJH, AND",,
2024,7/9/2024,Magens Bay,B,RHMA ,1067,NF,,,3.4,Alive,Healthy,H,No,No,"SM, JC, JS",,"connected to 1065, 1066"
2022,11/20/2021,Magens Bay,C,RHMA ,1066,NF,253,552,4.2,Alive,Healthy,H,No,No,"AJH, AND",,
2024,7/9/2024,Magens Bay,B,RHMA ,1066,NF,,,7.4,Alive,Healthy,H,No,No,"SM, JC, JS",,"connected to 1067, 1065"
2022,11/20/2021,Magens Bay,C,RHMA ,1065,NF,254,564,2.5,Alive,Unhealthy,U,Yes,No,"AJH, AND",,
2024,7/9/2024,Magens Bay,B,RHMA ,1065,NF,,,3.6,Alive,Healthy,H,No,No,"SM, JC, JS",,"connected to 1067, 1066"
2022,11/20/2021,Magens Bay,C,RHMA ,1064,NF,238,343,2.7,Alive,Healthy,H,No,No,"AJH, AND",,
2022,11/20/2021,Magens Bay,C,RHMA ,1063,NF,233,490,2.6,Alive,Healthy,H,No,No,"AJH, AND",,
2024,7/9/2024,Magens Bay,B,RHMA ,1063,NF,,,5.2,Alive,Healthy,H,No,No,"SM, JC, JS",,
2022,11/20/2021,Magens Bay,C,RHMA ,1062,NF,165,512,3.1,Alive,Healthy,H,No,No,"AJH, AND",,
2024,7/9/2024,Magens Bay,B,RHMA ,1062,NF,,,5.5,Alive,Healthy,H,No,No,"SM, JC, JS",,
2022,11/20/2021,Magens Bay,C,LARA,1061,NF,164,442,4.2,Alive,Unhealthy,U,No,No,"AJH, AND",,Herbivory
2024,7/9/2024,Magens Bay,B,RHMA ,1061,NF,,,7.2,Alive,Healthy,H,No,No,"JS, JC",connected to 1060,
2022,11/20/2021,Magens Bay,C,LARA,1060,NF,167,471,2.7,Alive,Unhealthy,U,No,No,"AJH, AND",,Herbivory
2024,7/9/2024,Magens Bay,B,RHMA ,1060,NF,,,2.8,Alive,Healthy,H,No,No,"JS, JC",connected to 1061,
2022,11/20/2021,Magens Bay,C,RHMA ,1059,NF,158,554,2.5,Alive,Healthy,H,No,No,"AJH, AND",,
2024,7/9/2024,Magens Bay,B,RHMA ,1059,NF,,,4.6,Alive,Healthy,H,No,No,"JS, JC",,
2022,12/2/2021,Turner Bay,A,LARA,1058,NF,147,394,6,Alive,Healthy,H,No,No,"LP, LU, KH, AJH",,
2024,8/7/2024,Turner Bay,A,LARA,1058,NF,,,2.8,Alive,Healthy,H,No,No,"AND, KH, DG, LU",,
2022,12/2/2021,Turner Bay,A,LARA,1057,NF,150,409,3.2,Alive,Healthy,H,No,No,"LP, LU, KH, AJH",,
2024,8/7/2024,Turner Bay,A,LARA,1057,NF,,,3.5,Alive,Healthy,H,No,No,"AND, KH, DG, LU",,
2022,12/2/2021,Turner Bay,A,LARA,1056,NF,160,402,4.2,Alive,Healthy,H,No,No,"LP, LU, KH, AJH",,
2024,8/7/2024,Turner Bay,A,LARA,1056,NF,,,4.4,Alive,Healthy,H,No,No,"AND, KH, DG, LU",,
2024,8/7/2024,Turner Bay,A,LARA,1055,NF,,,3.6,Alive,Healthy,H,No,No,"AND, KH, DG, LU",,
2022,12/2/2021,Turner Bay,A,LARA,1053,NF,105,400,4.1,Alive,Healthy,H,No,No,"LP, LU, KH, AJH",,
2024,8/7/2024,Turner Bay,A,LARA,1053,NF,,,4.1,Alive,Healthy,H,No,No,"AND, KH, DG, LU",,
2022,12/2/2021,Turner Bay,A,LARA,1052,NF,114,464,3.6,Alive,Unhealthy,U,No,No,"LP, LU, KH, AJH",,
2024,8/7/2024,Turner Bay,A,LARA,1052,NF,,,3.9,Dying,Healthy,H,No,No,"AND, KH, DG, LU",,
2022,12/2/2021,Turner Bay,A,LARA,1051,NF,110,476,3.7,Alive,Healthy,H,No,No,"LP, LU, KH, AJH",,some herb
2024,8/7/2024,Turner Bay,A,LARA,1051,NF,,,4.1,Alive,Healthy,H,No,No,"AND, KH, DG, LU",,
2022,12/2/2021,Turner Bay,A,LARA,1050,NF,102,523,4,Alive,Healthy,H,No,No,"LP, LU, KH, AJH",,
2024,8/7/2024,Turner Bay,A,LARA,1050,NF,,,5.2,Alive,Healthy,H,No,No,"AND, KH, DG, LU",,
2024,8/7/2024,Turner Bay,A,LARA,1048,NF,,,3.8,Alive,Healthy,H,No,No,"AND, KH, DG, LU",,
2022,12/2/2021,Turner Bay,A,LARA,1047,NF,85,487,3.3,Alive,Unhealthy,U,No,No,"LP, LU, KH, AJH",,
2022,12/2/2021,Turner Bay,A,LARA,1046,NF,119,513,3.4,Alive,Unhealthy,U,No,No,"LP, LU, KH, AJH",,
2024,8/7/2024,Turner Bay,A,LARA,1046,,,,3.2,Dying,Healthy,H,No,No,"AND, KH, DG, LU",,
2022,12/2/2021,Turner Bay,A,LARA,1045,NF,113,556,3,Alive,Healthy,H,No,No,"LP, LU, KH, AJH",,some herb
2022,12/2/2021,Turner Bay,A,LARA,1044,NF,128,554,3.9,Alive,Healthy,H,No,No,"LP, LU, KH, AJH",,some herb
2024,8/7/2024,Turner Bay,A,LARA,1044,NF,,,4.3,Alive,Healthy,H,No,No,"AND, KH, DG, LU",,
2024,7/19/2024,Magens Bay,C,RHMA ,1002,,,,3.6,Dead,Dead,D,No,No,"SM, KH, AD",,
2024,7/19/2024,Magens Bay,C,RHMA ,1003,,,,14.1,Dead,Dead,D,No,No,"SM, KH, AD",,
2024,7/19/2024,Magens Bay,C,RHMA ,1004,,,,7.3,Dead,Dead,D,No,No,"SM, KH, AD",,
2024,7/19/2024,Magens Bay,C,RHMA ,1005,,,,,Dead,Dead,D,No,No,"SM, KH, AD",,Removed tag - dead
2022,12/2/2021,Turner Bay,A,LARA,1043,NF,106,432,5.6,Alive,Healthy,H,No,No,"LP, LU, KH, AJH",,
2024,8/7/2024,Turner Bay,A,LARA,1043,NF,,,6.3,Alive,Healthy,H,No,No,"AND, KH, DG, LU",,
2024,7/19/2024,Magens Bay,C,RHMA ,1008,,,,,Dead,Dead,D,No,No,"SM, KH, AD",,Removed
2022,12/2/2021,Turner Bay,A,LARA,1041,NF,126,362,5,Alive,Healthy,H,No,No,"LP, LU, KH, AJH",,deads branches
2024,8/7/2024,Turner Bay,A,LARA,1041,NF,,,6.1,Dying,Healthy,H,No,No,"AND, KH, DG, LU",,
2022,12/2/2021,Turner Bay,A,LARA,1040,NF,153,363,3.9,Alive,Healthy,H,No,No,"LP, LU, KH, AJH",,
2024,7/19/2024,Magens Bay,C,RHMA ,1014,,,,,Dead,Dead,D,No,No,"SM, KH, AD",,Removed tag - dead
2024,8/7/2024,Turner Bay,A,LARA,1040,NF,,,3.1,Alive,Healthy,H,No,No,"AND, KH, DG, LU",,
2024,7/19/2024,Magens Bay,C,RHMA ,1016,,,,7.3,Dead,Dead,D,No,Yes,"SM, KH, AD",,
2022,12/2/2021,Turner Bay,A,LARA,1037,NF,170,163,3.1,Alive,Healthy,H,No,No,"LP, LU, KH, AJH",,
2024,8/7/2024,Turner Bay,A,LARA,1037,NF,,,3.1,Alive,Healthy,H,No,No,"AND, KH, DG, LU",,
2024,7/19/2024,Magens Bay,C,RHMA ,1019,,,,,Dead,Dead,D,No,No,"SM, KH, AD",,Removed tag - dead
2024,7/19/2024,Magens Bay,C,RHMA ,1020,,,,,Dead,Dead,D,No,No,"SM, KH, AD",,
2022,12/2/2021,Turner Bay,A,LARA,1035,NF,159,198,3,Alive,Healthy,H,No,No,"LP, LU, KH, AJH",,
2024,8/7/2024,Turner Bay,A,LARA,1035,NF,,,3.2,Dying,Healthy,H,No,No,"AND, KH, DG, LU",,
2022,12/2/2021,Turner Bay,A,LARA,1034,NF,155,207,4,Alive,Healthy,H,No,No,"LP, LU, KH, AJH",,some dead branches
2024,8/7/2024,Turner Bay,A,LARA,1034,NF,,,2.4,Alive,Healthy,H,No,No,"AND, KH, DG, LU",,
2022,12/2/2021,Turner Bay,A,LARA,1033,NF,130,232,3.4,Alive,Healthy,H,No,No,"LP, LU, KH, AJH",,Herbivory
2024,8/7/2024,Turner Bay,A,LARA,1033,NF,,,6.6,Alive,Healthy,H,No,No,"AND, KH, DG, LU",,
2024,8/7/2024,Turner Bay,A,LARA,1032,NF,,,6.2,Dying,Unhealthy,U,No,No,"AND, KH, DG, LU",,
2022,11/20/2021,Magens Bay,C,RHMA ,1031,NF,189,264,2.6,Alive,Healthy,H,No,No,"AJH, AND",,
2024,7/9/2024,Magens Bay,C,RHMA ,1031,NF,,,3.8,Alive,Healthy,H,No,No,"JS, JC",,
2022,11/20/2021,Magens Bay,C,UNK,1030,NF,147,276,20.4,Alive,Healthy,H,No,No,"AJH, AND",,
2022,11/20/2021,Magens Bay,C,RHMA ,1029,"F, ID",102,161,2.8,Alive,Healthy,H,No,No,"AJH, AND",,
2024,9/18/2024,Reef Bay,B,LARA,1029,NF,,,4.1,Alive,Healthy,H,No,No,,,
2022,11/20/2021,Magens Bay,C,RHMA ,1028,F,98,187,2.7,Alive,Healthy,H,No,No,"AJH, AND",,
2022,11/20/2021,Magens Bay,C,COER,1027,"ID, MD",258,422,2.5,Alive,Unhealthy,U,Yes,No,"AJH, AND",,Herbivory
2024,7/19/2024,Magens Bay,C,RHMA ,1027,IP,,,3.5,Alive,Healthy,H,No,No,"SM, KH, AD",,
2022,11/20/2021,Magens Bay,C,COER,1026,"ID, MD",259,381,3.5,Alive,Unhealthy,U,Yes,No,"AJH, AND",,Herbivory
2024,7/19/2024,Magens Bay,C,RHMA ,1026,NF,,,5.4,Alive,Healthy,H,No,No,"SM, KH, AD",,
2022,11/20/2021,Magens Bay,C,RHMA ,1025,F,289,221,2.7,Alive,Healthy,H,No,No,"AJH, AND",,
2024,7/19/2024,Magens Bay,C,RHMA ,1025,NF,,,4.1,Alive,Healthy,H,No,No,"SM, KH, AD",,
2022,11/20/2021,Magens Bay,C,RHMA ,1024,NF,312,249,2.6,Alive,Healthy,H,No,No,"AJH, AND",,
2022,11/20/2021,Magens Bay,C,RHMA ,1023,NF,333,320,2.7,Alive,Healthy,H,No,No,"AJH, AND",,
2022,11/20/2021,Magens Bay,C,RHMA ,1022,NF,325,258,2.5,Alive,Healthy,H,No,No,"AJH, AND",,
2024,7/19/2024,Magens Bay,C,RHMA ,1022,NF,,,4.9,Alive,Healthy,H,No,No,"SM, KH, AD",,
2022,11/20/2021,Magens Bay,C,RHMA ,1021,NF,300,400,2.5,Alive,Healthy,H,No,No,"AJH, AND",,
2022,11/20/2021,Magens Bay,C,RHMA ,1018,NF,269,398,2.5,Alive,Healthy,H,No,No,"AJH, AND",,
2024,7/19/2024,Magens Bay,C,RHMA ,1018,NF,,,3.6,Alive,Healthy,H,No,No,"SM, KH, AD",,
2022,11/20/2021,Magens Bay,C,LARA,1017,NF,255,475,3,Alive,Unhealthy,U,No,No,"AJH, AND",,Herbivory
2024,7/19/2024,Magens Bay,C,LARA,R1413,,285,5.6,10,Dead,Dead,D,No,Yes,"SM, KH, AD",,
2024,7/19/2024,Magens Bay,C,LARA,1017,IP,,,5.4,Alive,Healthy,H,No,No,"SM, KH, AD",,
2022,11/20/2021,Magens Bay,C,RHMA ,1015,NF,239,387,2.5,Alive,Healthy,H,No,No,"AJH, AND",,
2024,7/19/2024,Magens Bay,C,RHMA ,1015,NF,,,4.6,Alive,Healthy,H,No,No,"SM, KH, AD",,
2022,11/20/2021,Magens Bay,C,RHMA ,1011,F,215,458,2.6,Alive,Healthy,H,No,No,"AJH, AND",,
2024,7/19/2024,Magens Bay,C,RHMA ,1011,NF,,,5.1,Alive,Healthy,H,No,No,"SM, KH, AD",,
2022,11/20/2021,Magens Bay,C,RHMA ,1010,NF,211,469,2.5,Alive,Healthy,H,No,No,"AJH, AND",,
2024,7/19/2024,Magens Bay,C,RHMA ,1010,NF,,,4.3,Alive,Healthy,H,No,No,"SM, KH, AD",,
2022,11/20/2021,Magens Bay,C,RHMA ,1009,NF,219,396,2.8,Alive,Healthy,H,No,No,"AJH, AND",,
2024,7/19/2024,Magens Bay,C,RHMA ,1009,NF,,,5.4,Alive,Healthy,H,No,No,"SM, KH, AD",,
2022,11/20/2021,Magens Bay,C,RHMA ,1007,NF,209,301,2.8,Alive,Healthy,H,No,No,"AJH, AND",,
2024,7/19/2024,Magens Bay,C,RHMA ,1007,NF,,,3.7,Alive,Healthy,H,No,No,"SM, KH, AD",,
2022,11/20/2021,Magens Bay,C,RHMA ,1006,F,218,290,2.5,Alive,Healthy,H,No,No,"AJH, AND",,
2024,7/19/2024,Magens Bay,C,RHMA ,1006,NF,,,3.5,Alive,Healthy,H,No,No,"SM, KH, AD",,
2022,11/20/2021,Magens Bay,C,RHMA ,1002,F,289,107,2.5,Alive,Healthy,H,No,No,"AJH, AND",,
2022,11/20/2021,Magens Bay,C,RHMA ,1001,NF,140,113,2.8,Alive,Healthy,H,No,No,"AJH, AND",,
2024,7/19/2024,Magens Bay,C,RHMA ,1001,NF,,,5.3,Alive,Healthy,H,No,No,"SM, KH, AD",,
2022,10/28/2021,Francis Bay,C,LARA,1000,"F, ID",60,436,3.1,Alive,Unhealthy,U,No,No,"JCC, AJH, AND, VB, Lincoln",,"top is dead, Herbivory"
2022,11/16/2021,Southgate,C,LARA,999,NF,265,528,5.2,Alive,Unhealthy,U,No,Yes,"Caroline, Jen, Allie",,
2024,7/22/2024,Southgate,C,LARA,999,"IP, MP",,,4.9,Alive,Healthy,H,No,No,"AND, JS",,herbivory
2022,11/16/2021,Southgate,C,LARA,998,NF,284,436,3.1,Alive,Unhealthy,U,No,No,"Caroline, Jen, Allie",,
2024,7/22/2024,Southgate,C,LARA,998,"IP, MP",,,3.3,Alive,Healthy,H,No,No,"AND, JS",,herbivory (insect bites on leaves)
2022,11/16/2021,Southgate,C,LARA,997,NF,328,240,3.6,Alive,Healthy,H,No,No,"Caroline, Jen, Allie",,
2024,7/22/2024,Southgate,C,LARA,997,NF,,,2.6,Alive,Healthy,H,No,No,DG,,
2022,11/16/2021,Southgate,C,LARA,996,NF,317,179,3.2,Alive,Healthy,H,No,No,"Caroline, Jen, Allie",,
2024,7/22/2024,Southgate,C,LARA,996,"F, IP, MP",,,3.9,Alive,Healthy,H,No,No,DG,,
2022,11/16/2021,Southgate,B,AVGE,991,NF,152,293,3.1,Alive,Healthy,H,No,No,"Caroline, Jen, Allie",,Herbivory
2024,7/22/2024,Southgate,B,AVGE,991,NF,175,,3.8,Alive,Healthy,H,No,No,"AD, DG, KWG, JS",,
2022,11/16/2021,Southgate,B,AVGE,989,NF,155,252,2.5,Alive,Healthy,H,No,No,"Caroline, Jen, Allie",,Herbivory
2024,7/22/2024,Southgate,B,AVGE,989,F,,,2.7,Alive,Healthy,H,No,No,"AND, JS, DG","R-2689, R-0972, R-0978, R-2650",
2022,11/16/2021,Southgate,B,LARA,987,F,170,299,2.5,Alive,Healthy,H,No,No,"AD, CAROLINE, AJH, KWG",,
2024,7/22/2024,Southgate,B,LARA,987,NF,,,3.3,Alive,Healthy,H,No,No,"DG, KWG, SM",,
2022,11/16/2021,Southgate,B,LARA,986,ID,182,244,3.2,Alive,Healthy,H,No,No,"AD, CAROLINE, AJH, KWG",,
2024,6/7/2024,Mandahl Bay,A,LARA,132,NF,,0,6.9,Dead,Dead,D,No,Yes,"SH, AD","2725, 2726, 2727, 2728, 2729",center tree!
2024,7/22/2024,Southgate,B,LARA,986,"F, IP, MP",,,4.3,Alive,Healthy,H,No,No,"AND, JS, DG",,
2022,11/16/2021,Southgate,B,LARA,985,"F, ID",185,237,2.9,Alive,Healthy,H,No,No,"AD, CAROLINE, AJH, KWG",,bare branches
2024,7/22/2024,Southgate,B,LARA,985,"F, IP, MP",,,3.6,Alive,Healthy,H,No,No,"AND, JS, DG",,
2022,11/16/2021,Southgate,B,LARA,984,NF,210,359,2.5,Alive,Healthy,H,No,No,"AD, CAROLINE, AJH, KWG",,bare branches
2022,11/16/2021,Southgate,B,AVGE,981,"ID, MD",236,543,3.3,Alive,Healthy,H,No,No,"AD, CAROLINE, AJH, KWG",,
2024,7/22/2024,Southgate,B,AVGE,981,F,,,3.6,Alive,Healthy,H,No,No,"AND, JS, DG",,
2022,11/16/2021,Southgate,B,AVGE,980,"ID, MD",244,532,2.6,Alive,Healthy,H,No,No,"AD, CAROLINE, AJH, KWG",,
2024,7/22/2024,Southgate,B,AVGE,980,F,,,3.1,Alive,Healthy,H,No,No,"AND, JS, DG",,
2022,11/16/2021,Southgate,B,AVGE,979,"ID, MD",244,531,3.2,Alive,Healthy,H,No,No,"AD, CAROLINE, AJH, KWG",,"Herbivory, huge clump"
2024,7/22/2024,Southgate,B,AVGE,979,F,,,4,Alive,Healthy,H,No,No,"AND, JS, DG",,
2022,11/16/2021,Southgate,B,LARA,976,NF,281,463,3.3,Alive,Unhealthy,U,No,No,"AD, CAROLINE, AJH, KWG",,
2024,7/22/2024,Southgate,B,LARA,975,"F, IP, MP",,,3.6,Alive,Healthy,H,No,No,"AND, JS, DG",,
2024,7/22/2024,Southgate,B,AVGE,974,F,,,3.1,Alive,Healthy,H,No,No,"AND, JS, DG",,
2022,11/16/2021,Southgate,B,LARA,973,NF,301,557,8.5,Alive,Healthy,H,No,No,"AD, CAROLINE, AJH, KWG",,
2024,7/22/2024,Southgate,B,LARA,973,"F, IP, MP",,,7.1,Alive,Healthy,H,No,No,"AND, JS, DG",,
2022,11/16/2021,Southgate,B,LARA,972,NF,290,527,3,Alive,Healthy,H,No,No,"AD, CAROLINE, AJH, KWG",,
2024,7/22/2024,Southgate,B,LARA,972,"F, IP, MP",,,8.2,Alive,Healthy,H,No,No,"AND, JS, DG",,
2022,11/16/2021,Southgate,B,LARA,971,NF,298,529,3.5,Alive,Healthy,H,No,No,"AD, CAROLINE, AJH, KWG",,
2024,7/22/2024,Southgate,B,LARA,971,"F, IP, MP",,,4.5,Alive,Healthy,H,No,No,"AND, JS, DG",,
2022,11/16/2021,Southgate,B,LARA,970,NF,302,539,3,Alive,Healthy,H,No,No,"AD, CAROLINE, AJH, KWG",,
2024,7/22/2024,Southgate,B,LARA,970,"F, IP, MP",,,4.3,Alive,Healthy,H,No,No,"AND, JS, DG",,
2022,11/16/2021,Southgate,B,LARA,969,ID,301,397,2.6,Alive,Healthy,H,No,No,"AD, CAROLINE, AJH, KWG",,
2022,11/16/2021,Southgate,B,LARA,968,"ID, MD, F",301,366,2.5,Alive,Healthy,H,No,No,"AD, CAROLINE, AJH, KWG",,
2022,11/16/2021,Southgate,B,LARA,967,F,306,387,3.5,Alive,Healthy,H,No,No,"AD, CAROLINE, AJH, KWG",,
2024,7/22/2024,Southgate,B,LARA,967,"F, IP, MP",,,5.5,Alive,Healthy,H,No,No,"AND, JS, DG",,
2022,11/16/2021,Southgate,B,LARA,966,F,307,488,2.7,Alive,Healthy,H,No,No,"AD, CAROLINE, AJH, KWG",,
2024,7/22/2024,Southgate,B,LARA,966,"F, IP, MP",,,4.6,Alive,Healthy,H,No,No,"AND, JS, DG",,
2022,11/16/2021,Southgate,B,LARA,964,NF,309,448,2.5,Alive,Healthy,H,No,No,"AD, CAROLINE, AJH, KWG",,
2024,7/22/2024,Southgate,B,LARA,964,"F, IP, MP",,,4.3,Alive,Healthy,H,No,No,"AND, JS, DG",,
2022,11/16/2021,Southgate,B,LARA,963,NF,343,333,3,Alive,Healthy,H,No,No,"AD, CAROLINE, AJH, KWG",,
2024,7/22/2024,Southgate,B,LARA,963,"F, IP, MP",,,4.8,Alive,Healthy,H,No,No,"AND, JS, DG",,
2022,11/16/2021,Southgate,B,LARA,962,NF,339,475,6.3,Alive,Unhealthy,U,No,Yes,"AD, CAROLINE, AJH, KWG",,
2022,11/16/2021,Southgate,B,LARA,961,NF,345,312,2.5,Alive,Healthy,H,No,No,"AD, CAROLINE, AJH, KWG",,
2024,7/22/2024,Southgate,B,LARA,961,"F, IP, MP",,,4.8,Alive,Healthy,H,No,No,"AND, JS, DG",,
2022,11/16/2021,Southgate,B,LARA,959,NF,8,407,2.8,Alive,Healthy,H,No,No,"AD, CAROLINE, AJH, KWG",,
2024,6/7/2024,Mandahl Bay,A,LARA,2641,NF,1.5,3.98,6.5,Dead,Dead,D,No,Yes,"JC, SH, KR",No,
2022,11/16/2021,Southgate,B,LARA,958,NF,7,471,2.5,Alive,Healthy,H,No,No,"AD, CAROLINE, AJH, KWG",,
2024,7/22/2024,Southgate,B,LARA,958,"F, IP, MP",,,2.5,Alive,Unhealthy,U,No,Yes,"DG, KWG, SM",,
2022,11/16/2021,Southgate,B,LARA,957,"ID, F",33,493,3.2,Alive,Unhealthy,U,No,No,"AD, CAROLINE, AJH, KWG",,tree mostly alive
2022,11/16/2021,Southgate,B,LARA,955,NF,62,563,3.3,Alive,Healthy,H,No,No,"AD, CAROLINE, AJH, KWG",,
2024,7/22/2024,Southgate,B,LARA,955,"IP, MP",85,4.98,4.9,Alive,Healthy,H,No,No,"AD, DG, KWG, JS",,
2024,6/7/2024,Mandahl Bay,A,LARA,2647,NF,10,2.71,9,Dead,Dead,D,No,No,"JC, SH, KR",No,
2022,11/16/2021,Southgate,B,LARA,954,NF,65,526,2.5,Alive,Healthy,H,No,No,"AD, CAROLINE, AJH, KWG",,
2024,7/22/2024,Southgate,B,LARA,954,NF,85,4.98,3.5,Alive,Healthy,H,No,No,"AD, DG, KWG, JS",,
2022,11/16/2021,Southgate,B,LARA,953,NF,62,367,5.2,Alive,Unhealthy,U,No,No,"AD, CAROLINE, AJH, KWG",,large portion dead
2024,6/7/2024,Mandahl Bay,A,LARA,2651,NF,42,5.01,10.5,Dead,Dead,D,No,No,"JC, SH, KR",No,
2024,6/7/2024,Mandahl Bay,A,LARA,2652,NF,24,4.42,7.8,Dead,Dead,D,No,Yes,"JC, SH, KR",No,
2022,11/16/2021,Southgate,B,LARA,952,NF,53,443,2.5,Alive,Healthy,H,No,No,"AD, CAROLINE, AJH, KWG",,
2022,11/16/2021,Southgate,B,LARA,951,F,28,400,2.5,Alive,Healthy,H,No,No,"AD, CAROLINE, AJH, KWG",,
2024,7/22/2024,Southgate,B,LARA,951,"F, IP, MP",,,3.5,Alive,Healthy,H,No,No,"DG, KWG, SM",,
2022,11/16/2021,Southgate,B,LARA,949,MD,349,219,2.5,Alive,Healthy,H,No,No,"AD, CAROLINE, AJH, KWG",,
2024,6/7/2024,Mandahl Bay,A,LARA,2657,NF,15,5.08,8.5,Dead,Dead,D,No,No,"JC, SH, KR",No,
2022,11/16/2021,Southgate,B,LARA,948,NF,353,162,2.5,Alive,Healthy,H,No,No,"AD, CAROLINE, AJH, KWG",,
2024,7/22/2024,Southgate,B,LARA,948,"F, IP, MP",,,3.4,Alive,Healthy,H,No,No,"AND, JS, DG",,
2024,7/22/2024,Southgate,B,LARA,948,,,,,,,,No,No,"AND, JS, DG",,REMOVED
2022,11/16/2021,Southgate,B,LARA,947,NF,1,171,2.5,Alive,Healthy,H,No,No,"AD, CAROLINE, AJH, KWG",,
2024,7/22/2024,Southgate,B,LARA,947,"F, IP, MP",,,3.2,Alive,Healthy,H,No,No,"AND, JS, DG",,
2022,11/16/2021,Southgate,B,LARA,945,ID,62,160,3.1,Alive,Unhealthy,U,No,No,"AD, CAROLINE, AJH, KWG",,main trunk dead
2024,7/22/2024,Southgate,B,LARA,945,"F, IP, MP",,,3.5,Alive,Healthy,H,No,No,"AND, JS, DG",,
2022,11/16/2021,Southgate,B,LARA,944,NF,53,159,3.3,Alive,Unhealthy,U,No,No,"AD, CAROLINE, AJH, KWG",,main trunk dead
2024,7/22/2024,Southgate,B,LARA,944,"F, IP, MP",,,4,Alive,Healthy,H,No,No,"AND, JS, DG",,
2022,11/16/2021,Southgate,B,LARA,943,ID,34,155,2.6,Alive,Unhealthy,U,No,No,"AD, CAROLINE, AJH, KWG",,main trunk dead
2024,6/7/2024,Mandahl Bay,A,LARA,2709,NF,20,3.74,8.8,Dead,Dead,D,No,Yes,"JC, SH, KR","2705, 2711, 2710, 2701, 2707",
2022,11/16/2021,Southgate,B,LARA,942,MD,40,134,3.1,Alive,Unhealthy,U,Yes,No,"AD, CAROLINE, AJH, KWG",,main trunk dead
2024,7/22/2024,Southgate,B,LARA,942,"F, IP, MP",,,4.9,Alive,Healthy,H,No,No,"AND, JS, DG",,
2022,11/16/2021,Southgate,A,AVGE,940,ID,280,419,3.7,Alive,Healthy,H,No,No,"AD, CAROLINE, AJH, KWG",,dead prop on tree
2024,6/7/2024,Mandahl Bay,A,LARA,2713,NF,22,4.14,12.2,Dead,Dead,D,No,No,"JC, SH, KR",No,
2022,11/16/2021,Southgate,A,AVGE,939,NF,285,425,3.2,Alive,Unhealthy,U,No,No,"AD, CAROLINE, AJH, KWG",,trunk scar
2022,11/16/2021,Southgate,A,AVGE,938,NF,286,436,4,Alive,Healthy,H,No,No,"AD, CAROLINE, AJH, KWG",,
2022,11/16/2021,Southgate,A,AVGE,937,NF,288,481,3.5,Alive,Healthy,H,No,No,"AD, CAROLINE, AJH, KWG",,
2022,11/16/2021,Southgate,A,AVGE,936,NF,256,541,3,Alive,Unhealthy,U,No,No,"AD, CAROLINE, AJH, KWG",,"Herbivory, top is dead"
2024,6/7/2024,Mandahl Bay,A,LARA,2718,NF,73,4.02,11.9,Dead,Dead,D,No,Yes,"JC, SH, KR",No,
2024,7/22/2024,Southgate,A,AVGE,934,NF,,,3,Alive,Healthy,H,No,No,"AD, DG, KWG, JS",R-2652,herbivory
2022,11/16/2021,Southgate,A,AVGE,932,ID,266,342,3.1,Alive,Healthy,H,No,No,"AD, CAROLINE, AJH, KWG",,"Herbivory, top is dead, dead prop on tree"
2024,6/7/2024,Mandahl Bay,A,LARA,2721,NF,73,4.91,7.9,Dead,Dead,D,No,No,"JC, SH, KR",No,
2022,11/16/2021,Southgate,A,AVGE,931,NF,245,236,5,Alive,Healthy,H,No,No,"AD, CAROLINE, AJH, KWG",,Herbivory
2024,7/22/2024,Southgate,A,AVGE,931,NF,,,5.3,Alive,Healthy,H,No,No,"AND, JS",,herbivory
2022,11/16/2021,Southgate,A,AVGE,929,NF,244,538,2.8,Alive,Healthy,H,No,No,"AD, CAROLINE, AJH, KWG",,Herbivory
2022,11/16/2021,Southgate,A,AVGE,928,NF,216,473,5.7,Alive,Healthy,H,No,No,"AD, CAROLINE, AJH, KWG",,
2024,7/22/2024,Southgate,A,AVGE,928,NF,,,6.9,Alive,Healthy,H,No,No,"AND, JS",,
2022,11/16/2021,Southgate,A,AVGE,926,NF,213,525,2.9,Alive,Healthy,H,No,No,"AD, CAROLINE, AJH, KWG",,
2024,7/22/2024,Southgate,A,AVGE,926,NF,,,3,Alive,Healthy,H,No,No,"AND, JS",,
2022,11/16/2021,Southgate,A,AVGE,925,NF,209,523,2.8,Alive,Unhealthy,U,No,No,"AD, CAROLINE, AJH, KWG",,"Herbivory, top dead"
2022,11/16/2021,Southgate,A,AVGE,924,NF,206,526,2.8,Alive,Healthy,H,No,No,"AD, CAROLINE, AJH, KWG",,"Herbivory, top dead"
2022,11/16/2021,Southgate,A,AVGE,923,NF,173,494,3.9,Alive,Healthy,H,No,No,"AD, CAROLINE, AJH, KWG",,
2024,7/22/2024,Southgate,A,AVGE,923,NF,,,4.6,Alive,Healthy,H,No,No,"AND, JS",,herbivory
2022,11/16/2021,Southgate,A,AVGE,922,NF,164,552,2.7,Alive,Healthy,H,No,No,"AD, CAROLINE, AJH, KWG",,top dead
2024,6/7/2024,Mandahl Bay,A,THPO,2734,,211,5.05,4.4,Dead,Dead,D,No,No,"SH, AD",,
2022,11/16/2021,Southgate,A,AVGE,921,NF,48,487,2.7,Alive,Healthy,H,No,No,"AD, CAROLINE, AJH, KWG",,Herbivory
2022,11/16/2021,Southgate,A,AVGE,920,NF,146,411,2.6,Alive,Healthy,H,No,No,"AD, CAROLINE, AJH, KWG",,Herbivory
2024,7/22/2024,Southgate,A,AVGE,920,NF,,,3,Alive,Healthy,H,No,No,"AND, JS",,
2022,11/16/2021,Southgate,A,AVGE,919,NF,147,183,3.2,Alive,Healthy,H,No,No,"AD, CAROLINE, AJH, KWG",,"Herbivory, top dead"
2024,7/22/2024,Southgate,A,AVGE,919,NF,,,3.3,Alive,Healthy,H,No,No,"AND, JS",,herbivory
2022,11/16/2021,Southgate,A,AVGE,918,NF,148,245,3.3,Alive,Unhealthy,U,No,No,"AD, CAROLINE, AJH, KWG",,Herbivory
2024,7/22/2024,Southgate,B,LARA,913,"F, IP, MP",,,4.3,Alive,Healthy,H,No,No,"AND, JS, DG",,
2022,11/16/2021,Southgate,B,LARA,912,ID,102,370,7.6,Alive,Healthy,H,No,No,"Caroline, Jen, Allie",,1/2 branches dead
2022,11/16/2021,Southgate,B,LARA,911,F,151,115,3.1,Alive,Healthy,H,No,No,"Caroline, Jen, Allie",,"some Herbivory, wasps!, tag not secure"
2022,11/16/2021,Southgate,B,LARA,907,"ID, MD",126,360,3.2,Alive,Healthy,H,No,No,"Caroline, Jen, Allie",,lower branches dead
2024,7/22/2024,Southgate,B,LARA,907,"IP, MP",146,,4.4,Alive,Healthy,H,No,No,"AD, DG, KWG, JS",,
2022,10/28/2021,Francis Bay,C,LARA,904,NF,187,182,2.6,Alive,Unhealthy,U,No,No,"JCC, AJH, AND, VB, Lincoln",,Herbivory
2024,7/17/2024,Francis Bay,C,LARA,904,NF,,,2.9,Alive,Healthy,H,No,No,"LU, KH, DG",,
2022,10/28/2021,Francis Bay,C,LARA,903,NF,165,198,3.8,Alive,Unhealthy,U,No,No,"JCC, AJH, AND, VB, Lincoln",,Herbivory
2024,7/17/2024,Francis Bay,C,LARA,903,IP,,,2.6,Alive,Healthy,H,No,No,"LU, KH, DG",,
2022,10/28/2021,Francis Bay,C,LARA,902,NF,76,202,2.8,Alive,Unhealthy,U,No,No,"JCC, AJH, AND, VB, Lincoln",,dead @ top
2022,10/28/2021,Francis Bay,C,LARA,901,NF,61,199,7.2,Alive,Unhealthy,U,No,No,"JCC, AJH, AND, VB, Lincoln",,"broken @ trunk, but new shoots, Herbivory"
2022,10/28/2021,Francis Bay,C,LARA,900,NF,101,519,2.8,Alive,Unhealthy,U,No,No,"JCC, AJH, AND, VB, Lincoln",,top is dead
2022,10/28/2021,Francis Bay,C,LARA,898,ID,73,494,2.7,Alive,Healthy,H,No,No,"JCC, AJH, AND, VB, Lincoln",,Herbivory
2022,11/16/2021,Southgate,C,LARA,897,NF,341,300,2.6,Alive,Healthy,H,No,No,"AD, CAROLINE, AJH, KWG",,
2024,7/22/2024,Southgate,C,LARA,897,NF,,,3.2,Alive,Healthy,H,No,No,DG,,
2022,11/16/2021,Southgate,C,LARA,896,NF,337,310,3,Alive,Unhealthy,U,No,No,"AD, CAROLINE, AJH, KWG",,
2024,7/22/2024,Southgate,B,LARA,896,"F, IP, MP",,,4.1,Alive,Healthy,H,No,No,"AND, JS, DG",,
2024,7/22/2024,Southgate,C,LARA,896,NF,,,3.6,Alive,Healthy,H,No,No,DG,,predation
2022,11/16/2021,Southgate,C,LARA,895,NF,347,194,3.5,Alive,Healthy,H,No,No,"AD, CAROLINE, AJH, KWG",,vine around it
2024,7/22/2024,Southgate,C,LARA,895,"F, IP, MP",,,3.6,Alive,Healthy,H,No,No,DG,,
2022,11/16/2021,Southgate,C,LARA,894,NF,343,182,3.5,Alive,Healthy,H,No,No,"AD, CAROLINE, AJH, KWG",,"Herbivory, vine around it"
2024,7/22/2024,Southgate,C,LARA,894,"F, IP, MP",,,3.4,Alive,Healthy,H,No,No,DG,,
2022,11/16/2021,Southgate,C,LARA,893,NF,355,137,3.5,Alive,Healthy,H,No,No,"AD, CAROLINE, AJH, KWG",,
2024,7/22/2024,Southgate,C,LARA,893,"F, IP, MP",,,3.8,Alive,Healthy,H,No,No,DG,,
2022,11/16/2021,Southgate,C,LARA,892,NF,,246,2.5,Alive,Healthy,H,No,No,"AD, CAROLINE, AJH, KWG",,"Herbivory, Azi not noted"
2024,7/22/2024,Southgate,C,LARA,892,NF,,,2.9,Alive,Healthy,H,No,No,DG,,predation
2022,11/16/2021,Southgate,C,LARA,891,NF,85,155,3.4,Alive,Healthy,H,No,No,"AD, CAROLINE, AJH, KWG",,
2024,7/22/2024,Southgate,C,LARA,891,"F, IP, MP",,,4.9,Alive,Healthy,H,No,No,DG,,
2022,11/16/2021,Southgate,C,LARA,890,NF,,163,4,Alive,Healthy,H,No,No,"AD, CAROLINE, AJH, KWG",,Azi not noted
2024,7/22/2024,Southgate,C,LARA,890,"F, IP, MP",,,4,Alive,Healthy,H,No,No,DG,,
2022,11/16/2021,Southgate,C,LARA,889,NF,65,156,5.5,Alive,Unhealthy,U,No,No,"AD, CAROLINE, AJH, KWG",,Herbivory
2024,6/7/2024,Mandahl Bay,B,LARA,2522,,220,4.96,7,Dead,Dead,D,No,Yes,"AD, LU",No,
2024,7/22/2024,Southgate,C,LARA,889,"F, IP, MP",,,6.3,Alive,Healthy,H,No,No,DG,,
2024,7/22/2024,Southgate,C,LARA,889,"F, IP, MP",,,4.2,Alive,Healthy,H,No,No,DG,,
2024,6/7/2024,Mandahl Bay,B,RHMA ,2525,,204,4.79,9.9,Dead,Dead,D,No,Yes,"AD, LU",No,
2024,6/7/2024,Mandahl Bay,B,LARA,2526,,265,2.16,9,Dead,Dead,D,No,Yes,"AD, LU",No,
2022,11/16/2021,Southgate,C,LARA,888,NF,73,144,2.5,Alive,Unhealthy,U,No,No,"AD, CAROLINE, AJH, KWG",,Herbivory
2024,7/22/2024,Southgate,C,LARA,888,NF,,,3,Alive,Healthy,H,No,No,DG,,
2022,11/16/2021,Southgate,C,LARA,887,NF,76,136,3.2,Alive,Unhealthy,U,No,No,"AD, CAROLINE, AJH, KWG",,
2024,6/7/2024,Mandahl Bay,B,LARA,2530,,110,2.5,9.7,Dead,Dead,D,No,Yes,"AD, LU",No,
2024,7/22/2024,Southgate,C,LARA,887,"F, IP, MP",,,4.7,Alive,Healthy,H,No,No,DG,,
2022,11/16/2021,Southgate,C,LARA,886,NF,31,92,10.5,Alive,Healthy,H,No,No,"AD, CAROLINE, AJH, KWG",,
2024,6/7/2024,Mandahl Bay,B,LARA,2533,,97,4.79,5.9,Dead,Dead,D,No,Yes,"AD, LU",No,
2024,7/22/2024,Southgate,C,LARA,886,"F, IP, MP",,,10.3,Alive,Healthy,H,No,No,DG,,
2022,11/16/2021,Southgate,C,LARA,885,NF,32,91,3,Alive,Healthy,H,No,No,"AD, CAROLINE, AJH, KWG",,
2024,7/22/2024,Southgate,C,LARA,885,"F, IP, MP",,,3.1,Alive,Healthy,H,No,No,DG,,
2022,11/16/2021,Southgate,C,LARA,884,NF,43,83,4,Alive,Unhealthy,U,No,No,"AD, CAROLINE, AJH, KWG",,Herbivory
2022,11/16/2021,Southgate,C,LARA,883,NF,75,61,7.1,Alive,Unhealthy,U,No,No,"AD, CAROLINE, AJH, KWG",,"Herbivory, dead branches"
2024,7/22/2024,Southgate,C,LARA,883,"F, IP, MP",,,7.4,Alive,Healthy,H,No,No,"AND, JS",,
2024,7/22/2024,Southgate,C,LARA,882,"F, IP, MP",,,5.2,Alive,Healthy,H,No,No,"AND, JS",,
2022,11/16/2021,Southgate,C,LARA,881,NF,103,147,3.8,Alive,Unhealthy,U,No,No,"AD, CAROLINE, AJH, KWG",,Herbivory
2024,7/22/2024,Southgate,C,LARA,881,"F, IP, MP",,,4.7,Alive,Healthy,H,No,No,"AND, JS",,
2022,11/16/2021,Southgate,C,LARA,880,NF,100,116,4.5,Alive,Unhealthy,U,No,No,"Caroline, Jen, Allie",,Herbivory
2024,7/22/2024,Southgate,C,LARA,880,"F, IP",,,5.1,Alive,Healthy,H,No,No,"AND, JS",,
2022,11/16/2021,Southgate,C,LARA,879,NF,340,11,2.7,Alive,Unhealthy,U,No,No,"AD, CAROLINE, AJH, KWG",,Herbivory
2024,6/7/2024,Mandahl Bay,B,LARA,2546,,28,4.09,2.7,Dead,Dead,D,No,Yes,"LU, AD, DG",2557,
2024,7/22/2024,Southgate,C,LARA,879,"F, IP, MP",,,4.7,Alive,Healthy,H,No,No,DG,,
2022,11/18/2021,Salt River,A,LARA,878,NF,40,245,2.7,Alive,Healthy,H,No,No,"Hilary, HAS, AJH, KWG",,
2024,7/24/2024,Salt River,A,LARA,878,"IP, MP",,,2.7,Alive,Healthy,H,No,No,,,
2022,11/18/2021,Salt River,A,LARA,877,NF,69,271,3.8,Alive,Healthy,H,No,No,"Hilary, HAS, AJH, KWG",,
2024,6/7/2024,Mandahl Bay,B,LARA,2551,,0,2.58,3.9,Dead,Dead,D,No,No,"LU, AD, DG","2555, 2553, 2552, 2556",
2024,7/24/2024,Salt River,A,LARA,877,"IP, MP",,,4.2,Alive,Healthy,H,No,No,AND,,
2022,11/18/2021,Salt River,A,LARA,876,NF,69,329,2.9,Alive,Healthy,H,No,No,"Hilary, HAS, AJH, KWG",,
2022,11/18/2021,Salt River,A,LARA,875,NF,201,239,2.7,Alive,Healthy,H,No,No,"Hilary, HAS, AJH, KWG",,
2024,7/24/2024,Salt River,A,LARA,875,"IP, MP",,,3.3,Alive,Healthy,H,No,No,,,
2022,11/18/2021,Salt River,A,COER,874,ID,308,270,3.1,Alive,Unhealthy,U,No,No,"Hilary, HAS, AJH, KWG",,Herbivory
2022,11/18/2021,Salt River,A,LARA,873,NF,17,263,2.8,Alive,Healthy,H,No,No,"Hilary, HAS, AJH, KWG",,
2024,7/24/2024,Salt River,A,LARA,873,"IP, MP",,,3,Alive,Healthy,H,No,No,"JC, KG, DG, JS",,
2022,11/18/2021,Salt River,A,LARA,872,NF,54,251,2.8,Alive,Healthy,H,No,No,"Hilary, HAS, AJH, KWG",,
2024,7/24/2024,Salt River,A,LARA,872,"IP, MP",,,3.1,Alive,Healthy,H,No,No,,,
2022,11/18/2021,Salt River,A,LARA,871,NF,56,327,2.9,Alive,Healthy,H,No,No,"Hilary, HAS, AJH, KWG",,
2024,7/24/2024,Salt River,A,LARA,871,"IP, MP",,,3.9,Alive,Healthy,H,No,No,,,
2022,11/18/2021,Salt River,A,LARA,870,NF,17,259,3.2,Alive,Healthy,H,No,No,"Hilary, HAS, AJH, KWG",,
2024,7/24/2024,Salt River,A,LARA,870,"IP, MP",,,4,Alive,Healthy,H,No,No,"JC, KG, DG, JS",,
2022,11/18/2021,Salt River,A,LARA,869,NF,24,199,3.7,Alive,Healthy,H,No,No,"Hilary, HAS, AJH, KWG",,
2024,7/24/2024,Salt River,A,LARA,869,"IP, MP",,,4.3,Alive,Healthy,H,No,No,AND,,
2022,11/18/2021,Salt River,A,LARA,868,NF,8,153,2.9,Alive,Unhealthy,U,No,No,"Hilary, HAS, AJH, KWG",,Herbivory
2024,7/24/2024,Salt River,A,LARA,868,"IP, MP",,,3.7,Alive,Healthy,H,No,No,,,
2022,11/18/2021,Salt River,A,LARA,867,NF,57,199,3,Alive,Healthy,H,No,No,"Hilary, HAS, AJH, KWG",,
2024,7/24/2024,Salt River,A,LARA,867,"IP, MP",,,2.8,Alive,Healthy,H,No,No,AND,,
2022,11/18/2021,Salt River,A,LARA,866,NF,48,193,3.4,Alive,Healthy,H,No,No,"Hilary, HAS, AJH, KWG",,
2024,7/24/2024,Salt River,A,LARA,866,"IP, MP",,,3.8,Alive,Healthy,H,No,No,AND,,
2022,11/18/2021,Salt River,A,LARA,865,NF,57,157,3,Alive,Healthy,H,No,No,"Hilary, HAS, AJH, KWG",,
2024,7/24/2024,Salt River,A,LARA,865,"IP, MP",,,3.3,Alive,Healthy,H,No,No,AND,,
2022,11/18/2021,Salt River,A,LARA,864,NF,61,241,2.8,Alive,Healthy,H,No,No,"Hilary, HAS, AJH, KWG",,
2024,7/24/2024,Salt River,A,LARA,864,"IP, MP",,,3,Alive,Healthy,H,No,No,AND,,
2024,6/7/2024,Mandahl Bay,B,LARA,2578,,258,3.95,6,Dead,Dead,D,No,No,"LU, AD, DG",No,
2022,11/16/2021,Southgate,C,LARA,863,NF,315,523,3,Alive,Healthy,H,No,No,"AD, CAROLINE, AJH, KWG",,Herbivory
2024,7/22/2024,Southgate,C,LARA,863,NF,,,3.4,Alive,Healthy,H,No,No,"AND, JS",,
2024,6/7/2024,Mandahl Bay,B,LARA,2581,,225,4.16,5.5,Dead,Dead,D,No,No,"LU, AD, DG","2580, 2582",
2022,11/18/2021,Salt River,A,LARA,862,NF,197,173,2.6,Alive,Healthy,H,No,No,"Hilary, HAS, AJH, KWG",,
2024,7/24/2024,Salt River,A,LARA,862,"IP, MP",,,4.9,Alive,Healthy,H,No,No,,,
2022,11/18/2021,Salt River,A,LARA,861,NF,125,365,2.6,Alive,Healthy,H,No,No,"Hilary, HAS, AJH, KWG",,
2024,7/24/2024,Salt River,A,LARA,861,"IP, MP",,,3.4,Alive,Healthy,H,No,No,,,
2022,11/18/2021,Salt River,A,LARA,860,NF,123,318,2.9,Alive,Healthy,H,No,No,"Hilary, HAS, AJH, KWG",,
2024,7/24/2024,Salt River,A,LARA,860,"IP, MP",,,3,Alive,Healthy,H,No,No,,,
2022,11/18/2021,Salt River,A,LARA,859,NF,125,371,2.7,Alive,Healthy,H,No,No,"Hilary, HAS, AJH, KWG",,
2024,7/24/2024,Salt River,A,LARA,859,"F, IP, MP",,,2.7,Alive,Healthy,H,No,No,,,
2022,11/18/2021,Salt River,A,LARA,858,NF,141,381,3,Alive,Healthy,H,No,No,"Hilary, HAS, AJH, KWG",,
2024,6/7/2024,Mandahl Bay,B,LARA,2591,,220,1.51,11.6,Dead,Dead,D,No,Yes,"LU, AD, DG",No,
2024,7/24/2024,Salt River,A,LARA,858,"F, IP, MP",,,3.1,Alive,Healthy,H,No,No,,,
2024,6/7/2024,Mandahl Bay,B,LARA,2593,,175,1.17,5,Dead,Dead,D,No,No,"LU, AD, DG",No,
2022,11/18/2021,Salt River,A,LARA,857,NF,141,385,3.4,Alive,Healthy,H,No,No,"Hilary, HAS, AJH, KWG",,DBH measured slightly lower because trees were too close to fir around
2024,7/24/2024,Salt River,A,LARA,857,"F, IP, MP",,,3.8,Alive,Healthy,H,No,No,,,
2024,6/7/2024,Mandahl Bay,B,LARA,2660,,125,5.32,11.1,Dead,Dead,D,No,No,"KR, DG",No,
2022,11/18/2021,Salt River,A,LARA,856,NF,136,425,3,Alive,Healthy,H,No,No,"Hilary, HAS, AJH, KWG",,
2022,11/18/2021,Salt River,A,LARA,855,NF,139,558,2.6,Alive,Healthy,H,No,No,"Hilary, HAS, AJH, KWG",,
2024,7/24/2024,Salt River,A,LARA,855,"IP, MP",,,2.9,Alive,Healthy,H,No,No,,,
2022,11/18/2021,Salt River,A,LARA,854,NF,112,396,3.6,Alive,Healthy,H,No,No,"Hilary, HAS, AJH, KWG",,
2024,7/24/2024,Salt River,A,LARA,854,"IP, MP",,,3.4,Alive,Healthy,H,No,No,,,
2022,11/18/2021,Salt River,A,LARA,853,NF,130,419,3.5,Alive,Healthy,H,No,No,"Hilary, HAS, AJH, KWG",,
2024,7/24/2024,Salt River,A,LARA,853,"F, IP, MP",,,3.9,Alive,Healthy,H,No,No,,,
2022,11/18/2021,Salt River,A,LARA,852,NF,126,383,3,Alive,Healthy,H,No,No,"Hilary, HAS, AJH, KWG",,
2024,7/24/2024,Salt River,A,LARA,852,"IP, MP",,,3,Alive,Healthy,H,No,No,,,
2022,11/18/2021,Salt River,A,LARA,851,NF,124,403,3,Alive,Healthy,H,No,No,"Hilary, HAS, AJH, KWG",,
2024,7/24/2024,Salt River,A,LARA,851,"IP, MP",,,3.5,Alive,Healthy,H,No,No,,,
2024,6/7/2024,Mandahl Bay,B,LARA,2673,,153,3.75,8.9,Dead,Dead,D,No,Yes,"KR, DG",No,
2022,11/18/2021,Salt River,A,LARA,850,NF,124,408,3.1,Alive,Healthy,H,No,No,"Hilary, HAS, AJH, KWG",,
2024,7/24/2024,Salt River,A,LARA,850,"IP, MP",,,2.7,Alive,Healthy,H,No,No,,,
2022,11/18/2021,Salt River,A,LARA,849,NF,122,498,5.3,Alive,Healthy,H,No,No,"Hilary, HAS, AJH, KWG",,
2024,7/24/2024,Salt River,A,LARA,849,"IP, MP",,,5.5,Alive,Healthy,H,No,No,,,
2022,11/18/2021,Salt River,A,LARA,848,NF,120,493,4.6,Alive,Healthy,H,No,No,"Hilary, HAS, AJH, KWG",,
2024,7/24/2024,Salt River,A,LARA,848,"IP, MP",,,5.2,Alive,Healthy,H,No,No,,,
2022,11/18/2021,Salt River,A,LARA,847,NF,196,224,3,Alive,Healthy,H,No,No,"Hilary, HAS, AJH, KWG",,
2024,7/24/2024,Salt River,A,LARA,847,"IP, MP",,,2.7,Alive,Healthy,H,No,No,,,
2022,11/18/2021,Salt River,A,LARA,846,NF,98,307,4.9,Alive,Healthy,H,No,No,"Hilary, HAS, AJH, KWG",,
2024,7/24/2024,Salt River,A,LARA,846,"IP, MP",,,5.3,Alive,Healthy,H,No,No,,,
2022,11/18/2021,Salt River,A,LARA,845,NF,105,324,2.8,Alive,Healthy,H,No,No,"Hilary, HAS, AJH, KWG",,
2024,7/24/2024,Salt River,A,LARA,845,"IP, MP",,,3,Alive,Healthy,H,No,No,,,
2022,11/18/2021,Salt River,A,LARA,844,NF,77,307,2.8,Alive,Healthy,H,No,No,"Hilary, HAS, AJH, KWG",,
2024,6/7/2024,Mandahl Bay,B,LARA,2686,,158,4.48,10.4,Dead,Dead,D,No,Yes,"LU, AD, DG","2685, 2689, 2687, 2688",
2024,7/24/2024,Salt River,A,LARA,844,"IP, MP",,,2.6,Alive,Healthy,H,No,No,,,
2024,6/7/2024,Mandahl Bay,B,LARA,2688,,195,4.68,8.6,Dead,Dead,D,No,Yes,"LU, AD, DG","2685, 2686, 2689, 2687",
2022,11/18/2021,Salt River,A,LARA,843,NF,275,99,2.7,Alive,Healthy,H,No,No,"Hilary, HAS, AJH, KWG",,
2024,7/24/2024,Salt River,A,LARA,843,"IP, MP",,,4.3,Alive,Healthy,H,No,No,AND,,
2022,11/18/2021,Salt River,A,LARA,842,NF,258,204,2.8,Alive,Healthy,H,No,No,"Hilary, HAS, AJH, KWG",,
2024,7/24/2024,Salt River,A,LARA,842,"F, IP",,,3.3,Alive,Healthy,H,No,No,AND,,
2022,11/18/2021,Salt River,A,LARA,841,NF,234,270,3.1,Alive,Unhealthy,U,No,No,"Hilary, HAS, AJH, KWG",,Herbivory
2024,7/24/2024,Salt River,A,LARA,841,"IP, MP",,,3.7,Alive,Healthy,H,No,No,,,
2022,11/18/2021,Salt River,A,LARA,840,NF,229,293,2.6,Alive,Healthy,H,No,No,"Hilary, HAS, AJH, KWG",,
2024,7/24/2024,Salt River,A,LARA,840,"IP, MP",,,3,Alive,Healthy,H,No,No,,,
2022,11/18/2021,Salt River,A,LARA,839,NF,151,207,2.7,Alive,Healthy,H,No,No,"Hilary, HAS, AJH, KWG",,some dead branches
2024,7/24/2024,Salt River,A,LARA,839,"IP, MP",,,3.3,Alive,Healthy,H,No,No,,,
2022,11/18/2021,Salt River,A,LARA,838,NF,151,151,3.2,Alive,Healthy,H,No,No,"Hilary, HAS, AJH, KWG",,
2024,7/24/2024,Salt River,A,LARA,838,"IP, MP",,,4.3,Alive,Healthy,H,No,No,,,
2024,6/10/2024,Mandahl Bay,C,LARA,2607,NF,300,2.5,7.3,Dead,Dead,D,No,Yes,"SM, DG, SH",No,
2022,11/18/2021,Salt River,A,LARA,837,NF,150,129,3,Alive,Healthy,H,No,No,"Hilary, HAS, AJH, KWG",,
2024,7/24/2024,Salt River,A,LARA,837,"IP, MP",,,2.8,Alive,Healthy,H,No,No,,,
2022,11/18/2021,Salt River,A,LARA,836,NF,118,142,3,Alive,Unhealthy,U,No,No,"Hilary, HAS, AJH, KWG",,Herbivory
2024,7/24/2024,Salt River,A,LARA,836,"IP, MP",,,3,Alive,Healthy,H,No,No,,,
2022,11/18/2021,Salt River,A,LARA,835,NF,126,241,4.5,Alive,Healthy,H,No,No,"Hilary, HAS, AJH, KWG",,
2024,7/24/2024,Salt River,A,LARA,835,"IP, MP",,,2.5,Alive,Healthy,H,No,No,,,
2022,11/18/2021,Salt River,A,LARA,834,NF,121,359,4.3,Alive,Healthy,H,No,No,"Hilary, HAS, AJH, KWG",,some dead branches
2024,7/24/2024,Salt River,A,LARA,834,"IP, MP",,,3.3,Alive,Healthy,H,No,No,,,
2022,11/18/2021,Salt River,A,LARA,833,NF,119,368,2.8,Alive,Healthy,H,No,No,"Hilary, HAS, AJH, KWG",,
2024,7/24/2024,Salt River,A,LARA,833,"IP, MP",,,2.8,Alive,Healthy,H,No,No,,,
2022,11/18/2021,Salt River,A,LARA,832,NF,129,291,5.1,Alive,Unhealthy,U,No,No,"Hilary, HAS, AJH, KWG",,Herbivory
2024,7/24/2024,Salt River,A,LARA,832,"IP, MP",,,3.1,Alive,Healthy,H,No,No,,,
2024,7/24/2024,Salt River,A,LARA,831,"IP, MP",,,2.8,Alive,Healthy,H,No,No,,,
2022,11/18/2021,Salt River,A,LARA,830,NF,196,143,4.3,Alive,Healthy,H,No,No,"Hilary, HAS, AJH, KWG",,
2024,7/24/2024,Salt River,A,LARA,830,"IP, MP",,,4.4,Alive,Healthy,H,No,No,,,
2022,11/18/2021,Salt River,A,LARA,829,NF,231,115,2.5,Alive,Healthy,H,No,No,"Hilary, HAS, AJH, KWG",,
2024,7/24/2024,Salt River,A,LARA,829,"IP, MP",,,2.8,Alive,Healthy,H,No,No,,,
2022,11/18/2021,Salt River,A,LARA,828,NF,159,282,2.8,Alive,Healthy,H,No,No,"Hilary, HAS, AJH, KWG",,
2024,7/24/2024,Salt River,A,LARA,828,"IP, MP",,,3.8,Alive,Healthy,H,No,No,,,
2022,11/18/2021,Salt River,A,LARA,827,NF,254,321,2.8,Alive,Unhealthy,U,No,No,"Hilary, HAS, AJH, KWG",,Herbivory
2024,7/24/2024,Salt River,A,LARA,827,"F, IP, MP",,,3.3,Alive,Healthy,H,No,No,AND,,
2024,6/10/2024,Mandahl Bay,C,LARA,2774,NF,61,2.25,5.8,Dead,Healthy,H,No,Yes,"SM, DG, SH",No,
2022,11/18/2021,Salt River,A,LARA,826,NF,245,350,2.8,Alive,Healthy,H,No,No,"Hilary, HAS, AJH, KWG",,
2024,7/24/2024,Salt River,A,LARA,826,"IP, MP",,,3.8,Alive,Healthy,H,No,No,,R-0914,
2022,11/18/2021,Salt River,A,LARA,825,NF,214,221,3.2,Alive,Unhealthy,U,No,No,"Hilary, HAS, AJH, KWG",,Herbivory
2024,7/24/2024,Salt River,A,LARA,825,"IP, MP",,,3.5,Alive,Healthy,H,No,No,,,
2022,11/18/2021,Salt River,A,LARA,824,NF,218,148,2.8,Alive,Healthy,H,No,No,"Hilary, HAS, AJH, KWG",,
2024,7/24/2024,Salt River,A,LARA,824,"IP, MP",,,3.1,Alive,Healthy,H,No,No,,,
2022,11/18/2021,Salt River,A,LARA,823,NF,234,255,2.9,Alive,Healthy,H,No,No,"Hilary, HAS, AJH, KWG",,
2024,7/24/2024,Salt River,A,LARA,823,"IP, MP",,,3.5,Alive,Healthy,H,No,No,,"R-0981, R-2492, R-2493",
2022,11/16/2021,Southgate,C,LARA,822,NF,348,333,2.5,Alive,Unhealthy,U,No,No,"AD, CAROLINE, AJH, KWG",,Herbivory
2024,7/22/2024,Southgate,C,LARA,822,NF,,,8.8,Alive,Healthy,H,No,No,DG,,
2022,11/16/2021,Southgate,C,LARA,821,NF,350,206,7.2,Alive,Healthy,H,No,No,"AD, CAROLINE, AJH, KWG",,
2024,7/22/2024,Southgate,C,THPO,821,"F, IP, MP",,,8.6,Alive,Healthy,H,No,No,DG,,
2022,11/16/2021,Southgate,C,LARA,820,NF,14,259,7.8,Alive,Healthy,H,No,No,"AD, CAROLINE, AJH, KWG",,
2024,7/22/2024,Southgate,C,THPO,820,"F, IP, MP",,,8.1,Alive,Healthy,H,No,No,DG,,
2022,11/16/2021,Southgate,C,LARA,819,NF,10,322,10.1,Alive,Healthy,H,No,No,"AD, CAROLINE, AJH, KWG",,
2024,7/22/2024,Southgate,C,THPO,819,"F, IP, MP",,,10.9,Alive,Healthy,H,No,No,DG,,
2022,11/16/2021,Southgate,C,LARA,818,NF,19,345,8.1,Alive,Unhealthy,U,No,No,"AD, CAROLINE, AJH, KWG",,"Herbivory, top dead"
2024,7/22/2024,Southgate,C,LARA,818,"F, IP, MP",,,7.8,Alive,Healthy,H,No,No,DG,,predation
2022,11/16/2021,Southgate,C,LARA,816,NF,3,528,3.3,Alive,Healthy,H,No,No,"AD, CAROLINE, AJH, KWG",,
2024,7/22/2024,Southgate,C,THPO,816,"F, IP, MP",,,6.4,Alive,Healthy,H,No,No,DG,,
2022,11/16/2021,Southgate,C,LARA,815,NF,20,403,3.3,Alive,Healthy,H,No,No,"AD, CAROLINE, AJH, KWG",,
2024,7/22/2024,Southgate,C,LARA,815,"F, IP, MP",,,4.1,Alive,Healthy,H,No,No,DG,,
2022,11/16/2021,Southgate,C,LARA,814,NF,23,418,3.1,Alive,Healthy,H,No,No,"AD, CAROLINE, AJH, KWG",,
2024,7/9/2024,Magens Bay,C,RHMA ,814,NF,160,3.22,3.4,Alive,Healthy,H,No,No,"JS, JC",,
2024,7/22/2024,Southgate,C,LARA,814,"F, IP, MP",,,3.4,Alive,Healthy,H,No,No,DG,,
2022,11/16/2021,Southgate,C,LARA,813,NF,23,336,4.5,Alive,Healthy,H,No,No,"AD, CAROLINE, AJH, KWG",,
2024,7/22/2024,Southgate,C,LARA,813,"F, IP, MP",,,5.3,Alive,Healthy,H,No,No,DG,,predation
2022,11/16/2021,Southgate,C,LARA,812,NF,23,315,5.3,Alive,Healthy,H,No,No,"AD, CAROLINE, AJH, KWG",,
2024,7/22/2024,Southgate,C,LARA,812,"F, IP, MP",,,6.9,Alive,Healthy,H,No,No,DG,,
2024,6/10/2024,Mandahl Bay,C,LARA,2884,NF,91,1.64,6.5,Dead,Dead,D,No,Yes,"SM, DG, SH",114 (center),
2022,11/16/2021,Southgate,C,LARA,811,NF,22,319,4.1,Alive,Healthy,H,No,No,"AD, CAROLINE, AJH, KWG",,
2024,7/22/2024,Southgate,C,LARA,811,"F, IP, MP",,,4.8,Alive,Healthy,H,No,No,DG,,
2024,6/10/2024,Mandahl Bay,C,LARA,2887,NF,179,3.97,4.2,Dead,Dead,D,No,No,"SM, DG, SH",No,
2022,11/16/2021,Southgate,C,LARA,810,NF,20,294,5,Alive,Healthy,H,No,No,"AD, CAROLINE, AJH, KWG",,
2024,7/22/2024,Southgate,C,LARA,810,"F, MP",,,6.6,Alive,Healthy,H,No,No,DG,,
2022,11/16/2021,Southgate,C,LARA,809,NF,83,478,6.9,Alive,Healthy,H,No,No,"AD, CAROLINE, AJH, KWG",,Herbivory
2024,7/22/2024,Southgate,C,LARA,809,"F, MP",,,8,Alive,Healthy,H,No,No,DG,,
2022,11/16/2021,Southgate,C,LARA,808,NF,43,359,7.1,Alive,Healthy,H,No,No,"AD, CAROLINE, AJH, KWG",,top dead
2024,7/22/2024,Southgate,C,LARA,808,"F, MP",,,7,Alive,Healthy,H,No,No,DG,,
2022,11/16/2021,Southgate,C,LARA,807,NF,40,385,3.5,Alive,Unhealthy,U,No,No,"AD, CAROLINE, AJH, KWG",,Herbivory
2024,7/22/2024,Southgate,C,LARA,807,"F, MP",,,3.5,Alive,Healthy,H,No,No,DG,,predation
2022,11/16/2021,Southgate,C,LARA,806,NF,53,404,6.9,Alive,Unhealthy,U,No,No,"AD, CAROLINE, AJH, KWG",,Herbivory
2024,7/22/2024,Southgate,C,LARA,806,"F, MP",,,7.6,Alive,Healthy,H,No,No,DG,,
2022,11/16/2021,Southgate,C,LARA,805,NF,43,477,3.8,Alive,Unhealthy,U,No,No,"AD, CAROLINE, AJH, KWG",,Herbivory
2024,7/22/2024,Southgate,C,LARA,805,"F, IP, MP",,,4.3,Alive,Healthy,H,No,No,DG,,
2022,11/16/2021,Southgate,C,LARA,804,NF,49,475,3.5,Alive,Healthy,H,No,No,"AD, CAROLINE, AJH, KWG",,
2024,7/22/2024,Southgate,C,LARA,804,"F, IP, MP",,,4.3,Alive,Healthy,H,No,No,DG,,
2022,11/16/2021,Southgate,C,LARA,803,NF,115,554,5.8,Alive,Unhealthy,U,No,No,"AD, CAROLINE, AJH, KWG",,Herbivory
2024,7/22/2024,Southgate,C,LARA,803,"F, IP, MP",,,6.7,Alive,Healthy,H,No,No,DG,,
2022,11/16/2021,Southgate,C,LARA,802,NF,93,111,4.7,Alive,Unhealthy,U,No,No,"AD, CAROLINE, AJH, KWG",,Herbivory
2022,11/16/2021,Southgate,C,LARA,802,NF,76,429,6.6,Alive,Unhealthy,U,No,No,"AD, CAROLINE, AJH, KWG",,Herbivory
2024,6/10/2024,Mandahl Bay,C,THPO,2907,,130,3.29,3,Dead,Dead,D,No,No,"AD, JC","2906, 2911",
2024,7/22/2024,Southgate,C,LARA,802,"F, MP",,,7.8,Alive,Healthy,H,No,No,DG,,
2022,11/16/2021,Southgate,C,LARA,801,NF,73,480,3.2,Alive,Unhealthy,U,No,No,"AD, CAROLINE, AJH, KWG",,Herbivory
2024,7/22/2024,Southgate,C,LARA,801,"F, MP",,,4.8,Alive,Healthy,H,No,No,DG,,
2022,10/25/2021,Princess Bay,C,RHMA ,799,NF,133,197,8.1,Alive,Unhealthy,U,No,No,"JCC, LU, AJH, KWG, HS, AND",,mostly dead
2022,11/16/2021,Southgate,C,LARA,798,NF,198,409,5.7,Alive,Unhealthy,U,No,No,"Caroline, Jen, Allie",,
2024,7/22/2024,Southgate,C,LARA,798,NF,,,5.6,Alive,Unhealthy,U,No,No,"AND, JS",,"wilting, no leaves"
2022,11/16/2021,Southgate,C,LARA,797,NF,209,335,7,Alive,Unhealthy,U,No,Yes,"Caroline, Jen, Allie",,Herbivory
2024,6/10/2024,Mandahl Bay,C,LARA,,NF,315,2.06,4,Dead,Dead,D,No,Yes,"SM, DG, SH",No,not tagged
2024,6/10/2024,Mandahl Bay,C,LARA,,NF,292,3.49,14.5,Dead,Dead,D,No,Yes,"SM, DG, SH",No,"not tagged, hollow, lots of termites"
2024,6/10/2024,Mandahl Bay,C,LARA,,NF,245,3.89,9.5,Dead,Dead,D,No,Yes,"SM, DG, SH",No,
2024,8/9/2024,Mary Creek,A,LARA,319,,,,8.3,Dead,Dead,D,No,No,"SM,AD,KR,JH",,
2024,8/9/2024,Mary Creek,A,RHMA ,1879,,,,10.8,Dead,Dead,D,No,No,"SM,AD,KR,JH","187,924,251,880","connected 1879,2425,1880"
2024,8/9/2024,Mary Creek,A,RHMA ,1880,,,,7.4,Dead,Dead,D,No,No,"SM,AD,KR,JH","187,924,251,880","connected 1879,2425,1880"
2024,8/9/2024,Mary Creek,A,LARA,1882,,,,13.4,Dead,Dead,D,No,No,"SM,AD,KR,JH",R1388,connected R1388
2024,8/9/2024,Mary Creek,A,LARA,1886,,,,3.5,Dead,Dead,D,No,Yes,"SM,AD,KR,JH",,
2024,8/9/2024,Mary Creek,A,RHMA ,2030,,,,5.1,Dead,Dead,D,No,No,"SM,AD,KR,JH",,
2024,8/9/2024,Mary Creek,A,RHMA ,2031,,,,5.2,Dead,Dead,D,No,No,"SM,AD,KR,JH",,
2024,8/9/2024,Mary Creek,A,RHMA ,2035,,,,6.5,Dead,Dead,D,No,No,"SM,AD,KR,JH",,
2024,7/22/2024,Southgate,C,LARA,797,NF,,,6.7,Alive,Unhealthy,U,No,No,"AND, JS",,"wilting, herbivory"
2024,8/9/2024,Mary Creek,A,RHMA ,2313,,,,3.7,Dead,Dead,D,No,No,"SM,AD,KR,JH",,
2024,8/9/2024,Mary Creek,A,LARA,2316,,,,2.7,Dead,Dead,D,No,No,"SM,AD,KR,JH",,
2024,8/9/2024,Mary Creek,A,LARA,2318,,,,,Dead,Dead,D,No,No,"SM,AD,KR,JH",,pulled from site
2024,8/9/2024,Mary Creek,A,LARA,,,318,5.43,4.9,Dead,Dead,D,No,No,"SM,AD,KR,JH",,
2024,8/9/2024,Mary Creek,A,LARA,,,5,5.15,3.4,Dead,Dead,D,No,No,"SM,AD,KR,JH",,
2024,8/9/2024,Mary Creek,A,LARA,,,50,5.4,4.9,Dead,Dead,D,No,No,"SM,AD,KR,JH",,
2024,8/9/2024,Mary Creek,A,RHMA ,,,,5.33,6.8,Dead,Dead,D,No,No,"SM,AD,KR,JH",,
2024,8/9/2024,Mary Creek,A,RHMA ,,,,5.08,6.6,Dead,Dead,D,No,No,"SM,AD,KR,JH",,
2024,8/9/2024,Mary Creek,A,LARA,R1388,,220,2.79,9.5,Dead,Dead,D,No,Yes,"SM,AD,KR,JH",1182,connected 1182
2024,8/9/2024,Mary Creek,A,RHMA ,R1618,,210,4.92,3.9,Dead,Dead,D,No,Yes,"SM,AD,KR,JH",,
2024,8/9/2024,Mary Creek,A,RHMA ,R1653,,230,2.65,3.2,Dead,Dead,D,No,No,"SM,AD,KR,JH","R2466,R2430","connected R2466, R2430"
2022,11/16/2021,Southgate,C,LARA,795,NF,267,565,4.6,Alive,Unhealthy,U,No,No,"Caroline, Jen, Allie",,
2024,7/22/2024,Southgate,C,LARA,795,"F, IP",,,5.1,Alive,Healthy,H,No,No,"AND, JS",,herbivory (insect bites on leaves)
2024,8/9/2024,Mary Creek,A,LARA,R1682,,225,2.6,9.6,Dead,Dead,D,No,Yes,"SM,AD,KR,JH",,
2022,11/16/2021,Southgate,B,AVGE,794,"ID, MD",245,548,2.5,Alive,Healthy,H,No,No,"AD, CAROLINE, AJH, KWG",,wasps!
2024,8/9/2024,Mary Creek,A,RHMA ,R2425,,264,2.85,4.4,Dead,Dead,D,No,No,"SM,AD,KR,JH","187,924,251,880","connected 1879,2425,1880"
2022,11/16/2021,Southgate,B,AVGE,769,"ID, MD",234,486,3.1,Alive,Healthy,H,No,No,"AD, CAROLINE, AJH, KWG",,tag not in very far
2024,7/22/2024,Southgate,B,AVGE,769,F,,,3.3,Alive,Healthy,H,No,No,"AND, JS, DG",,predation
2022,11/16/2021,Southgate,B,AVGE,768,"ID, MD",234,502,5.2,Alive,Healthy,H,No,No,"AD, CAROLINE, AJH, KWG",,
2024,8/9/2024,Mary Creek,B,RHMA ,1841,,,,3.9,Dead,Dead,D,No,No,"SM,AD,KR,JH",R2742,connected R2742
2024,8/9/2024,Mary Creek,B,UNK,1843,,,,2.6,Dead,Dead,D,No,Yes,"SM,AD,KR,JH",,
2024,8/9/2024,Mary Creek,B,LARA,1876,,,,3.5,Dead,Dead,D,No,Yes,"SM,AD,KR,JH",,
2024,7/22/2024,Southgate,B,AVGE,768,F,,,7.5,Alive,Healthy,H,No,No,"AND, JS, DG",,predation
2022,11/16/2021,Southgate,C,LARA,766,NF,130,451,3.7,Alive,Unhealthy,U,No,No,"Caroline, Jen, Allie",,Herbivory
2024,7/22/2024,Southgate,C,LARA,766,"IP, MP",,,3.6,Alive,Healthy,H,No,No,"AND, JS",,fallen over; herbivory
2022,11/16/2021,Southgate,C,LARA,765,NF,125,171,8.1,Alive,Unhealthy,U,No,No,"Caroline, Jen, Allie",,Herbivory
2024,8/9/2024,Mary Creek,B,LARA,2337,,,,5.2,Dead,Dead,D,No,No,"SM,AD,KR,JH",,
2024,8/9/2024,Mary Creek,B,THPO,2341,,,,3.3,Dead,Dead,D,No,No,"SM,AD,KR,JH",,
2024,8/9/2024,Mary Creek,B,THPO,2342,,,,3.4,Dead,Dead,D,No,No,"SM,AD,KR,JH",,
2024,8/9/2024,Mary Creek,B,THPO,2343,,,,4.2,Dead,Dead,D,No,No,"SM,AD,KR,JH",,
2024,8/9/2024,Mary Creek,B,THPO,2344,,,,4.7,Dead,Dead,D,No,No,"SM,AD,KR,JH",,
2024,8/9/2024,Mary Creek,B,THPO,2345,,,,3.4,Dead,Dead,D,No,No,"SM,AD,KR,JH",,
2024,8/9/2024,Mary Creek,B,AVGE,2346,,,,4.7,Dead,Dead,D,No,Yes,"SM,AD,KR,JH",,
2024,7/22/2024,Southgate,C,LARA,765,"F, IP, MP",,,8.4,Alive,Healthy,H,No,No,"AND, JS",,
2024,8/9/2024,Mary Creek,B,LARA,2399,,,,,Dead,Dead,D,No,No,"SM,AD,KR,JH",,pulled
2024,8/9/2024,Mary Creek,B,AVGE,2439,,147,5.22,3.1,Dead,Dead,D,No,No,"SM,AD,KR,JH","1634, 1635","connected 1634, 1635"
2022,11/16/2021,Southgate,C,LARA,764,NF,126,326,5.7,Alive,Unhealthy,U,No,No,"Caroline, Jen, Allie",,"Herbivory, top is dead"
2024,8/9/2024,Mary Creek,B,RHMA ,,,340,2.34,3,Dead,Dead,D,No,No,"SM,AD,KR,JH",,
2024,8/9/2024,Mary Creek,B,LARA,,,155,4.97,4.8,Dead,Dead,D,No,Yes,"SM,AD,KR,JH","R2497, 2332","connected R2497,2332"
2024,8/9/2024,Mary Creek,B,LARA,,,,,6,Dead,Dead,D,No,Yes,"SM,AD,KR,JH",,connected to below no tag
2024,8/9/2024,Mary Creek,B,LARA,,,,,4.6,Dead,Dead,D,No,Yes,"SM,AD,KR,JH",,connected to above no tag
2024,7/22/2024,Southgate,C,LARA,764,"F, IP, MP",,,5.9,Alive,Healthy,H,No,No,"AND, JS",,
2024,8/9/2024,Mary Creek,B,AVGE,R1634,,175,4.69,5.2,Dead,Dead,D,No,Yes,"SM,AD,KR,JH","16,352,439","connected 1635,2439"
2024,8/9/2024,Mary Creek,B,AVGE,R1635,,165,4.99,4,Dead,Dead,D,No,Yes,"SM,AD,KR,JH","16,342,439","connected 1634,2439"
2022,11/16/2021,Southgate,C,LARA,763,NF,134,317,3.7,Alive,Unhealthy,U,No,No,"Caroline, Jen, Allie",,Herbivory
2024,8/9/2024,Mary Creek,B,LARA,R2497,,135,4.81,4.8,Dead,Dead,D,No,Yes,"SM,AD,KR,JH",,
2024,7/22/2024,Southgate,C,LARA,763,"F, IP, MP",,,3.6,Alive,Healthy,H,No,No,"AND, JS",,
2024,8/9/2024,Mary Creek,B,RHMA ,R2742,,57,2.46,8.2,Dead,Dead,D,No,No,"SM,AD,KR,JH",1841,connected 1841
2022,11/16/2021,Southgate,C,LARA,762,NF,127,113,3.1,Alive,Unhealthy,U,No,No,"Caroline, Jen, Allie",,Herbivory
2024,8/9/2024,Mary Creek,C,THPO,2169,,,,5,Dead,Dead,D,No,No,"SM,AD,KR,JH",,
2024,8/9/2024,Mary Creek,C,LARA,2170,,,,6.5,Dead,Dead,D,No,Yes,"SM,AD,KR,JH",,
2024,8/9/2024,Mary Creek,C,LARA,2171,,,,5.8,Dead,Dead,D,No,Yes,"SM,AD,KR,JH",,
2024,7/22/2024,Southgate,C,LARA,762,"F, IP, MP",,,3.6,Alive,Healthy,H,No,No,"AND, JS",,
2022,11/16/2021,Southgate,C,LARA,759,NF,168,452,4.1,Alive,Unhealthy,U,No,Yes,"Caroline, Jen, Allie",,"Herbivory, dead @ top"
2022,11/16/2021,Southgate,C,LARA,758,NF,163,464,2.9,Alive,Unhealthy,U,No,No,"Caroline, Jen, Allie",,Herbivory
2024,7/22/2024,Southgate,C,LARA,758,,,,,,,,No,No,"AND, JS",,pulling tag from ground
2022,11/16/2021,Southgate,C,LARA,757,NF,171,443,14.9,Alive,Unhealthy,U,No,No,"Caroline, Jen, Allie",,Herbivory
2024,7/22/2024,Southgate,C,LARA,757,"IP, MP",,,15.7,Alive,Unhealthy,U,No,No,"AND, JS",,"wilting, herbivory"
2024,8/9/2024,Mary Creek,C,THPO,2179,,,,5.4,Dead,Dead,D,No,No,"SM,AD,KR,JH",2169,connected 2169
2022,11/16/2021,Southgate,C,LARA,756,NF,169,458,12.6,Alive,Unhealthy,U,No,No,"Caroline, Jen, Allie",,Herbivory
2024,7/22/2024,Southgate,C,LARA,756,"IP, MP",,,13.4,Alive,Healthy,H,No,No,"AND, JS",,herbivory
2022,11/16/2021,Southgate,C,LARA,755,NF,187,473,17.5,Alive,Unhealthy,U,No,No,"Caroline, Jen, Allie",,Herbivory
2024,7/22/2024,Southgate,C,LARA,755,"IP, MP",,,18.1,Alive,Healthy,H,No,No,"AND, JS",,herbivory
2022,11/16/2021,Southgate,C,LARA,754,NF,180,393,4,Alive,Unhealthy,U,No,No,"Caroline, Jen, Allie",,Herbivory
2024,7/22/2024,Southgate,C,LARA,754,NF,,,3.8,Alive,Unhealthy,U,No,No,"AND, JS",,wilting
2022,11/16/2021,Southgate,C,LARA,753,NF,189,406,3,Alive,Unhealthy,U,No,No,"Caroline, Jen, Allie",,Herbivory
2024,7/22/2024,Southgate,C,LARA,753,NF,,,3,Alive,Unhealthy,U,No,No,"AND, JS",,"wilting, no leaves"
2024,8/9/2024,Mary Creek,C,THPO,2195,,,,5.1,Dead,Dead,D,No,No,"SM,AD,KR,JH",,
2022,11/16/2021,Southgate,C,LARA,752,NF,178,389,3.4,Alive,Unhealthy,U,No,No,"Caroline, Jen, Allie",,Herbivory
2024,8/9/2024,Mary Creek,C,LARA,2321,,,,3.3,Dead,Dead,D,No,Yes,"SM,AD,KR,JH",,
2024,7/22/2024,Southgate,C,LARA,752,NF,,,3.8,,,,No,No,"AND, JS",,herbivory
2022,11/16/2021,Southgate,C,LARA,751,NF,190,363,3.5,Alive,Unhealthy,U,No,No,"Caroline, Jen, Allie",,Herbivory
2024,7/22/2024,Southgate,C,LARA,751,NF,,,3.8,Alive,Healthy,H,No,No,"AND, JS",,herbivory
2022,11/16/2021,Southgate,C,LARA,750,NF,191,362,5.3,Alive,Unhealthy,U,No,No,"Caroline, Jen, Allie",,Herbivory
2024,8/9/2024,Mary Creek,C,THPO,2344,,,,4.7,Dead,Dead,D,No,No,"SM,AD,KR,JH",,
2024,8/9/2024,Mary Creek,C,THPO,2345,,,,4.4,Dead,Dead,D,No,No,"SM,AD,KR,JH",,
2024,8/9/2024,Mary Creek,C,LARA,,,308,4.03,5,Dead,Dead,D,No,Yes,"SM,AD,KR,JH",,
2024,8/9/2024,Mary Creek,C,LARA,,,305,5.22,7.6,Dead,Dead,D,No,No,"SM,AD,KR,JH",,
2024,8/9/2024,Mary Creek,C,THPO,,,270,4.77,3.3,Dead,Dead,D,No,No,"SM,AD,KR,JH",,
2024,8/9/2024,Mary Creek,C,THPO,,,210,5.48,3,Dead,Dead,D,No,No,"SM,AD,KR,JH",,
2024,8/9/2024,Mary Creek,C,THPO,,,227,3.84,3.9,Dead,Dead,D,No,No,"SM,AD,KR,JH",,
2024,8/9/2024,Mary Creek,C,THPO,,,215,3.95,3.4,Dead,Dead,D,No,No,"SM,AD,KR,JH",,
2024,8/9/2024,Mary Creek,C,LARA,,,338,2.95,3.5,Dead,Dead,D,No,Yes,"SM,AD,KR,JH",,
2024,8/9/2024,Mary Creek,C,LARA,,,335,2.95,3,Dead,Dead,D,No,Yes,"SM,AD,KR,JH",2321,connected 2321
2024,8/9/2024,Mary Creek,C,LARA,,,121,4.39,3.7,Dead,Dead,D,No,Yes,"SM,AD,KR,JH",1394,connected 1394
2024,8/9/2024,Mary Creek,C,LARA,,,172,3.61,4,Dead,Dead,D,No,Yes,"SM,AD,KR,JH",2957,connected 2957
2024,8/9/2024,Mary Creek,C,THPO,,,4,5.37,2.9,Dead,Dead,D,No,No,"SM,AD,KR,JH",,
2024,8/9/2024,Mary Creek,C,LARA,R1381,,325,5.24,7,Dead,Dead,D,No,Yes,"SM,AD,KR,JH","R2701,2140","connected R2701,2140"
2024,7/22/2024,Southgate,C,LARA,750,NF,,,5,Alive,Unhealthy,U,No,No,"AND, JS",,wilting
2022,11/16/2021,Southgate,C,LARA,749,NF,187,500,7.7,Alive,Unhealthy,U,No,No,"Caroline, Jen, Allie",,Herbivory
2024,7/22/2024,Southgate,C,LARA,749,"F, IP",,,8.2,Alive,Healthy,H,No,No,"AND, JS",,herbivory
2022,11/16/2021,Southgate,C,LARA,748,NF,195,450,9.4,Alive,Unhealthy,U,No,Yes,"Caroline, Jen, Allie",,lots of Herbivory
2024,7/22/2024,Southgate,C,LARA,748,NF,,,9.5,Alive,Unhealthy,U,No,No,"AND, JS",,"wilting, no leaves"
2022,10/29/2021,Francis Bay,C,LARA,742,NF,242,564,3,Alive,Unhealthy,U,No,No,"HAS, LU, KH",,
2022,10/29/2021,Francis Bay,C,LARA,740,NF,247,550,5.4,Alive,Healthy,H,No,No,"HAS, LU, KH",,
2024,7/17/2024,Francis Bay,C,LARA,740,"F, IP",,,6.4,Alive,Healthy,H,No,No,"HM, SM",,
2022,10/29/2021,Francis Bay,C,LARA,739,NF,284,346,2.6,Alive,Unhealthy,U,No,No,"HAS, LU, KH",,Herbivory
2022,10/29/2021,Francis Bay,C,LARA,738,NF,280,305,2.5,Alive,Healthy,H,No,No,"HAS, LU, KH",,Herbivory
2024,7/17/2024,Francis Bay,C,LARA,738,IP,,,3.1,Alive,Healthy,H,No,No,"LU, KH, DG",,
2024,8/9/2024,Mary Creek,C,LARA,R2701,,310,5.22,6.8,Dead,Dead,D,No,Yes,"SM,AD,KR,JH",,
2022,10/29/2021,Francis Bay,C,LARA,737,NF,45,237,4.9,Alive,Unhealthy,U,No,Yes,"HAS, LU, KH",,
2022,10/29/2021,Francis Bay,C,LARA,736,NF,22,358,4.5,Alive,Healthy,H,No,No,"HAS, LU, KH",,
2024,7/17/2024,Francis Bay,C,LARA,736,"IP, MP",,,5.6,Alive,Healthy,H,No,No,"LU, KH, DG",,
2022,10/29/2021,Francis Bay,C,LARA,735,NF,34,491,5.5,Alive,Healthy,H,No,No,"HAS, LU, KH",,
2022,10/29/2021,Francis Bay,C,LARA,734,NF,27,501,3.3,Alive,Unhealthy,U,No,No,"HAS, LU, KH",,Herbivory
2024,6/12/2024,Perseverance Bay,A,RHMA ,,,360,4.55,9.1,Dead,Dead,D,No,No,,,
2024,7/17/2024,Francis Bay,C,LARA,734,NF,,,3.4,Alive,Healthy,H,No,No,"LU, KH, DG",,
2022,10/29/2021,Francis Bay,C,LARA,732,NF,5,546,4.6,Alive,Healthy,H,No,No,"HAS, LU, KH",,Herbivory
2024,6/12/2024,Perseverance Bay,A,LARA,,,290,4.47,5.3,Dead,Dead,D,No,No,"DG, JC, SM",,
2024,6/12/2024,Perseverance Bay,A,RHMA ,,,340,5.1,7.2,Dead,Dead,D,No,No,"DG, JC, SM",,
2022,10/29/2021,Francis Bay,C,LARA,731,NF,5,520,3,Alive,Unhealthy,U,No,Yes,"HAS, LU, KH",,Herbivory
2022,10/29/2021,Francis Bay,C,LARA,730,NF,12,334,3.1,Alive,Unhealthy,U,No,No,"HAS, LU, KH",,
2024,6/12/2024,Perseverance Bay,A,LARA,,,265,2.81,8,Dead,Dead,D,No,No,"DG, JC, SM",,
2024,6/12/2024,Perseverance Bay,A,LARA,,,275,2.28,3.7,Dead,Dead,D,No,No,"DG, JC, SM",,
2024,6/12/2024,Perseverance Bay,A,LARA,,,280,1.91,4.3,Dead,Dead,D,No,No,"DG, JC, SM",,
2024,6/12/2024,Perseverance Bay,A,LARA,,,305,4.47,6.4,Dead,Dead,D,No,No,"DG, JC, SM",,
2024,7/17/2024,Francis Bay,C,LARA,730,F,,,3.5,Alive,Healthy,H,No,No,"LU, KH, DG",,
2022,10/29/2021,Francis Bay,C,LARA,729,NF,11,264,3.2,Alive,Unhealthy,U,No,No,"HAS, LU, KH",,Dead branches
2024,7/17/2024,Francis Bay,C,LARA,729,NF,,,3.5,Alive,Unhealthy,U,No,No,"LU, KH, DG",,"fallen down, new shoots coming off the side"
2022,10/29/2021,Francis Bay,C,LARA,727,NF,357,548,6.9,Alive,Unhealthy,U,No,Yes,"HAS, LU, KH",,
2022,10/29/2021,Francis Bay,C,LARA,726,NF,357,460,6.6,Alive,Unhealthy,U,No,Yes,"HAS, LU, KH",,Dead branches
2022,10/29/2021,Francis Bay,C,LARA,725,NF,343,429,4.4,Alive,Unhealthy,U,No,Yes,"HAS, LU, KH",,Termite nest
2022,10/29/2021,Francis Bay,C,LARA,724,NF,351,518,4.5,Alive,Healthy,H,No,No,"HAS, LU, KH",,
2022,10/29/2021,Francis Bay,C,LARA,723,NF,351,536,3.9,Alive,Unhealthy,U,No,No,"HAS, LU, KH",,
2024,6/12/2024,Perseverance Bay,A,LARA,,,200,2.66,4.6,Dead,Dead,D,No,No,"DG, JC, SM",,
2024,6/12/2024,Perseverance Bay,A,LARA,,,210,3.37,5,Dead,Dead,D,No,No,"DG, JC, SM",,
2024,6/12/2024,Perseverance Bay,A,LARA,,,315,4.35,5,Dead,Dead,D,No,No,"DG, JC, SM",,
2022,10/29/2021,Francis Bay,C,LARA,721,F,331,445,6.3,Alive,Unhealthy,U,No,Yes,"HAS, LU, KH",,
2024,7/17/2024,Francis Bay,C,LARA,721,"IP, MP",,,6.4,Alive,Healthy,H,No,Yes,"LU, KH, DG",,
2024,6/12/2024,Perseverance Bay,A,LARA,,,240,3.54,5.8,Dead,Dead,D,No,No,"DG, JC, SM",,
2024,6/12/2024,Perseverance Bay,A,LARA,,,245,5.19,5.3,Dead,Dead,D,No,No,"DG, JC, SM",,
2024,6/12/2024,Perseverance Bay,A,LARA,,,225,4.59,4.5,Dead,Dead,D,No,No,"DG, JC, SM",,
2024,6/12/2024,Perseverance Bay,A,LARA,,,70,4.59,9.8,Dead,Dead,D,No,No,"DG, JC, SM",,
2024,6/12/2024,Perseverance Bay,A,RHMA ,,,135,4.06,6,Dead,Dead,D,No,No,"DG, JC, SM",,
2024,6/12/2024,Perseverance Bay,A,RHMA ,,,0,14.7,7.3,Dead,Dead,D,No,No,"DG, JC, SM",,center tree!
2022,10/29/2021,Francis Bay,C,LARA,719,NF,323,428,4.4,Alive,Unhealthy,U,No,Yes,"HAS, LU, KH",,Dead branches
2024,6/12/2024,Perseverance Bay,B,LARA,,,265,1.83,4.8,Dead,Dead,D,No,Yes,"DG, JC, SM",tree 2,
2024,6/12/2024,Perseverance Bay,B,LARA,,,280,1.71,4.1,Dead,Dead,D,No,Yes,"DG, JC, SM",tree 1,
2022,10/29/2021,Francis Bay,C,LARA,718,NF,316,438,3.1,Alive,Unhealthy,U,No,Yes,"HAS, LU, KH",,
2024,7/17/2024,Francis Bay,C,LARA,718,"IP, MP",,,3.3,Alive,Healthy,H,No,Yes,"LU, KH, DG",,
2022,10/29/2021,Francis Bay,C,LARA,717,NF,315,560,2.5,Alive,Healthy,H,No,No,"HAS, LU, KH",,
2022,10/29/2021,Francis Bay,C,LARA,716,"F, ID",309,546,4,Alive,Unhealthy,U,No,Yes,"HAS, LU, KH",,
2024,7/17/2024,Francis Bay,C,LARA,716,"IP, MP",,,4.5,Alive,Healthy,H,No,Yes,"LU, KH, DG",,
2024,6/12/2024,Perseverance Bay,B,LARA,,,95,2.14,6.7,Dead,Dead,D,No,Yes,"DG, JC, SM",,
2022,10/29/2021,Francis Bay,C,LARA,715,NF,306,541,2.8,Alive,Healthy,H,No,No,"HAS, LU, KH",,
2024,7/17/2024,Francis Bay,C,LARA,715,"IP, MP",,,4.7,Alive,Healthy,H,No,Yes,"LU, KH, DG",,
2022,10/29/2021,Francis Bay,C,LARA,712,F,308,176,4.1,Alive,Healthy,H,No,No,"HAS, LU, KH",,
2024,7/17/2024,Francis Bay,C,LARA,712,IP,,,4.4,Alive,Healthy,H,No,No,"LU, KH, DG",,
2022,10/29/2021,Francis Bay,C,LARA,711,NF,300,238,2.6,Alive,Unhealthy,U,No,No,"HAS, LU, KH",,Top dead
2022,10/25/2021,Princess Bay,A,RHMA ,705,F,125,484,4.4,Alive,Healthy,H,No,No,"JCC, LU, AJH, KWG, HS, AND",,
2024,7/18/2024,Princess Bay,A,RHMA ,705,"F, MP",,,5.6,Alive,Healthy,H,No,No,,,
2022,10/28/2021,Francis Bay,C,LARA,699,ID,60,422,2.9,Alive,Unhealthy,U,No,No,"JCC, AJH, AND, VB, Lincoln",,Herbivory
2022,10/28/2021,Francis Bay,C,LARA,698,F,47,395,6.7,Alive,Healthy,H,No,No,"JCC, AJH, AND, VB, Lincoln",,
2024,7/17/2024,Francis Bay,C,LARA,698,"IP, MP",,,7,Alive,Healthy,H,No,No,"LU, KH, DG",,
2022,10/28/2021,Francis Bay,C,LARA,697,NF,48,512,2.5,Alive,Unhealthy,U,No,No,"JCC, AJH, AND, VB, Lincoln",,Herbivory
2024,7/22/2024,Southgate,B,LARA,696,"F, IP, MP",,,3.5,Alive,Healthy,H,No,No,"AND, JS, DG",,
2022,11/16/2021,Southgate,A,AVGE,693,NF,63,504,2.6,Alive,Healthy,H,No,No,"AD, CAROLINE, AJH, KWG",,"Herbivory, holes in bark"
2022,11/16/2021,Southgate,A,AVGE,692,NF,65,266,4.3,Alive,Healthy,H,No,No,"AD, CAROLINE, AJH, KWG",,Herbivory
2024,7/22/2024,Southgate,A,AVGE,692,NF,,,4.5,Alive,Unhealthy,U,No,No,"AND, JS",,MSD
2022,11/16/2021,Southgate,A,AVGE,690,"ID, MD",357,310,4.6,Alive,Healthy,H,No,No,"AD, CAROLINE, AJH, KWG",,Herbivory
2022,11/16/2021,Southgate,A,AVGE,689,"ID, MD, F",12,366,3.9,Alive,Unhealthy,U,No,No,"AD, CAROLINE, AJH, KWG",,"Herbivory, top dead"
2024,7/22/2024,Southgate,A,AVGE,689,NF,,,4.4,Alive,Healthy,H,No,No,"AND, JS, DG",,
2022,11/16/2021,Southgate,A,AVGE,688,NF,73,562,2.6,Alive,Healthy,H,No,No,"AD, CAROLINE, AJH, KWG",,"Herbivory, top dead"
2024,6/12/2024,Perseverance Bay,C,RHMA ,,,182,5.14,6.7,Dead,Dead,D,No,No,"SH, KWG, SM",,trunk snap
2024,7/22/2024,Southgate,A,AVGE,688,NF,,,2.5,Alive,Healthy,H,No,No,"AND, JS",,
2022,11/16/2021,Southgate,B,LARA,687,NF,123,426,2.8,Alive,Healthy,H,No,No,"Caroline, Jen, Allie",,
2024,7/22/2024,Southgate,B,LARA,687,"F, IP, MP",,,4.4,Alive,Healthy,H,No,No,"AND, JS, DG",,
2022,11/16/2021,Southgate,A,AVGE,675,NF,295,400,3.1,Alive,Healthy,H,No,No,"AD, CAROLINE, AJH, KWG",,new leaves
2022,11/16/2021,Southgate,A,AVGE,674,ID,297,415,2.5,Alive,Healthy,H,No,No,"AD, CAROLINE, AJH, KWG",,Herbivory
2022,11/16/2021,Southgate,B,LARA,673,"ID, F",97,430,7.6,Alive,Healthy,H,No,No,"Caroline, Jen, Allie",,some insects
2024,7/22/2024,Southgate,B,LARA,673,"F, IP, MP",,,8.8,Alive,Healthy,H,No,No,"AND, JS, DG",,
2022,11/16/2021,Southgate,B,LARA,672,NF,97,486,3.5,Alive,Healthy,H,No,No,"Caroline, Jen, Allie",,
2024,7/22/2024,Southgate,B,LARA,672,"F, IP, MP",,,3.3,Alive,Unhealthy,U,No,No,"AND, JS, DG",,
2022,11/16/2021,Southgate,B,LARA,670,NF,108,485,3.4,Alive,Healthy,H,No,No,"Caroline, Jen, Allie",,
2024,7/18/2024,Princess Bay,A,RHMA ,364,,,,14.8,Dead,Dead,D,No,No,,,
2024,7/18/2024,Princess Bay,A,RHMA ,365,,,,13.3,Dead,Dead,D,No,Yes,,,termite nest
2024,7/22/2024,Southgate,B,LARA,670,"IP, MP",146,,4.2,Alive,Healthy,H,No,No,"AD, DG, KWG, JS",,
2024,7/18/2024,Princess Bay,A,RHMA ,608,,,,15,Dead,Dead,D,No,No,,,tag removed
2022,11/16/2021,Southgate,B,LARA,669,"ID, MD",127,484,2.5,Alive,Healthy,H,No,No,"Caroline, Jen, Allie",,
2024,7/18/2024,Princess Bay,A,RHMA ,622,,,,17.9,Dead,Dead,D,No,No,,,
2024,7/18/2024,Princess Bay,A,RHMA ,623,,,,9.7,Dead,Dead,D,No,No,,,
2024,7/18/2024,Princess Bay,A,RHMA ,702,,,,,Dead,Dead,D,No,No,,,tag removed
2024,7/18/2024,Princess Bay,A,RHMA ,703,,,,,Dead,Dead,D,No,No,,,"tree fallen, tag removed"
2024,7/22/2024,Southgate,B,LARA,669,"IP, MP",152,,3.6,Alive,Healthy,H,No,No,"AD, DG, KWG, JS",,
2024,7/18/2024,Princess Bay,A,RHMA ,,,,5,4.6,Dead,Dead,D,No,No,,,
2024,7/18/2024,Princess Bay,A,RHMA ,,,,2.78,5.5,Dead,Dead,D,No,No,,"R-779, R-1423, R-1461, R-809, R-1421, R-1214, R-1456",
2022,11/16/2021,Southgate,B,LARA,668,ID,138,462,2.5,Alive,Healthy,H,No,No,"Caroline, Jen, Allie",,Herbivory
2024,7/22/2024,Southgate,B,LARA,668,"IP, MP",152,,3.5,Alive,Healthy,H,No,No,"AD, DG, KWG, JS",,
2022,11/16/2021,Southgate,B,LARA,667,NF,187,470,5.5,Alive,Unhealthy,U,No,Yes,"AD, CAROLINE, AJH, KWG",,mostly dead top
2022,11/16/2021,Southgate,C,LARA,666,NF,79,496,5.1,Alive,Unhealthy,U,No,No,"Caroline, Jen, Allie",,Herbivory
2024,7/18/2024,Princess Bay,A,RHMA ,R1432,,35,4.34,10.8,Dead,Dead,D,No,No,,,
2024,7/18/2024,Princess Bay,A,RHMA ,R1912,,150,5.49,8,Dead,Dead,D,No,Yes,,,
2024,7/22/2024,Southgate,C,LARA,666,"F, IP, MP",,,6,Alive,Healthy,H,No,No,DG,,
2022,11/16/2021,Southgate,C,LARA,665,NF,78,506,2.5,Alive,Unhealthy,U,No,No,"Caroline, Jen, Allie",,Herbivory
2024,7/18/2024,Princess Bay,B,RHMA ,314,,,,6,Dead,Unhealthy,U,No,No,,,
2024,7/18/2024,Princess Bay,B,RHMA ,R0757,,70,3.45,5.7,Dead,Dead,D,No,No,,"R-2826, R-1211",
2024,7/22/2024,Southgate,C,LARA,665,"F, IP, MP",,,4,Alive,Healthy,H,No,No,DG,,
2024,7/18/2024,Princess Bay,B,RHMA ,R1214,,,3.85,15.2,Dead,Dead,D,No,No,,"R-779, R-1423, R-1461, R-809, R-1421, R-1456",
2022,11/16/2021,Southgate,C,LARA,664,NF,77,528,5.8,Alive,Unhealthy,U,No,No,"Caroline, Jen, Allie",,Herbivory
2024,7/22/2024,Southgate,C,LARA,664,"F, IP, MP",,,7.4,Alive,Healthy,H,No,No,DG,,
2024,7/18/2024,Princess Bay,B,RHMA ,R1412,NF,330,4.97,6.8,Dead,Dead,D,No,Yes,,,
2024,7/18/2024,Princess Bay,B,RHMA ,R1421,,,3.85,10,Dead,Dead,D,No,No,,"R-779, R-1423, R-1461, R-809, R-1214, R-1456",
2022,11/16/2021,Southgate,C,LARA,663,NF,75,540,4.3,Alive,Unhealthy,U,No,No,"Caroline, Jen, Allie",,Herbivory
2024,7/22/2024,Southgate,C,LARA,663,"F, IP, MP",,,6.1,Alive,Healthy,H,No,No,DG,,
2024,7/18/2024,Princess Bay,B,RHMA ,R1456,,,3.59,13.2,Dead,Dead,D,No,No,,"R-779, R-1423, R-1461, R-809, R-1421, R-1214",
2024,7/18/2024,Princess Bay,B,RHMA ,R1461,,,3.63,16,Dead,Dead,D,No,No,,"R-779, R-1423, R-809, R-1421, R-1214, R-1456",
2022,11/16/2021,Southgate,C,LARA,662,NF,91,562,4.2,Alive,Unhealthy,U,No,No,"Caroline, Jen, Allie",,Herbivory
2024,7/22/2024,Southgate,C,LARA,662,"F, IP, MP",,,5.1,Alive,Healthy,H,No,No,"AND, JS",,
2022,11/16/2021,Southgate,C,LARA,661,NF,92,533,5.2,Alive,Unhealthy,U,No,No,"Caroline, Jen, Allie",,"Herbivory, trunk scars"
2024,7/22/2024,Southgate,C,LARA,661,NF,,,5.9,Alive,Healthy,H,No,No,"AND, JS",,
2022,11/16/2021,Southgate,C,LARA,660,NF,97,540,5.1,Alive,Unhealthy,U,No,No,"Caroline, Jen, Allie",,Herbivory
2024,7/18/2024,Princess Bay,B,RHMA ,R1923,,,3.15,17.2,Dead,Dead,D,No,No,,"R-779, R-1461, R-809, R-1421, R-1214, R-1456",
2024,7/22/2024,Southgate,C,LARA,660,NF,,,6,Alive,Healthy,H,No,No,"AND, JS",,
2022,11/16/2021,Southgate,C,LARA,659,NF,107,428,2.6,Alive,Unhealthy,U,No,No,"Caroline, Jen, Allie",,Herbivory
2024,7/22/2024,Southgate,C,LARA,659,NF,,,2.8,Alive,Healthy,H,No,No,"AND, JS",,
2022,11/16/2021,Southgate,B,LARA,656,NF,157,565,2.8,Alive,Healthy,H,No,No,"Caroline, Jen, Allie",,Herbivory
2024,7/22/2024,Southgate,B,AVGE,656,"F, IP, MP",,,2.8,Alive,Healthy,H,No,No,"DG, KWG, SM",,
2024,7/18/2024,Princess Bay,B,RHMA ,R0779,,,3.09,13.8,Dead,Dead,D,No,No,,"R-1423, R-1461, R-809, R-1421, R-1214, R-1456",
2024,7/18/2024,Princess Bay,B,RHMA ,R0809,,,3.84,13.6,Dead,Dead,D,No,No,,"R-779, R-1423, R-1461, R-1421, R-1214, R-1456",
2022,11/16/2021,Southgate,B,LARA,655,ID,162,651,2.5,Alive,Healthy,H,No,No,"Caroline, Jen, Allie",,
2022,11/16/2021,Southgate,B,LARA,654,NF,145,423,3.7,Alive,Unhealthy,U,No,No,"Caroline, Jen, Allie",,"tipped over, sprouts"
2024,7/18/2024,Princess Bay,C,RHMA ,617,,,,15.1,Dead,Dead,D,No,No,,,
2022,11/16/2021,Southgate,B,LARA,652,NF,146,320,2.5,Alive,Healthy,H,No,No,"Caroline, Jen, Allie",,lots of Herbivory
2022,11/16/2021,Southgate,B,LARA,651,"ID, F",156,434,2.6,Alive,Healthy,H,No,No,"Caroline, Jen, Allie",,Herbivory
2024,7/22/2024,Southgate,B,LARA,651,"F, IP, MP",,,3.1,Alive,Healthy,H,No,No,"DG, KWG, SM",,
2024,7/18/2024,Princess Bay,C,LARA,629,,,,2.3,Dead,Dead,D,No,No,,,removed tag
2022,11/16/2021,Southgate,B,LARA,650,NF,150,423,3.2,Alive,Healthy,H,No,No,"Caroline, Jen, Allie",,
2024,7/22/2024,Southgate,B,LARA,650,"F, IP, MP",,,4.1,Alive,Healthy,H,No,No,"DG, KWG, SM",,
2024,7/18/2024,Princess Bay,C,RHMA ,633,,,,10.8,Dead,Dead,D,No,No,,,
2024,7/18/2024,Princess Bay,C,RHMA ,,,,5.14,5.5,Dead,Dead,D,No,No,,,
2024,7/22/2024,Southgate,B,LARA,649,"IP, MP",150,,3.4,Alive,Healthy,H,No,No,"AD, DG, KWG, JS",,
2022,11/16/2021,Southgate,B,LARA,648,NF,123,457,4.9,Alive,Healthy,H,No,No,"Caroline, Jen, Allie",,Herbivory
2022,11/16/2021,Southgate,B,LARA,647,ID,120,422,2.8,Alive,Unhealthy,U,No,No,"Caroline, Jen, Allie",,
2024,7/18/2024,Princess Bay,C,RHMA ,R1213,,,3.59,7,Dead,Dead,D,No,No,,,
2024,7/22/2024,Southgate,B,LARA,647,"IP, MP",146,,4.3,Alive,Healthy,H,No,No,"AD, DG, KWG, JS",,
2022,11/16/2021,Southgate,B,LARA,645,F,130,450,2.5,Alive,Healthy,H,No,No,"Caroline, Jen, Allie",,"Herbivory, immature flowers"
2024,7/22/2024,Southgate,B,LARA,644,,,,,,,,,,"AND, JS, DG",,REMOVED
2022,10/28/2021,Francis Bay,C,LARA,642,ID,36,525,6,Alive,Unhealthy,U,No,No,"JCC, AJH, AND, VB, Lincoln",,Herbivory
2022,10/28/2021,Francis Bay,C,LARA,641,"F, ID",38,460,5.8,Alive,Healthy,H,No,No,"JCC, AJH, AND, VB, Lincoln",,
2022,10/28/2021,Francis Bay,C,LARA,640,NF,65,338,4,Alive,Unhealthy,U,No,Yes,"JCC, AJH, AND, VB, Lincoln",,Herbivory
2022,10/28/2021,Francis Bay,C,LARA,639,NF,69,229,5.6,Alive,Unhealthy,U,No,No,"JCC, AJH, AND, VB, Lincoln",,Herbivory
2024,7/17/2024,Francis Bay,C,LARA,639,"F, IP",,,6.8,Alive,Healthy,H,No,No,"HM, SM",,
2022,10/28/2021,Francis Bay,C,LARA,638,"F, ID",92,353,5.4,Alive,Unhealthy,U,No,No,"JCC, AJH, AND, VB, Lincoln",,
2022,10/28/2021,Francis Bay,C,LARA,637,NF,73,156,2.6,Alive,Unhealthy,U,No,No,"JCC, AJH, AND, VB, Lincoln",,Herbivory
2024,7/17/2024,Francis Bay,C,LARA,637,"F, IP",,,3,Alive,Healthy,H,No,No,"HM, SM",,
2022,10/28/2021,Francis Bay,C,LARA,636,NF,69,121,5.4,Alive,Unhealthy,U,No,No,"JCC, AJH, AND, VB, Lincoln",,dead @ top
2024,9/18/2024,Reef Bay,A,LARA,1216,,,,2.6,Dead,Dead,D,No,No,,,
2022,10/28/2021,Francis Bay,C,LARA,635,NF,35,80,2.7,Alive,Unhealthy,U,No,No,"JCC, AJH, AND, VB, Lincoln",,Herbivory
2024,7/17/2024,Francis Bay,C,LARA,635,NF,,,2.9,Alive,Healthy,H,No,No,"LU, KH, DG",,
2022,10/28/2021,Francis Bay,C,LARA,634,NF,27,197,4.9,Alive,Healthy,H,No,No,"JCC, AJH, AND, VB, Lincoln",,
2024,7/17/2024,Francis Bay,C,LARA,634,"IP, MP",,,6.8,Alive,Healthy,H,No,No,"LU, KH, DG",,
2022,10/25/2021,Princess Bay,C,RHMA ,632,"F, ID",280,578,7.7,Alive,Healthy,H,No,No,"JCC, LU, AJH, KWG, HS, AND",,Herbivory
2024,7/17/2024,Francis Bay,C,LARA,632,"F, IP",,,6.1,Alive,Healthy,H,No,No,"HM, SM",,
2024,7/18/2024,Princess Bay,C,RHMA ,632,"F, IP, MP",,,8.3,Alive,Healthy,H,No,No,,,
2022,10/25/2021,Princess Bay,C,RHMA ,631,F,280,587,4.6,Alive,Healthy,H,No,No,"JCC, LU, AJH, KWG, HS, AND",,
2024,7/18/2024,Princess Bay,C,RHMA ,631,"F, IP, MP",,,4.8,Alive,Healthy,H,No,No,,,
2022,10/25/2021,Princess Bay,C,RHMA ,626,NF,32,475,2.5,Alive,Healthy,H,No,No,"JCC, LU, AJH, KWG, HS, AND",,Herbivory
2024,7/18/2024,Princess Bay,C,RHMA ,626,"F, IP, MP",,,3.4,Alive,Healthy,H,No,No,,,
2022,10/25/2021,Princess Bay,C,RHMA ,619,F,90,514,4,Alive,Healthy,H,No,No,"JCC, LU, AJH, KWG, HS, AND",,Herbivory 
2024,7/18/2024,Princess Bay,C,RHMA ,619,"F, IP, MP",,,6.4,Alive,Healthy,H,No,No,,,
2022,10/25/2021,Princess Bay,C,RHMA ,618,F,121,290,2.6,Alive,Healthy,H,No,No,"JCC, LU, AJH, KWG, HS, AND",,"Herbivory, sun damage"
2024,7/18/2024,Princess Bay,C,RHMA ,618,,,,4.2,Alive,Healthy,H,No,No,,,
2022,10/25/2021,Princess Bay,C,RHMA ,616,F,260,396,3.9,Alive,Unhealthy,U,Yes,Yes,"JCC, LU, AJH, KWG, HS, AND",,
2024,7/18/2024,Princess Bay,C,RHMA ,616,"F, IP, MP",,,13.8,Alive,Healthy,H,No,No,,615,
2022,10/25/2021,Princess Bay,C,RHMA ,615,NF,,302,8.4,Alive,Unhealthy,U,No,No,"JCC, LU, AJH, KWG, HS, AND",,
2024,7/18/2024,Princess Bay,C,RHMA ,615,"F, IP, MP",,,8.4,Alive,Healthy,H,No,No,,616,
2022,10/25/2021,Princess Bay,C,RHMA ,614,"F, ID",270,316,14,Alive,Unhealthy,U,No,Yes,"JCC, LU, AJH, KWG, HS, AND",,rotting
2022,10/25/2021,Princess Bay,A,RHMA ,609,NF,272,204,3.3,Alive,Unhealthy,U,Yes,No,"JCC, LU, AJH, KWG, HS, AND",,predation
2024,7/18/2024,Princess Bay,A,RHMA ,609,F,,,4.5,Alive,Healthy,H,No,No,,,
2022,10/28/2021,Francis Bay,C,LARA,604,ID,93,495,5.2,Alive,Unhealthy,U,No,No,"JCC, AJH, AND, VB, Lincoln",,Herbivory
2022,10/28/2021,Francis Bay,C,LARA,603,NF,107,392,2.6,Alive,Unhealthy,U,No,No,"JCC, AJH, AND, VB, Lincoln",,Herbivory
2022,10/28/2021,Francis Bay,C,LARA,602,ID,102,477,3.4,Alive,Unhealthy,U,No,No,"JCC, AJH, AND, VB, Lincoln",,Herbivory
2024,7/17/2024,Francis Bay,C,LARA,602,"F, IP",,,3.8,Alive,Healthy,H,No,No,"HM, SM",,
2022,10/28/2021,Francis Bay,C,LARA,601,NF,85,474,2.7,Alive,Unhealthy,U,No,No,"JCC, AJH, AND, VB, Lincoln",,Herbivory
2024,7/17/2024,Francis Bay,C,LARA,601,"F, IP",,,2.8,Alive,Healthy,H,No,No,"HM, SM",,
2022,10/26/2021,Lameshur Bay,C,AVGE,600,NF,340,559,4.6,Alive,Unhealthy,U,No,No,"KH, LP, AND",,top dead
2024,9/18/2024,Reef Bay,A,LARA,1247,,,,2.8,Dead,Dead,D,No,No,,,
2024,8/6/2024,Lameshur Bay,C,AVGE,600,,,,4.8,Alive,Healthy,H,,,,CONNECTED TO 587,CONNECTED TO 587
2022,10/26/2021,Lameshur Bay,C,RHMA ,599,"ID, F",100,438,2.7,Alive,Healthy,H,No,No,"KH, LP, AND",,
2024,8/6/2024,Lameshur Bay,C,RHMA ,599,"IP, MP",,,3.2,Alive,Healthy,H,,,,,
2022,10/26/2021,Lameshur Bay,C,RHMA ,598,F,350,468,3.5,Alive,Healthy,H,No,No,"KH, LP, AND",,lots of Herbivory
2024,8/6/2024,Lameshur Bay,C,RHMA ,598,"F, IP, MP",,,3.9,Alive,Healthy,H,,,,,
2022,10/26/2021,Lameshur Bay,C,AVGE,597,NF,330,463,3.9,Alive,Unhealthy,U,No,No,"KH, LP, AND",,lots of Herbivory
2024,8/6/2024,Lameshur Bay,C,AVGE,597,,,,3.7,Alive,Healthy,H,,,,,
2022,10/26/2021,Lameshur Bay,C,AVGE,596,NF,344,518,3.3,Alive,Unhealthy,U,No,No,"KH, LP, AND",,lots of Herbivory
2024,8/6/2024,Lameshur Bay,C,AVGE,596,,,,3.5,Alive,Healthy,H,,,,,
2022,10/26/2021,Lameshur Bay,C,AVGE,595,NF,260,381,4.4,Alive,Unhealthy,U,No,No,"KH, LP, AND",,top is dead
2022,10/26/2021,Lameshur Bay,C,RHMA ,594,F,345,359,2.6,Alive,Healthy,H,No,No,"KH, LP, AND",,lots of Herbivory
2024,8/6/2024,Lameshur Bay,C,RHMA ,594,F,,,4.7,Alive,Healthy,H,,,,,
2022,10/26/2021,Lameshur Bay,C,AVGE,593,NF,335,553,5.9,Alive,Unhealthy,U,No,No,"KH, LP, AND",,"a lot of trunk sprouts, top of tree dead, lots of Herbivory"
2024,8/6/2024,Lameshur Bay,C,AVGE,593,,,,6.2,Alive,Healthy,H,,,,,
2022,10/26/2021,Lameshur Bay,C,RHMA ,592,F,90,481,4.3,Alive,Healthy,H,No,No,"KH, LP, AND",,
2024,8/6/2024,Lameshur Bay,C,RHMA ,592,"IP, MP",,,5.3,Alive,Healthy,H,,,,,
2022,10/26/2021,Lameshur Bay,C,RHMA ,591,"F, ID, MP",95,533,3.7,Alive,Healthy,H,No,No,"KH, LP, AND",,
2024,8/6/2024,Lameshur Bay,C,RHMA ,591,"IP, MP",,,4.5,Alive,Healthy,H,,,,,
2022,10/26/2021,Lameshur Bay,C,RHMA ,590,F,75,549,4.6,Alive,Healthy,H,No,No,"KH, LP, AND",,
2024,8/6/2024,Lameshur Bay,C,RHMA ,590,"IP, MP",,,5.3,Alive,Healthy,H,,,,,
2022,10/26/2021,Lameshur Bay,C,AVGE,589,NF,335,485,3.6,Alive,Unhealthy,U,No,No,"KH, LP, AND",,top is dead
2022,10/26/2021,Lameshur Bay,C,AVGE,588,NF,330,466,2.7,Alive,Unhealthy,U,No,No,"KH, LP, AND",,lots of Herbivory
2024,8/6/2024,Lameshur Bay,C,AVGE,588,,,,2.9,Alive,Healthy,H,,,,,
2022,10/26/2021,Lameshur Bay,C,AVGE,587,NF,345,531,3.5,Alive,Unhealthy,U,No,No,"KH, LP, AND",,lots of Herbivory
2022,10/26/2021,Lameshur Bay,C,AVGE,586,NF,165,483,3.6,Alive,Unhealthy,U,No,No,"KH, LP, AND",,lots of Herbivory
2022,10/26/2021,Lameshur Bay,C,AVGE,585,NF,200,443,7.9,Alive,Unhealthy,U,No,No,"KH, LP, AND",,lots of Herbivory
2024,9/18/2024,Reef Bay,A,LARA,1275,,,,2.7,Dead,Dead,D,No,No,,,
2024,8/6/2024,Lameshur Bay,C,AVGE,585,,,,8.5,Alive,Healthy,H,,,,,
2022,10/26/2021,Lameshur Bay,C,AVGE,584,NF,195,351,4.2,Alive,Unhealthy,U,No,No,"KH, LP, AND",,lots of Herbivory
2024,8/6/2024,Lameshur Bay,C,AVGE,584,,,,5.2,Alive,Healthy,H,,,,CONNECTED TO 585,CONNECTED TO 585
2022,10/26/2021,Lameshur Bay,C,AVGE,583,NF,188,454,5.4,Alive,Unhealthy,U,No,No,"KH, LP, AND",,lots of Herbivory
2024,9/18/2024,Reef Bay,A,LARA,1280,,,,8.5,Dead,Dead,D,No,No,,,
2022,10/26/2021,Lameshur Bay,C,AVGE,582,NF,150,467,3.1,Alive,Unhealthy,U,No,No,"KH, LP, AND",,lots of Herbivory
2022,10/26/2021,Lameshur Bay,C,RHMA ,581,F,3,479,4.3,Alive,Healthy,H,No,No,"KH, LP, AND",,lots of Herbivory
2024,8/6/2024,Lameshur Bay,C,RHMA ,581,"F, IP, MP",,,5.9,Alive,Healthy,H,,,,,
2022,10/26/2021,Lameshur Bay,C,AVGE,580,NF,120,201,2.5,Alive,Unhealthy,U,No,No,"KH, LP, AND",,lots of Herbivory
2024,8/6/2024,Lameshur Bay,C,AVGE,580,,,,2.9,Alive,Healthy,H,,,,,Herbivory
2022,10/28/2021,Francis Bay,C,LARA,579,"F, ID",228,413,5.7,Alive,Healthy,H,No,No,"LU, HAS, KWG",,
2024,7/17/2024,Francis Bay,C,LARA,579,"F, IP",,,6.7,Alive,Healthy,H,No,No,"HM, SM",,
2022,10/28/2021,Francis Bay,C,LARA,577,NF,223,500,4.9,Alive,Healthy,H,No,No,"LU, HAS, KWG",,1 dead branch
2022,10/28/2021,Francis Bay,C,LARA,575,NF,,483,4.3,Alive,Healthy,H,No,No,"LU, HAS, KWG",,
2024,7/17/2024,Francis Bay,C,LARA,575,IP,,,4.7,Alive,Healthy,H,No,No,"HM, SM",,
2022,10/28/2021,Francis Bay,C,LARA,574,NF,215,455,4.7,Alive,Healthy,H,No,No,"LU, HAS, KWG",,
2024,9/18/2024,Reef Bay,A,LARA,1293,,,,4.2,Dead,Dead,D,No,No,,,
2024,9/18/2024,Reef Bay,A,LARA,1296,,,,2.7,Dead,Dead,D,No,No,,,
2024,7/17/2024,Francis Bay,C,LARA,574,IP,,,4.8,Alive,Healthy,H,No,No,"HM, SM",,
2022,10/28/2021,Francis Bay,C,LARA,573,NF,211,461,6.4,Alive,Healthy,H,No,No,"LU, HAS, KWG",,
2022,10/28/2021,Francis Bay,C,LARA,572,NF,212,263,3.3,Alive,Unhealthy,U,No,No,"LU, HAS, KWG",,top dead
2024,9/18/2024,Reef Bay,A,LARA,1301,,,,15.5,Dead,Dead,D,No,No,"KR,SH",,
2022,10/28/2021,Francis Bay,C,LARA,568,NF,200,243,6.7,Alive,Healthy,H,No,No,"LU, HAS, KWG",,
2024,9/18/2024,Reef Bay,A,LARA,1302,,,,3.2,Dead,Dead,D,No,No,,,fell
2024,9/18/2024,Reef Bay,A,LARA,1303,,,,4.2,Dead,Dead,D,No,No,,,fell
2024,7/17/2024,Francis Bay,C,LARA,568,IP,,,6.5,Alive,Healthy,H,No,No,"LU, KH, DG",,
2024,9/18/2024,Reef Bay,A,LARA,1307,,,,2.7,Dead,Dead,D,No,No,,,fell
2022,10/28/2021,Francis Bay,C,LARA,566,NF,224,120,6.5,Alive,Healthy,H,No,No,"LU, HAS, KWG",,
2024,7/17/2024,Francis Bay,C,LARA,566,IP,,,5.9,Alive,Unhealthy,U,No,No,"LU, KH, DG",,"dying, disease on leaves"
2024,9/18/2024,Reef Bay,A,LARA,1313,,,,5,Dead,Dead,D,No,No,,,fell
2024,9/18/2024,Reef Bay,A,LARA,1314,,,,2.8,Dead,Dead,D,No,No,,,fell
2024,7/17/2024,Francis Bay,C,LARA,565,NF,,,3.6,Alive,Unhealthy,U,No,No,"LU, KH, DG",,dying
2024,9/18/2024,Reef Bay,A,LARA,1316,,,,4.3,Dead,Dead,D,No,No,,,tag pulled
2024,9/18/2024,Reef Bay,A,LARA,1317,,,,3,Dead,Dead,D,No,Yes,,,
2024,9/18/2024,Reef Bay,A,LARA,1318,,,,2.5,Dead,Dead,D,No,Yes,,,tag pulled
2024,7/17/2024,Francis Bay,C,LARA,564,NF,,,3.1,Alive,Unhealthy,U,No,No,"LU, KH, DG",,dying
2024,9/18/2024,Reef Bay,A,LARA,1320,,,,7.6,Dead,Dead,D,No,No,,,
2024,9/18/2024,Reef Bay,A,LARA,1321,,,,3.5,Dead,Dead,D,No,No,,,
2024,9/18/2024,Reef Bay,A,LARA,1322,,,,3.4,Dead,Dead,D,No,Yes,,,
2024,9/18/2024,Reef Bay,A,LARA,1325,,,,3.6,Dead,Dead,D,No,Yes,,,
2024,9/18/2024,Reef Bay,A,LARA,1326,,,,3.5,Dead,Dead,D,No,No,,,
2024,9/18/2024,Reef Bay,A,LARA,1327,,,,3.1,Dead,Dead,D,No,No,,,
2024,9/18/2024,Reef Bay,A,LARA,1328,,,,2.8,Dead,Dead,D,No,Yes,,,
2024,9/18/2024,Reef Bay,A,LARA,1329,,,,3.5,Dead,Dead,D,No,Yes,,,
2024,9/18/2024,Reef Bay,A,LARA,1330,,,,5.3,Dead,Dead,D,No,Yes,,,
2024,9/18/2024,Reef Bay,A,LARA,1331,,,,4.9,Dead,Dead,D,No,Yes,,,
2024,9/18/2024,Reef Bay,A,LARA,1332,,,,3.5,Dead,Dead,D,No,Yes,,,
2024,9/18/2024,Reef Bay,A,LARA,1333,,,,2.9,Dead,Dead,D,No,No,,,
2022,10/26/2021,Lameshur Bay,C,AVGE,559,NF,70,295,3,Alive,Unhealthy,U,No,No,"KH, LP, AND",,lots of Herbivory
2024,8/6/2024,Lameshur Bay,C,AVGE,559,,,,3.5,Alive,Healthy,H,,,,CONNECTED TO 559,"PREDATION, CONNECTED TO 559"
2024,9/18/2024,Reef Bay,A,LARA,1336,,,,3.3,Dead,Dead,D,No,No,,, tag pulled
2022,10/26/2021,Lameshur Bay,C,AVGE,558,NF,65,243,2.9,Alive,Unhealthy,U,No,No,"KH, LP, AND",,lots of Herbivory
2024,9/18/2024,Reef Bay,A,LARA,1338,D,,,7.8,Dead,Dead,D,No,No,,,
2024,9/18/2024,Reef Bay,A,LARA,1339,D,,,3.6,Dead,Dead,D,No,No,,,
2024,9/18/2024,Reef Bay,A,LARA,1340,D,,,4.7,Dead,Dead,D,No,No,,,
2024,8/6/2024,Lameshur Bay,C,AVGE,558,,,,3,Alive,Healthy,H,,,,CONNECTED TO 559,"PREDATION, CONNECTED TO 559"
2022,10/26/2021,Lameshur Bay,C,AVGE,557,NF,170,543,4.6,Alive,Unhealthy,U,No,No,"KH, LP, AND",,lots of Herbivory
2022,10/26/2021,Lameshur Bay,C,AVGE,556,NF,310,399,3.1,Alive,Unhealthy,U,No,No,"KH, LP, AND",,lots of Herbivory
2024,8/6/2024,Lameshur Bay,C,AVGE,556,,,,3.2,Alive,Healthy,H,,,,,
2022,10/26/2021,Lameshur Bay,C,RHMA ,555,F,355,491,3.1,Alive,Healthy,H,No,No,"KH, LP, AND",,lots of Herbivory
2024,9/18/2024,Reef Bay,A,LARA,1346,,,,4.6,Dead,Dead,D,No,No,,,
2024,9/18/2024,Reef Bay,A,LARA,1347,,,,2.8,Dead,Dead,D,No,No,,,
2024,8/6/2024,Lameshur Bay,C,RHMA ,555,"F, IP, MP",,,6.9,Alive,Healthy,H,,,,,
2022,10/26/2021,Lameshur Bay,C,AVGE,554,NF,340,423,2.9,Alive,Unhealthy,U,No,No,"KH, LP, AND",,lots of Herbivory
2022,10/26/2021,Lameshur Bay,C,AVGE,553,NF,240,521,5.1,Alive,Unhealthy,U,No,No,"KH, LP, AND",,top is dead
2022,10/26/2021,Lameshur Bay,A,AVGE,551,NF,356,279,4.8,Alive,Unhealthy,U,No,No,"KH, LP, AND",,
2024,9/18/2024,Reef Bay,A,LARA,1352,,,,3.4,Dead,Dead,D,No,No,,,
2024,9/18/2024,Reef Bay,A,LARA,1353,,,,3.3,Dead,Dead,D,No,No,,,
2022,10/26/2021,Lameshur Bay,A,AVGE,550,NF,339,248,3.7,Alive,Unhealthy,U,No,No,"KH, LP, AND",,
2024,9/18/2024,Reef Bay,A,LARA,1355,,,,3.2,Dead,Dead,D,No,No,,,
2022,10/26/2021,Lameshur Bay,C,RHMA ,548,"F, ID, MD",105,434,4.2,Alive,Healthy,H,No,No,"KH, LP, AND",,
2024,8/6/2024,Lameshur Bay,C,RHMA ,548,"IP, MP",,,5.9,Alive,Healthy,H,,,,CONNECTED TO 599,CONNECTED TO 599
2024,9/18/2024,Reef Bay,A,LARA,1358,,,,3.3,Dead,Dead,D,No,No,,,
2022,10/26/2021,Lameshur Bay,C,RHMA ,547,F,70,500,4.2,Alive,Healthy,H,No,No,"KH, LP, AND",,
2022,10/26/2021,Lameshur Bay,A,AVGE,546,"ID, MP",110,553,3.2,Alive,Unhealthy,U,No,No,"KH, LP, AND",,top is dead
2024,9/18/2024,Reef Bay,A,LARA,1362,,,,3.9,Dead,Dead,D,No,No,,,
2024,9/18/2024,Reef Bay,A,LARA,1363,,,,2.5,Dead,Dead,D,No,No,,,
2022,10/26/2021,Lameshur Bay,A,AVGE,543,F,18,436,2.9,Alive,Unhealthy,U,No,No,"KH, LP, AND",,
2022,10/26/2021,Lameshur Bay,A,AVGE,542,NF,15,409,3.1,Alive,Unhealthy,U,No,No,"KH, LP, AND",,most of tree is dead
2024,7/17/2024,Francis Bay,C,LARA,540,"F, IP",,,4.8,Alive,Healthy,H,No,No,"HM, SM",,
2022,10/26/2021,Lameshur Bay,A,AVGE,539,NF,325,501,4.3,Alive,Unhealthy,U,No,No,"KH, LP, AND",,most of tree is dead
2022,10/26/2021,Lameshur Bay,A,AVGE,538,NF,325,473,4,Alive,Unhealthy,U,No,No,"KH, LP, AND",,top is dead
2024,8/6/2024,Lameshur Bay,A,AVGE,538,NF,,,4.1,Alive,Healthy,H,,,,,
2022,10/26/2021,Lameshur Bay,A,AVGE,537,NF,320,330,4.4,Alive,Unhealthy,U,No,No,"KH, LP, AND",,
2022,10/26/2021,Lameshur Bay,A,AVGE,536,NF,303,565,5.1,Alive,Unhealthy,U,No,No,"KH, LP, AND",,
2024,8/6/2024,Lameshur Bay,A,AVGE,536,NF,,,5.1,Alive,Healthy,H,,,,,
2022,10/26/2021,Lameshur Bay,A,AVGE,535,NF,304,551,3.7,Alive,Unhealthy,U,No,No,"KH, LP, AND",,
2024,8/6/2024,Lameshur Bay,A,AVGE,535,NF,,,3.7,Alive,Healthy,H,,,,,
2022,10/26/2021,Lameshur Bay,A,AVGE,534,"ID, MD",186,430,2.5,Alive,Unhealthy,U,No,No,"KH, LP, AND",,
2022,10/26/2021,Lameshur Bay,A,AVGE,533,NF,164,373,4.7,Alive,Unhealthy,U,No,No,"KH, LP, AND",,
2022,10/26/2021,Lameshur Bay,A,AVGE,532,NF,275,467,3.3,Alive,Unhealthy,U,No,No,"KH, LP, AND",,
2024,8/6/2024,Lameshur Bay,A,AVGE,532,NF,,,3.3,Alive,Unhealthy,U,,,,,UNHEALTHY
2022,10/26/2021,Lameshur Bay,A,AVGE,531,NF,278,435,2.5,Alive,Unhealthy,U,No,No,"KH, LP, AND",,top is dead
2024,9/18/2024,Reef Bay,A,LARA,1384,,,,2.5,Dead,Dead,D,No,No,,,
2024,8/6/2024,Lameshur Bay,A,AVGE,531,NF,,,2.7,Alive,Unhealthy,U,,,,,UNHEALTHY/DYING
2022,10/26/2021,Lameshur Bay,A,AVGE,530,NF,258,337,2.8,Alive,Unhealthy,U,No,No,"KH, LP, AND",,
2022,10/26/2021,Lameshur Bay,A,AVGE,529,"ID, MD",183,512,2.6,Alive,Unhealthy,U,No,No,"KH, LP, AND",,
2022,10/26/2021,Lameshur Bay,A,AVGE,528,NF,176,413,4.7,Alive,Unhealthy,U,No,No,"KH, LP, AND",,
2022,10/26/2021,Lameshur Bay,A,AVGE,527,NF,168,409,3.4,Alive,Unhealthy,U,No,No,"KH, LP, AND",,snail
2022,10/26/2021,Lameshur Bay,A,AVGE,526,NF,234,209,4.8,Alive,Unhealthy,U,No,No,"KH, LP, AND",,
2022,10/26/2021,Lameshur Bay,A,AVGE,525,NF,236,204,2.8,Alive,Unhealthy,U,No,No,"KH, LP, AND",,
2022,10/26/2021,Lameshur Bay,A,AVGE,523,NF,143,303,4.1,Alive,Unhealthy,U,No,No,"KH, LP, AND",,
2022,10/26/2021,Lameshur Bay,A,AVGE,522,NF,140,334,3.8,Alive,Unhealthy,U,No,No,"KH, LP, AND",,
2022,10/26/2021,Lameshur Bay,A,AVGE,520,NF,84,138,3.9,Alive,Unhealthy,U,No,No,"KH, LP, AND",,
2022,10/26/2021,Lameshur Bay,B,AVGE,519,NF,124,308,2.7,Alive,Unhealthy,U,No,No,"KH, LP, AND",,
2024,8/6/2024,Lameshur Bay,B,AVGE,519,NF,,,3,Alive,Healthy,H,,,,,PREDATION
2022,10/26/2021,Lameshur Bay,B,AVGE,517,NF,88,559,3.5,Alive,Unhealthy,U,No,No,"KH, LP, AND",,
2022,10/26/2021,Lameshur Bay,B,AVGE,514,NF,107,446,2.7,Alive,Unhealthy,U,No,No,"KH, LP, AND",,lots of Herbivory
2024,8/6/2024,Lameshur Bay,B,AVGE,514,NF,,,3.2,Alive,Healthy,H,,,,,
2022,10/26/2021,Lameshur Bay,B,AVGE,513,NF,87,470,3.6,Alive,Unhealthy,U,No,No,"KH, LP, AND",,lots of Herbivory
2022,10/26/2021,Lameshur Bay,B,AVGE,512,NF,73,366,3.6,Alive,Unhealthy,U,No,No,"KH, LP, AND",,lots of Herbivory
2024,8/6/2024,Lameshur Bay,B,AVGE,512,NF,,,3.9,Alive,Healthy,H,,,,,
2022,10/26/2021,Lameshur Bay,B,AVGE,507,MD,71,211,4.4,Alive,Unhealthy,U,No,No,"KH, LP, AND",,lots of Herbivory
2024,8/6/2024,Lameshur Bay,B,AVGE,507,NF,,,6,Alive,Healthy,H,,,,CONNECTED TO R2800,CONNECTED TO R2800
2022,10/26/2021,Lameshur Bay,B,AVGE,506,NF,5,198,5.2,Alive,Unhealthy,U,No,No,"KH, LP, AND",,lots of Herbivory
2024,8/6/2024,Lameshur Bay,B,AVGE,506,"IP, MP",,,6.3,Alive,Healthy,H,,,,CONNECTED TO R2772,CONNECTED TO R2772
2022,10/28/2021,Francis Bay,B,LARA,493,"ID, MD, F",222,242,3.2,Alive,Healthy,H,No,No,"LU, HAS, KWG",,
2024,7/17/2024,Francis Bay,B,LARA,493,"F, IP, MP",,,3.9,Alive,Healthy,H,No,Yes,"LU, DG, AND",,
2022,10/28/2021,Francis Bay,B,LARA,492,"ID, MD, F",232,321,5,Alive,Unhealthy,U,No,No,"LU, HAS, KWG",,top dead
2024,9/18/2024,Reef Bay,A,LARA,1547,,,,3.4,Dead,Dead,D,No,Yes,,,
2022,10/28/2021,Francis Bay,B,LARA,489,"ID, MD, F",280,363,5.1,Alive,Unhealthy,U,No,No,"LU, HAS, KWG",,
2024,7/17/2024,Francis Bay,B,LARA,486,"IP, MP",,,3.7,Alive,Healthy,H,No,Yes,"LU, DG, AND",,"tree fallen, no true DBH"
2022,10/28/2021,Francis Bay,C,LARA,484,NF,74,100,6.7,Alive,Healthy,H,No,No,"LU, HAS, KWG",,
2024,7/17/2024,Francis Bay,C,LARA,484,F,,,7.4,Alive,Healthy,H,No,No,"HM, SM",,
2024,9/18/2024,Reef Bay,A,LARA,1998,,,,4.6,Dead,Dead,D,No,No,,,
2024,9/18/2024,Reef Bay,A,LARA,,,302,5.57,3.9,Dead,Dead,D,No,No,,,
2022,10/28/2021,Francis Bay,C,LARA,483,NF,161,198,5.2,Alive,Unhealthy,U,No,No,"LU, HAS, KWG",,Herbivory
2024,7/17/2024,Francis Bay,C,LARA,483,IP,,,6.2,Alive,Healthy,H,No,No,"LU, KH, DG",,
2022,10/28/2021,Francis Bay,C,LARA,482,NF,268,112,5.2,Alive,Unhealthy,U,No,No,"LU, HAS, KWG",,Herbivory
2024,7/17/2024,Francis Bay,C,LARA,482,NF,,,4.7,Alive,Unhealthy,U,No,No,"LU, KH, DG",,
2022,10/28/2021,Francis Bay,C,LARA,478,NF,101,187,4,Alive,Unhealthy,U,No,Yes,"LU, HAS, KWG",,
2022,10/28/2021,Francis Bay,C,LARA,473,NF,70,115,4.8,Alive,Unhealthy,U,No,No,"LU, HAS, KWG",,"dead branches, herb"
2022,10/28/2021,Francis Bay,C,LARA,472,NF,171,304,4.5,Alive,Unhealthy,U,No,No,"LU, HAS, KWG",,"top dead, herb"
2022,2/25/2022,Water Creek,B,LARA,472,NF,145,286,6.8,Alive,Healthy,H,No,No,,,"main stem dead, Herbivory"
2022,10/28/2021,Francis Bay,C,LARA,471,NF,139,519,4.7,Alive,Healthy,H,No,No,"LU, HAS, KWG",,
2024,7/17/2024,Francis Bay,C,LARA,471,"F, IP",,,5.2,Alive,Healthy,H,No,No,"HM, SM",,
2022,10/28/2021,Francis Bay,C,LARA,470,NF,139,503,4.7,Alive,Healthy,H,No,No,"LU, HAS, KWG",,
2024,7/17/2024,Francis Bay,C,LARA,469,NF,,,4.1,Alive,Unhealthy,U,No,No,"LU, KH, DG",,holes in bark
2022,10/28/2021,Francis Bay,C,LARA,466,NF,134,482,2.7,Alive,Unhealthy,U,No,No,"LU, HAS, KWG",,top dead
2024,7/17/2024,Francis Bay,C,LARA,466,"F, IP",,,2.8,Alive,Healthy,H,No,No,"HM, SM",,
2022,10/28/2021,Francis Bay,C,LARA,465,NF,140,448,4.3,Alive,Healthy,H,No,No,"LU, HAS, KWG",,Herbivory
2024,7/17/2024,Francis Bay,C,LARA,465,"F, IP",,,4.3,Alive,Healthy,H,No,No,"HM, SM",,
2022,10/28/2021,Francis Bay,C,LARA,464,F,141,429,3,Alive,Healthy,H,No,No,"LU, HAS, KWG",,Herbivory
2024,7/17/2024,Francis Bay,C,LARA,464,"F, IP",,,3.2,Alive,Healthy,H,No,No,"HM, SM",,
2024,7/18/2024,Princess Bay,A,RHMA ,463,"F, MP",,,7.8,Alive,Healthy,H,No,No,,,
2022,10/28/2021,Francis Bay,C,LARA,462,ID,150,511,4.1,Alive,Healthy,H,No,No,"LU, HAS, KWG",,Herbivory
2024,7/17/2024,Francis Bay,C,LARA,462,"F, IP",,,4.6,Alive,Healthy,H,No,No,"HM, SM",,
2022,10/28/2021,Francis Bay,C,LARA,461,F,160,503,4.4,Alive,Healthy,H,No,No,"LU, HAS, KWG",,"Herbivory, AZI not recorded--this is an estimate based on surrounding trees"
2024,7/17/2024,Francis Bay,C,LARA,461,NF,,,4.7,Alive,Unhealthy,U,No,No,"HM, SM",,
2022,10/28/2021,Francis Bay,C,LARA,460,NF,166,522,5.6,Alive,Healthy,H,No,No,"LU, HAS, KWG",,
2024,7/17/2024,Francis Bay,C,LARA,460,"F, IP",,,6,Alive,Healthy,H,No,No,"HM, SM",,
2022,10/28/2021,Francis Bay,C,LARA,459,NF,170,462,2.6,Alive,Unhealthy,U,No,No,"LU, HAS, KWG",,"herb, trunk damage"
2022,10/28/2021,Francis Bay,C,LARA,458,NF,169,420,3,Alive,Unhealthy,U,No,No,"LU, HAS, KWG",,Herbivory
2024,7/17/2024,Francis Bay,C,LARA,458,"F, IP",,,3.4,Alive,Healthy,H,No,No,"HM, SM",,
2024,9/18/2024,Reef Bay,A,LARA,1210,,,,4.5,Dead,Dead,D,No,No,"KR,SH",,drowned
2022,10/28/2021,Francis Bay,C,LARA,457,NF,185,422,3.5,Alive,Unhealthy,U,No,No,"LU, HAS, KWG",,"herb, top dead"
2024,7/17/2024,Francis Bay,C,LARA,457,"F, IP",,,3.8,Alive,Healthy,H,No,No,"HM, SM",,
2022,10/28/2021,Francis Bay,C,LARA,456,ID,186,401,5,Alive,Unhealthy,U,No,No,"LU, HAS, KWG",,trunk damage. dead branch
2024,7/17/2024,Francis Bay,C,LARA,456,"F, IP",,,4.9,Alive,Healthy,H,No,No,"HM, SM",,
2022,10/28/2021,Francis Bay,C,LARA,455,NF,186,401,3.2,Alive,Healthy,H,No,No,"LU, HAS, KWG",,Herbivory
2024,9/18/2024,Reef Bay,A,LARA,1457,,,,3.8,Dead,Dead,D,No,No,"KR,SH",,
2022,10/28/2021,Francis Bay,C,LARA,454,NF,180,269,3.2,Alive,Unhealthy,U,No,Yes,"LU, HAS, KWG",,Herbivory
2024,7/17/2024,Francis Bay,C,LARA,453,IP,,,3.4,Alive,Healthy,H,No,No,"LU, KH, DG",,
2022,10/28/2021,Francis Bay,C,LARA,452,F,288,437,2.6,Alive,Healthy,H,No,No,"JCC, AJH, AND, VB, Lincoln",,
2024,7/17/2024,Francis Bay,C,LARA,452,"IP, MP",,,3.2,Alive,Healthy,H,No,No,"LU, KH, DG",,
2022,10/28/2021,Francis Bay,C,LARA,451,NF,307,484,7.3,Alive,Unhealthy,U,No,Yes,"JCC, AJH, AND, VB, Lincoln",,
2024,9/18/2024,Reef Bay,A,LARA,1478,,,,3.3,Dead,Dead,D,No,No,"KR,SH",,
2022,10/28/2021,Francis Bay,B,LARA,450,"ID, MD",106,541,6.2,Alive,Unhealthy,D,No,Yes,"LU, HAS, KWG",,
2022,10/28/2021,Francis Bay,C,LARA,450,NF,311,326,3.1,Alive,Unhealthy,U,No,No,"JCC, AJH, AND, VB, Lincoln",,trunk dead
2024,7/17/2024,Francis Bay,B,LARA,450,"F, IP, MP",,,11.1,Alive,Healthy,H,No,Yes,"HM, SM",,
2024,7/17/2024,Francis Bay,C,LARA,450,IP,,,3.4,Alive,Healthy,H,No,No,"LU, KH, DG",,
2022,10/28/2021,Francis Bay,B,LARA,449,"F, ID, MD",10,410,5,Alive,Unhealthy,U,No,Yes,"LU, HAS, KWG",,"herb, top broken off"
2022,10/28/2021,Francis Bay,C,LARA,449,F,306,334,6.3,Alive,Unhealthy,U,No,No,"JCC, AJH, AND, VB, Lincoln",,Herbivory
2024,7/17/2024,Francis Bay,C,LARA,449,IP,,,7.1,Alive,Healthy,H,No,Yes,"LU, KH, DG",,
2022,10/28/2021,Francis Bay,C,LARA,448,NF,331,215,5.3,Alive,Healthy,H,No,No,"JCC, AJH, AND, VB, Lincoln",,
2024,9/18/2024,Reef Bay,B,LARA,1901,,,,3.8,Dead,Dead,D,No,No,"KR,SH",,
2024,7/17/2024,Francis Bay,C,LARA,448,IP,,,5.6,Alive,Healthy,H,No,No,"LU, KH, DG",,
2022,10/28/2021,Francis Bay,B,LARA,447,"ID, MD, F",355,385,6.3,Alive,Healthy,H,No,No,"LU, HAS, KWG",,
2024,7/17/2024,Francis Bay,A,LARA,447,"F, IP, MP",,,9.1,Alive,Healthy,H,No,No,"LU, DG, AND",,
2022,10/28/2021,Francis Bay,C,LARA,446,"F, ID",350,376,5.7,Alive,Unhealthy,U,No,No,"JCC, AJH, AND, VB, Lincoln",,dead branches
2022,10/28/2021,Francis Bay,B,LARA,445,NF,91,518,8.6,Alive,Unhealthy,U,No,No,"LU, HAS, KWG",,"herb, top broken off"
2024,7/17/2024,Francis Bay,A,LARA,445,"IP, MP",,,10.4,Alive,Unhealthy,U,No,Yes,"LU, KH, DG",,
2022,10/28/2021,Francis Bay,C,LARA,443,NF,109,202,2.5,Alive,Healthy,H,No,No,"LU, HAS, KWG",,
2022,10/28/2021,Francis Bay,C,LARA,442,NF,28,310,6.9,Alive,Unhealthy,U,No,No,"JCC, AJH, AND, VB, Lincoln",,Herbivory
2024,7/17/2024,Francis Bay,C,LARA,442,NF,,,8,Alive,Unhealthy,U,No,No,"LU, KH, DG",,"half dead, new branch off"
2024,9/18/2024,Reef Bay,B,LARA,1916,,,,2.8,Dead,Dead,D,No,No,,,
2022,10/28/2021,Francis Bay,C,LARA,441,NF,298,375,2.7,Alive,Unhealthy,U,No,Yes,"JCC, AJH, AND, VB, Lincoln",,
2024,9/18/2024,Reef Bay,B,LARA,1918,,,,,Dead,Dead,D,No,No,,,"DEAD, PULLED"
2022,10/26/2021,Lameshur Bay,B,AVGE,441,NF,71,570,4.7,Alive,Unhealthy,U,No,No,"KH, LP, AND",,previously tagged circular tag
2024,8/6/2024,Lameshur Bay,B,AVGE,441,NF,,,4.6,Alive,Healthy,H,,,,,
2024,9/18/2024,Reef Bay,B,LARA,1921,,,,2.8,Dead,Dead,D,No,No,,,DECAP
2022,10/28/2021,Francis Bay,C,LARA,440,NF,295,358,3.8,Alive,Unhealthy,U,No,No,"JCC, AJH, AND, VB, Lincoln",,top is dead
2022,10/26/2021,Lameshur Bay,B,AVGE,440,NF,265,508,6.5,Alive,Unhealthy,U,No,No,"KH, LP, AND",,"Lots of Herbivory, previously tagged circular tag"
2024,7/17/2024,Francis Bay,C,LARA,440,IP,,,3.9,Alive,Healthy,H,No,Yes,"LU, KH, DG",,
2022,10/28/2021,Francis Bay,C,LARA,439,NF,117,560,5.2,Alive,Unhealthy,U,No,No,"LU, HAS, KWG",,"top dead, herb"
2022,10/28/2021,Francis Bay,C,LARA,439,NF,117,414,2.9,Alive,Healthy,H,No,No,"LU, HAS, KWG",,Herbivory
2024,9/18/2024,Reef Bay,B,LARA,1927,,,,3.2,Dead,Dead,D,No,No,,,
2024,9/18/2024,Reef Bay,B,LARA,1928,,,,3,Dead,Dead,D,No,No,,,TAG PULLED
2022,10/26/2021,Lameshur Bay,B,AVGE,439,NF,214,237,5.3,Alive,Unhealthy,U,No,No,"KH, LP, AND",,"Lots of Herbivory, previously tagged circular tag"
2022,10/28/2021,Francis Bay,C,LARA,438,NF,158,327,5.5,Alive,Healthy,H,No,No,"LU, HAS, KWG",,
2022,10/26/2021,Lameshur Bay,B,AVGE,438,NF,205,183,4.5,Alive,Unhealthy,U,No,No,"KH, LP, AND",,previously tagged circular tag
2024,7/17/2024,Francis Bay,C,LARA,438,IP,,,6.2,Alive,Unhealthy,U,No,No,"LU, KH, DG",,
2022,10/26/2021,Lameshur Bay,B,AVGE,437,NF,200,200,3.2,Alive,Unhealthy,U,No,No,"KH, LP, AND",,"Lots of Herbivory, previously tagged circular tag"
2024,7/17/2024,Francis Bay,C,LARA,437,"F, IP",,,6.1,Alive,Healthy,H,No,No,"HM, SM",,
2022,10/28/2021,Francis Bay,C,LARA,436,NF,119,217,3.4,Alive,Healthy,H,No,No,"LU, HAS, KWG",,Herbivory
2022,10/26/2021,Lameshur Bay,B,AVGE,436,NF,144,228,6,Alive,Unhealthy,U,No,No,"KH, LP, AND",,"* all trees w/Herbivory had LOTS of it, and leaf galls, old circular tag"
2024,8/6/2024,Lameshur Bay,B,AVGE,436,NF,,,6.7,Alive,Healthy,H,,,,,PREDATION
2022,10/28/2021,Francis Bay,C,LARA,435,NF,144,263,3.3,Alive,Healthy,H,No,No,"LU, HAS, KWG",,Herbivory
2022,10/26/2021,Lameshur Bay,A,AVGE,435,NF,85,249,5.4,Alive,Unhealthy,U,No,No,"KH, LP, AND",,previously tagged circular tag
2024,7/17/2024,Francis Bay,C,LARA,435,IP,,,3.3,Alive,Healthy,H,No,No,"LU, KH, DG",,
2022,10/28/2021,Francis Bay,C,LARA,434,NF,121,484,3.6,Alive,Healthy,H,No,No,"LU, HAS, KWG",,
2022,10/26/2021,Lameshur Bay,A,AVGE,434,NF,0,237,4.9,Alive,Unhealthy,U,No,No,"KH, LP, AND",,previously tagged circular tag
2024,7/17/2024,Francis Bay,C,LARA,434,"F, IP",,,4.3,Alive,Healthy,H,No,No,"HM, SM",,
2022,10/28/2021,Francis Bay,C,LARA,433,NF,123,477,2.7,Alive,Unhealthy,U,No,No,"LU, HAS, KWG",,
2022,10/26/2021,Lameshur Bay,A,AVGE,433,NF,290,207,5.9,Alive,Unhealthy,U,No,No,"KH, LP, AND",,previously tagged circular tag
2024,8/6/2024,Lameshur Bay,A,AVGE,433,NF,,,6.1,Alive,Healthy,H,,,,,
2022,10/28/2021,Francis Bay,C,LARA,432,NF,149,413,4.5,Alive,Unhealthy,U,No,No,"LU, HAS, KWG",,top dead
2022,10/26/2021,Lameshur Bay,A,AVGE,432,NF,234,159,5.4,Alive,Unhealthy,U,No,No,"KH, LP, AND",,previously tagged circular tag
2022,10/28/2021,Francis Bay,C,LARA,431,ID,294,427,3.9,Alive,Unhealthy,U,No,No,"JCC, AJH, AND, VB, Lincoln",,Herbivory
2022,10/26/2021,Lameshur Bay,A,AVGE,431,NF,155,235,6.3,Alive,Unhealthy,U,No,No,"KH, LP, AND",,previously tagged circular tag
2024,7/17/2024,Francis Bay,C,LARA,431,"IP, MP",,,5,Alive,Healthy,H,No,Yes,"LU, KH, DG",,
2022,10/28/2021,Francis Bay,C,LARA,430,NF,294,463,7.5,Alive,Unhealthy,U,No,Yes,"JCC, AJH, AND, VB, Lincoln",,top is dead
2024,7/17/2024,Francis Bay,C,LARA,430,,,,7.3,Alive,Healthy,H,No,Yes,"LU, KH, DG",,
2022,10/28/2021,Francis Bay,C,LARA,429,NF,271,378,6.1,Alive,Unhealthy,U,No,No,"JCC, AJH, AND, VB, Lincoln",,Herbivory
2024,7/17/2024,Francis Bay,C,LARA,429,IP,,,6.9,Alive,Healthy,H,No,No,"LU, KH, DG",,
2022,10/28/2021,Francis Bay,C,LARA,428,NF,278,382,3.1,Alive,Unhealthy,U,No,No,"JCC, AJH, AND, VB, Lincoln",,dead branches
2022,10/28/2021,Francis Bay,C,LARA,427,MD,280,268,6,Alive,Unhealthy,U,No,No,"JCC, AJH, AND, VB, Lincoln",,Herbivory
2024,7/17/2024,Francis Bay,C,LARA,427,IP,,,5.8,Alive,Healthy,H,No,No,"LU, KH, DG",,
2022,10/28/2021,Francis Bay,C,LARA,425,NF,286,285,5.5,Alive,Unhealthy,U,No,No,"JCC, AJH, AND, VB, Lincoln",,"mostly dead, some new shoots"
2022,10/28/2021,Francis Bay,C,LARA,424,NF,268,181,7,Alive,Unhealthy,U,No,No,"JCC, AJH, AND, VB, Lincoln",,Herbivory 
2024,7/17/2024,Francis Bay,C,LARA,424,IP,,,7.7,Alive,Healthy,H,No,No,"LU, KH, DG",,
2022,10/28/2021,Francis Bay,C,LARA,423,NF,247,178,3.9,Alive,Unhealthy,U,No,No,"JCC, AJH, AND, VB, Lincoln",,"Herbivory, dead branches"
2024,9/18/2024,Reef Bay,B,AVGE,1512,,,,3.5,Dead,Dead,D,No,No,,,
2022,2/25/2022,Water Creek,B,RHMA ,423,NF,205,366,2.5,Alive,Healthy,H,No,No,,,
2024,7/17/2024,Francis Bay,C,LARA,423,IP,,,4.8,Alive,Healthy,H,No,No,"LU, KH, DG",,
2024,7/17/2024,Francis Bay,C,LARA,423,IP,,,3.1,Alive,Healthy,H,No,No,"LU, KH, DG",,
2024,9/2/2024,Water Creek,C,RHMA ,423,F,,,4.1,Alive,Healthy,H,,,"KR,SM,LU,JC,AND",,moving tag up to DBH
2022,10/28/2021,Francis Bay,C,LARA,422,"F, ID",257,445,5.1,Alive,Healthy,H,No,No,"LU, HAS, KWG",,
2022,2/25/2022,Water Creek,B,RHMA ,422,NF,188,467,7,Alive,Healthy,H,No,No,,,
2024,9/18/2024,Reef Bay,B,AVGE,1519,,,,3,Dead,Dead,D,No,No,,,
2024,7/17/2024,Francis Bay,C,LARA,422,"F, IP",,,5.2,Alive,Healthy,H,No,No,"HM, SM",,
2024,7/17/2024,Francis Bay,C,LARA,422,"F, IP",,,6,Alive,Healthy,H,No,Yes,"HM, SM",,
2024,9/7/2024,Water Creek,C,RHMA ,422,F,,,8.5,Alive,Healthy,H,,,"KR,SM,LU,JC,AND",,moving tag up to DBH
2022,10/28/2021,Francis Bay,C,LARA,420,"F, ID",265,347,5.4,Alive,Healthy,H,No,No,"LU, HAS, KWG",,
2022,2/25/2022,Water Creek,B,RHMA ,420,NF,306,414,6,Alive,Unhealthy,U,No,No,,,
2024,7/17/2024,Francis Bay,C,LARA,420,"F, IP",,,5.5,Alive,Healthy,H,No,No,"HM, SM",,
2022,10/28/2021,Francis Bay,C,LARA,419,NF,260,470,4.6,Alive,Unhealthy,U,No,No,"LU, HAS, KWG",,
2024,8/8/2024,Water Creek,C,LARA,419,"IP, MP",,,8,Alive,Unhealthy,U,No,No,"SM,AD,KR,LU",,
2022,10/28/2021,Francis Bay,C,LARA,418,NF,250,377,5,Alive,Healthy,H,No,No,"LU, HAS, KWG",,
2022,2/25/2022,Water Creek,B,RHMA ,418,ID,342,414,8,Alive,Unhealthy,U,No,Yes,,,
2024,7/17/2024,Francis Bay,C,LARA,418,"F, IP",,,4.6,Alive,Healthy,H,No,No,"HM, SM",,
2024,8/8/2024,Water Creek,C,RHMA ,418,NF,,,9.9,Alive,Healthy,H,No,No,"SM,AD,KR,LU",,Moved tag to DBH
2022,10/28/2021,Francis Bay,C,LARA,417,NF,258,488,3.5,Alive,Healthy,H,No,No,"LU, HAS, KWG",,
2022,2/25/2022,Water Creek,B,RHMA ,417,"ID, F",331,224,8.2,Alive,Healthy,H,No,No,,,
2024,7/17/2024,Francis Bay,C,LARA,417,"F, IP",,,5.4,Alive,Healthy,H,No,No,"HM, SM",,
2022,10/28/2021,Francis Bay,C,LARA,416,F,246,540,5.1,Alive,Healthy,H,No,No,"LU, HAS, KWG",,
2022,2/25/2022,Water Creek,B,LARA,416,F,65,211,5.7,Alive,Healthy,H,No,No,,,"main stem dead, Herbivory"
2024,7/17/2024,Francis Bay,C,LARA,416,"F, IP",,,5.4,Alive,Healthy,H,No,No,"HM, SM",,
2024,8/8/2024,Water Creek,C,LARA,416,"IP, MP",,,5.7,Alive,Unhealthy,U,No,No,"SM,AD,KR,LU",,
2022,10/28/2021,Francis Bay,C,LARA,415,"F, ID",246,509,3.1,Alive,Healthy,H,No,No,"LU, HAS, KWG",,
2024,7/17/2024,Francis Bay,C,LARA,415,"F, IP",,,5.3,Alive,Healthy,H,No,No,"HM, SM",,
2022,10/28/2021,Francis Bay,C,LARA,414,NF,239,440,3.9,Alive,Healthy,H,No,No,"LU, HAS, KWG",,
2022,2/25/2022,Water Creek,A,LARA,414,NF,85,490,6.7,Alive,Unhealthy,U,No,No,,,"Herbivory, Disease"
2024,7/17/2024,Francis Bay,C,LARA,414,"F, IP",,,4,Alive,Healthy,H,No,No,"HM, SM",,
2022,10/28/2021,Francis Bay,C,LARA,413,NF,230,447,3.2,Alive,Healthy,H,No,No,"LU, HAS, KWG",,
2022,2/25/2022,Water Creek,A,LARA,413,NF,57,494,6.1,Alive,Healthy,H,No,No,,,
2024,7/17/2024,Francis Bay,C,LARA,413,"F, IP",,,4,Alive,Healthy,H,No,No,"HM, SM",,
2022,10/28/2021,Francis Bay,C,LARA,412,"ID, MD",229,426,6.4,Alive,Healthy,H,No,No,"LU, HAS, KWG",,
2024,7/17/2024,Francis Bay,C,LARA,412,"F, IP",,,7,Alive,Healthy,H,No,No,"HM, SM",,
2024,8/8/2024,Water Creek,B,LARA,412,,,,6,Alive,Healthy,H,No,No,"SM,AD,KR,LU",,PULLED TAG
2022,10/28/2021,Francis Bay,C,LARA,411,NF,226,357,2.7,Alive,Unhealthy,U,No,No,"LU, HAS, KWG",,
2022,2/25/2022,Water Creek,A,LARA,411,NF,307,517,8.2,Alive,Unhealthy,U,No,No,,,"Herbivory, Disease"
2024,8/8/2024,Water Creek,B,LARA,411,MP,,,7.5,Alive,Unhealthy,U,No,No,"SM,AD,KR,LU",,
2022,2/25/2022,Water Creek,A,RHMA ,410,ID,245,144,7.5,Alive,Healthy,H,No,No,,,
2024,9/18/2024,Reef Bay,B,AVGE,1560,,,,3,Dead,Dead,D,No,No,,,
2022,2/25/2022,Water Creek,A,RHMA ,408,"ID, MD",196,254,4.2,Alive,Healthy,H,No,No,,,
2022,2/25/2022,Water Creek,A,LARA,406,NF,160,380,4.2,Alive,Healthy,H,No,No,,,
2024,9/18/2024,Reef Bay,B,AVGE,1563,,,,3.1,Dead,Dead,D,No,No,,,
2022,10/28/2021,Francis Bay,C,LARA,404,NF,115,277,4,Alive,Unhealthy,U,No,No,"LU, HAS, KWG",,Herbivory
2024,7/17/2024,Francis Bay,C,LARA,404,"F, IP",,,,Alive,Healthy,H,No,No,"HM, SM",,wilting
2022,10/25/2021,Princess Bay,A,RHMA ,403,NF,132,537,7.3,Alive,Healthy,H,No,No,"JCC, LU, AJH, KWG, HS, AND",,
2022,10/22/2021,Magens Bay,A,RHMA ,400,F,323,148,3.1,Alive,Healthy,H,No,No,"KWG, AD, HS, LU, LP",,
2024,7/9/2024,Magens Bay,A,RHMA ,400,NF,340,,5.5,Alive,Healthy,H,No,No,,,
2022,10/22/2021,Magens Bay,A,RHMA ,399,"F, ID",325,179,2.8,Alive,Healthy,H,No,No,"KWG, AD, HS, LU, LP",,
2024,7/9/2024,Magens Bay,A,RHMA ,399,NF,340,,5.5,Alive,Healthy,H,No,No,,,
2022,10/22/2021,Magens Bay,A,RHMA ,398,"F, ID",333,180,3.1,Alive,Healthy,H,No,No,"KWG, AD, HS, LU, LP",,
2024,9/18/2024,Reef Bay,B,AVGE,1574,,,,3.5,Dead,Dead,D,No,No,,,
2024,7/9/2024,Magens Bay,A,RHMA ,398,NF,340,,4.9,Alive,Healthy,H,No,No,,,
2022,10/22/2021,Magens Bay,A,RHMA ,397,MD,323,258,2.7,Alive,Healthy,H,No,No,"KWG, AD, HS, LU, LP",,
2024,7/9/2024,Magens Bay,A,RHMA ,397,NF,340,,5,Alive,Healthy,H,No,No,,,
2022,10/22/2021,Magens Bay,A,RHMA ,396,"F, ID",298,248,3.8,Alive,Healthy,H,No,No,"KWG, AD, HS, LU, LP",,
2022,10/22/2021,Magens Bay,A,RHMA ,395,"F, ID",295,291,3.2,Alive,Healthy,H,No,No,"KWG, AD, HS, LU, LP",,
2022,10/22/2021,Magens Bay,A,RHMA ,394,"F, ID, MD",300,420,4.7,Alive,Healthy,H,No,No,"KWG, AD, HS, LU, LP",,
2024,7/9/2024,Magens Bay,A,RHMA ,394,NF,240,,6.9,Alive,Healthy,H,No,No,,,
2024,9/18/2024,Reef Bay,B,LARA,1937,NF,,,2.8,Dead,Dead,D,No,No,"KR,SH",,
2022,10/22/2021,Magens Bay,A,RHMA ,393,"F, MD",289,450,3.4,Alive,Healthy,H,No,No,"KWG, AD, HS, LU, LP",,
2024,7/9/2024,Magens Bay,A,RHMA ,393,NF,305,,6.2,Alive,Healthy,H,No,No,,,tag fell out
2022,10/22/2021,Magens Bay,A,RHMA ,392,"F, MD",297,506,4.1,Alive,Healthy,H,No,No,"KWG, AD, HS, LU, LP",,
2024,7/9/2024,Magens Bay,A,RHMA ,392,NF,290,,5.7,Alive,Healthy,H,No,No,,,
2022,10/22/2021,Magens Bay,A,RHMA ,391,F,281,404,2.6,Alive,Healthy,H,No,No,"KWG, AD, HS, LU, LP",,
2022,10/22/2021,Magens Bay,A,RHMA ,390,"F, ID",263,401,4,Alive,Healthy,H,No,No,"KWG, AD, HS, LU, LP",,
2022,10/22/2021,Magens Bay,A,RHMA ,389,NF,264,469,2.5,Alive,Healthy,H,No,No,"KWG, AD, HS, LU, LP",,
2022,10/22/2021,Magens Bay,A,RHMA ,388,F,266,347,2.5,Alive,Healthy,H,No,No,"KWG, AD, HS, LU, LP",,
2024,7/9/2024,Magens Bay,A,RHMA ,388,NF,265,,2.6,Alive,Healthy,H,No,No,,,
2024,9/18/2024,Reef Bay,B,LARA,1958,,,,3.8,Dead,Dead,D,No,No,"KR,SH",,
2024,9/18/2024,Reef Bay,B,LARA,1961,NF,,,3.7,Dead,Dead,D,No,No,"KR,SH",,
2022,10/22/2021,Magens Bay,A,RHMA ,387,NF,263,303,2.7,Alive,Unhealthy,U,No,No,"KWG, AD, HS, LU, LP",,scar on trunk
2022,10/28/2021,Francis Bay,B,LARA,386,"ID, MD, F",145,326,2.9,Alive,Healthy,H,No,No,"LU, HAS, KWG",,
2022,10/22/2021,Magens Bay,A,RHMA ,386,NF,246,497,3,Alive,Healthy,H,No,No,"KWG, AD, HS, LU, LP",,
2024,9/18/2024,Reef Bay,B,LARA,1969,D,,,5.4,Dead,Dead,D,No,Yes,"KR,SH",,
2024,9/18/2024,Reef Bay,B,AVGE,1972,,,,3.6,Dead,Dead,D,No,No,"KR,SH",,
2024,7/9/2024,Magens Bay,A,RHMA ,386,NF,,,6.2,Alive,Healthy,H,No,No,"SM, JC, JS",,
2024,7/9/2024,Magens Bay,A,RHMA ,386,NF,295,,6,Alive,Healthy,H,No,No,,,
2022,10/22/2021,Magens Bay,A,RHMA ,385,F,11,503,2.5,Alive,Healthy,H,No,No,"KWG, AD, HS, LU, LP",,
2022,10/22/2021,Magens Bay,A,RHMA ,384,F,34,429,2.6,Alive,Healthy,H,No,No,"KWG, AD, HS, LU, LP",,
2024,7/9/2024,Magens Bay,A,RHMA ,384,NF,,,3.6,Alive,Healthy,H,No,No,,,
2022,10/22/2021,Magens Bay,A,RHMA ,383,F,44,443,2.8,Alive,Healthy,H,No,No,"KWG, AD, HS, LU, LP",,
2024,10/8/2024,Reef Bay,C,AVGE,1582,,,,5.7,Dead,Dead,D,,,,,Removed Tag
2024,10/8/2024,Reef Bay,C,AVGE,1584,,,,3.2,Dead,Dead,D,,,,Connected to 1585,Connected to 1585
2024,10/8/2024,Reef Bay,C,AVGE,1585,,,,3.4,Dead,Dead,D,,,,Connected to 1584,Connected to 1584
2024,7/9/2024,Magens Bay,A,RHMA ,383,NF,,,4.3,Alive,Healthy,H,No,No,,,
2022,10/22/2021,Magens Bay,B,RHMA ,382,NF,79,198,3.8,Alive,Healthy,H,No,No,"KWG, AD, HS, LU, LP",,
2024,10/8/2024,Reef Bay,C,AVGE,1978,,,,2,Dead,Dead,D,,,,,
2024,10/8/2024,Reef Bay,C,AVGE,,,330,2.84,6.7,Dead,Dead,D,,,,,
2024,7/9/2024,Magens Bay,B,RHMA ,382,NF,,,5.3,Alive,Healthy,H,No,No,"SM, JC, JS",,
2022,10/22/2021,Magens Bay,B,RHMA ,381,NF,62,153,3.2,Alive,Healthy,H,No,No,"KWG, AD, HS, LU, LP",,
2024,7/9/2024,Magens Bay,B,RHMA ,381,NF,,,4.1,Alive,Healthy,H,No,No,"SM, JC, JS",,
2022,10/26/2021,Lameshur Bay,B,AVGE,380,NF,272,495,3.1,Alive,Unhealthy,U,No,No,"KH, LP, AND",,Lots of Herbivory
2022,10/22/2021,Magens Bay,B,RHMA ,379,"F, ID",80,75,2.9,Alive,Healthy,H,No,No,"KWG, AD, HS, LU, LP",,
2024,7/9/2024,Magens Bay,B,RHMA ,379,NF,,,3.5,Alive,Healthy,H,No,No,"SM, JC, JS",,
2024,7/9/2024,Magens Bay,B,RHMA ,379,NF,,,3.6,Alive,Healthy,H,No,Yes,"LU. SM, AD",,
2022,10/22/2021,Magens Bay,B,RHMA ,378,F,17,102,3.1,Alive,Healthy,H,No,No,"KWG, AD, HS, LU, LP",,
2024,7/9/2024,Magens Bay,B,RHMA ,378,NF,,,3.7,Alive,Healthy,H,No,No,"SM, JC, JS",,connected to 377
2022,10/22/2021,Magens Bay,B,RHMA ,377,F,15,102,3.2,Alive,Healthy,H,No,No,"KWG, AD, HS, LU, LP",,
2024,7/9/2024,Magens Bay,B,RHMA ,377,NF,,,6.6,Alive,Healthy,H,No,No,"SM, JC, JS",,connected to 378
2022,10/22/2021,Magens Bay,B,RHMA ,376,NF,73,58,4.9,Alive,Healthy,H,No,No,"KWG, AD, HS, LU, LP",,
2024,7/9/2024,Magens Bay,B,RHMA ,376,NF,,,3.2,Alive,Healthy,H,No,No,"SM, JC, JS",,
2022,10/22/2021,Magens Bay,B,RHMA ,375,NF,64,223,5.8,Alive,Healthy,H,No,No,"KWG, AD, HS, LU, LP",,
2024,7/9/2024,Magens Bay,A,RHMA ,375,NF,270,,5.7,Alive,Healthy,H,No,No,,,
2024,7/9/2024,Magens Bay,B,RHMA ,375,NF,,,9.1,Alive,Healthy,H,No,No,"SM, JC, JS",,
2022,10/22/2021,Magens Bay,B,RHMA ,374,NF,110,265,3,Alive,Healthy,H,No,No,"KWG, AD, HS, LU, LP",,
2024,7/9/2024,Magens Bay,B,RHMA ,374,NF,,,5.1,Alive,Healthy,H,No,No,"LU. SM, AD",,
2022,10/22/2021,Magens Bay,B,RHMA ,373,F,73,517,2.8,Alive,Healthy,H,No,No,"KWG, AD, HS, LU, LP",,
2024,7/9/2024,Magens Bay,B,RHMA ,373,NF,,,4.5,Alive,Healthy,H,No,No,"SM, JC, JS",,
2022,10/22/2021,Magens Bay,B,RHMA ,372,"F, MD",88,345,5.1,Alive,Healthy,H,No,No,"KWG, AD, HS, LU, LP",,
2024,7/9/2024,Magens Bay,B,RHMA ,372,NF,,,7.5,Alive,Healthy,H,No,No,"SM, JC, JS",,
2022,10/22/2021,Magens Bay,B,RHMA ,371,NF,70,494,3.5,Alive,Healthy,H,No,No,"KWG, AD, HS, LU, LP",,
2024,7/9/2024,Magens Bay,B,RHMA ,371,NF,,,5.4,Alive,Healthy,H,No,No,"SM, JC, JS",,
2022,10/22/2021,Magens Bay,B,RHMA ,370,F,110,480,5,Alive,Healthy,H,No,No,"KWG, AD, HS, LU, LP",,
2024,7/9/2024,Magens Bay,B,RHMA ,370,NF,,,7.9,Alive,Healthy,H,No,No,"LU. SM, AD",,
2022,10/26/2021,Lameshur Bay,B,AVGE,369,NF,270,468,2.8,Alive,Unhealthy,U,No,No,"KH, LP, AND",,Lots of Herbivory
2022,10/22/2021,Magens Bay,B,RHMA ,369,ID,115,477,5,Alive,Healthy,H,No,No,"KWG, AD, HS, LU, LP",,
2024,7/9/2024,Magens Bay,B,RHMA ,369,NF,,,8.3,Alive,Healthy,H,No,No,"LU. SM, AD",,
2022,10/22/2021,Magens Bay,B,RHMA ,368,"ID, MD, F",135,343,3.5,Alive,Healthy,H,No,No,"KWG, AD, HS, LU, LP",,
2022,10/26/2021,Lameshur Bay,B,AVGE,367,NF,141,196,3.3,Alive,Unhealthy,U,No,No,"KH, LP, AND",,Lots of Herbivory
2024,8/6/2024,Lameshur Bay,B,AVGE,367,NF,,,3.7,Alive,Unhealthy,U,,,,,PREDATION
2022,10/26/2021,Lameshur Bay,B,AVGE,366,NF,292,376,4.7,Alive,Unhealthy,U,No,No,"KH, LP, AND",,"Lots of Herbivory, top dead"
2022,10/26/2021,Lameshur Bay,B,AVGE,365,NF,305,543,4,Alive,Unhealthy,U,No,No,"KH, LP, AND",,"Lots of Herbivory, top dead"
2022,10/26/2021,Lameshur Bay,B,AVGE,364,NF,227,321,3,Alive,Unhealthy,U,No,No,"KH, LP, AND",,Lots of Herbivory
2022,10/26/2021,Lameshur Bay,B,AVGE,360,NF,258,364,4.9,Alive,Unhealthy,U,No,No,"KH, LP, AND",,Lots of Herbivory
2022,10/22/2021,Magens Bay,B,RHMA ,359,"F, MD",170,322,4,Alive,Healthy,H,No,No,"KWG, AD, HS, LU, LP",,
2024,7/9/2024,Magens Bay,B,RHMA ,359,NF,,,5.3,Alive,Healthy,H,No,No,"LU. SM, AD",,
2022,10/26/2021,Lameshur Bay,B,AVGE,358,NF,253,325,3.1,Alive,Unhealthy,U,No,No,"KH, LP, AND",,Lots of Herbivory
2022,10/22/2021,Magens Bay,B,RHMA ,357,"ID, MD, F",157,404,4,Alive,Healthy,H,No,No,"KWG, AD, HS, LU, LP",,same base tree as 23
2024,7/9/2024,Magens Bay,B,RHMA ,357,NF,,,6.7,Alive,Healthy,H,No,No,"JS, JC","connected to 356, 354",
2022,10/22/2021,Magens Bay,B,RHMA ,356,"F, ID",161,378,3.8,Alive,Healthy,H,No,No,"KWG, AD, HS, LU, LP",,
2024,7/9/2024,Magens Bay,B,RHMA ,356,NF,,,6.6,Alive,Healthy,H,No,No,"JS, JC","connected to 357, 354",
2022,10/22/2021,Magens Bay,B,RHMA ,354,"ID, MD, F",157,404,4.9,Alive,Healthy,H,No,No,"KWG, AD, HS, LU, LP",,same base tree as 24
2024,7/9/2024,Magens Bay,B,RHMA ,354,NF,,,6.5,Alive,Healthy,H,No,No,"JS, JC","connected to 356, 357",
2022,10/22/2021,Magens Bay,B,RHMA ,353,NF,125,256,2.9,Alive,Healthy,H,No,No,"KWG, AD, HS, LU, LP",,
2024,7/9/2024,Magens Bay,B,RHMA ,353,NF,,,3.9,Alive,Healthy,H,No,No,"LU. SM, AD",,
2022,10/22/2021,Magens Bay,B,RHMA ,352,NF,84,452,3.5,Alive,Healthy,H,No,No,"KWG, AD, HS, LU, LP",,
2022,10/22/2021,Magens Bay,B,RHMA ,351,NF,163,236,3.1,Alive,Healthy,H,No,No,"KWG, AD, HS, LU, LP",,
2022,10/28/2021,Francis Bay,B,LARA,350,"ID, MD",318,417,6.1,Alive,Healthy,H,No,No,"LU, HAS, KWG",,
2024,7/17/2024,Francis Bay,C,LARA,349,"F, IP",,,3.4,Alive,Healthy,H,No,No,"HM, SM",,
2024,7/9/2024,Magens Bay,C,RHMA ,349,NF,135,2.79,4,Alive,Healthy,H,No,No,"JS, JC",,
2022,10/28/2021,Francis Bay,B,LARA,340,"ID, MD",115,487,5.8,Alive,Healthy,H,No,No,"LU, HAS, KWG",,
2024,7/17/2024,Francis Bay,B,LARA,340,"F, IP, MP",,,6.2,Alive,Healthy,H,No,Yes,"HM, SM","339, 337",
2022,10/28/2021,Francis Bay,B,LARA,339,"ID, MD",117,522,4.4,Alive,Healthy,H,No,No,"LU, HAS, KWG",,
2024,7/17/2024,Francis Bay,B,LARA,339,"F, IP, MP",,,5.7,Alive,Healthy,H,No,No,"HM, SM","340, 337",
2022,10/28/2021,Francis Bay,B,LARA,338,"ID, MD, F",134,388,4.1,Alive,Healthy,H,No,No,"LU, HAS, KWG",,
2024,7/17/2024,Francis Bay,B,LARA,338,"IP, MP",,,5.3,Alive,Healthy,H,No,Yes,"LU, DG, AND",,"tree fallen, no true DBH"
2022,10/28/2021,Francis Bay,B,LARA,337,ID,106,528,3.8,Alive,Healthy,H,No,No,"LU, HAS, KWG",,Herbivory
2024,7/17/2024,Francis Bay,B,LARA,337,"IP, MP",,,5.1,Alive,Healthy,H,No,No,"HM, SM","340, 339",
2022,10/25/2021,Princess Bay,B,RHMA ,328,F,77,331,4.1,Alive,Unhealthy,U,No,No,"JCC, LU, AJH, KWG, HS, AND",,"decapitated, lots of Herbivory on new growth"
2022,10/22/2021,Magens Bay,B,RHMA ,325,NF,155,279,2.8,Alive,Healthy,H,No,No,"KWG, AD, HS, LU, LP",,
2024,7/9/2024,Magens Bay,B,RHMA ,325,NF,,,3.3,Alive,Unhealthy,U,No,No,"LU. SM, AD",,no leaves
2022,10/22/2021,Magens Bay,B,RHMA ,324,NF,129,306,3.1,Alive,Healthy,H,No,No,"KWG, AD, HS, LU, LP",,
2022,10/22/2021,Magens Bay,B,RHMA ,322,NF,113,545,2.9,Alive,Healthy,H,No,No,"KWG, AD, HS, LU, LP",,
2022,10/22/2021,Magens Bay,B,RHMA ,321,NF,84,444,3.5,Alive,Healthy,H,No,No,"KWG, AD, HS, LU, LP",,
2024,7/9/2024,Magens Bay,B,RHMA ,321,NF,,,5.3,Alive,Healthy,H,No,No,"SM, JC, JS",,
2022,10/22/2021,Magens Bay,B,RHMA ,319,NF,145,161,3.8,Alive,Healthy,H,No,No,"KWG, AD, HS, LU, LP",,
2024,7/9/2024,Magens Bay,B,RHMA ,319,NF,,,6.7,Alive,Healthy,H,No,No,"LU. SM, AD",,
2022,10/22/2021,Magens Bay,B,RHMA ,318,F,107,135,2.5,Alive,Healthy,H,No,No,"KWG, AD, HS, LU, LP",,
2024,7/9/2024,Magens Bay,B,RHMA ,318,NF,,,3.7,Alive,Healthy,H,No,No,"SM, JC, JS",,
2022,10/26/2021,Lameshur Bay,B,AVGE,316,NF,312,356,2.8,Alive,Unhealthy,U,No,No,"KH, LP, AND",,"lots of Herbivory, decapitated"
2022,10/26/2021,Lameshur Bay,B,AVGE,315,NF,274,250,4.2,Alive,Unhealthy,U,No,No,"KH, LP, AND",,lots of Herbivory 
2022,10/25/2021,Princess Bay,B,RHMA ,314,NF,139,473,8.1,Alive,Unhealthy,U,Yes,No,"JCC, LU, AJH, KWG, HS, AND",,"Lots of Herbivory, 1/2 dead, yellow fungus, "
2022,10/26/2021,Lameshur Bay,B,AVGE,313,NF,206,181,3.2,Alive,Unhealthy,U,No,No,"KH, LP, AND",,Lots of Herbivory
2022,10/22/2021,Magens Bay,A,RHMA ,312,MD,50,532,2.8,Alive,Healthy,H,No,No,"KWG, AD, HS, LU, LP",,
2022,10/25/2021,Princess Bay,B,RHMA ,310,NF,4,281,3.1,Alive,Unhealthy,U,No,No,"JCC, LU, AJH, KWG, HS, AND",,top dead
2024,7/18/2024,Princess Bay,B,RHMA ,310,,,,4.1,Alive,Healthy,H,No,No,,,
2022,10/25/2021,Princess Bay,B,RHMA ,308,NF,90,485,2.5,Alive,Healthy,H,Yes,No,"JCC, LU, AJH, KWG, HS, AND",,yellow fungus
2024,7/9/2024,Magens Bay,A,RHMA ,308,NF,,,5.1,Alive,Healthy,H,No,No,,,
2022,10/25/2021,Princess Bay,B,RHMA ,307,NF,211,513,3.1,Alive,Unhealthy,U,Yes,No,"JCC, LU, AJH, KWG, HS, AND",,"heavy Herbivory, broken branches, yellow fungus"
2024,7/18/2024,Princess Bay,B,RHMA ,307,,,,4.2,Alive,Healthy,H,No,No,,,
2022,10/22/2021,Magens Bay,A,RHMA ,306,F,85,515,3.4,Alive,Healthy,H,No,No,"KWG, AD, HS, LU, LP",,
2022,10/22/2021,Magens Bay,A,RHMA ,305,NF,105,540,2.5,Alive,Healthy,H,No,No,"KWG, AD, HS, LU, LP",,
2024,7/9/2024,Magens Bay,C,RHMA ,305,NF,120,2.02,3.5,Alive,Healthy,H,No,No,"JS, JC",,
2022,10/22/2021,Magens Bay,A,RHMA ,304,NF,55,471,2.5,Alive,Healthy,H,No,No,"KWG, AD, HS, LU, LP",,
2022,10/22/2021,Magens Bay,A,RHMA ,302,NF,101,510,2.7,Alive,Healthy,H,No,No,"KWG, AD, HS, LU, LP",,
2024,7/9/2024,Magens Bay,A,RHMA ,302,NF,,,5.4,Alive,Healthy,H,No,No,,,
2022,10/22/2021,Magens Bay,A,RHMA ,301,NF,109,349,2.5,Alive,Healthy,H,No,No,"KWG, AD, HS, LU, LP",,
2024,7/9/2024,Magens Bay,A,RHMA ,301,NF,,,4,Alive,Healthy,H,No,No,,connected to R-1390,
2022,9/20/2021,Brewers Bay,A,LARA,300,ID,124,314,5.2,Alive,Healthy,H,No,No,,,
2024,6/10/2024,Brewers Bay,A,LARA,300,"F, ID",,,7.4,Alive,Healthy,H,No,No,"AD,KR,NK,HB",NA,DISEASE-LEAF SPOTS
2024,6/11/2024,Compass Point,B,RHMA ,300,"F, ID",68,0.48,3.2,Alive,Healthy,H,No,No,"AD, KWG, LU",,
2022,9/20/2021,Brewers Bay,A,LARA,299,ID,321,549,5.4,Alive,Healthy,H,No,No,,,
2024,6/5/2024,Brewers Bay,A,LARA,299,NF,,,5.4,Alive,Healthy,H,No,No,"AD,DG,HM",NA,DISEASE
2022,9/20/2021,Brewers Bay,A,LARA,298,MD,135,222,5.9,Alive,Healthy,H,No,No,,,
2024,6/10/2024,Brewers Bay,A,LARA,298,"F, ID",,,7.5,Alive,Healthy,H,No,No,"AD,KR,NK,HB",NA,DISEASE-LEAF SPOTS
2022,9/21/2021,Brewers Bay,C,LARA,297,NF,125,270,5.1,Alive,Healthy,H,No,No,,,
2024,6/10/2024,Brewers Bay,C,LARA,297,"F, ID",,,6.1,Alive,Healthy,H,No,No,,,
2022,9/21/2021,Brewers Bay,C,RHMA ,296,ID,125,380,6.9,Alive,Healthy,H,No,No,,,
2024,6/10/2024,Brewers Bay,C,RHMA ,296,"ID, MD",,,7.7,Alive,Healthy,H,No,No,,,
2024,6/10/2024,Brewers Bay,C,RHMA ,296,MD,,,7.6,Alive,Healthy,H,No,No,,,
2022,9/21/2021,Brewers Bay,C,RHMA ,295,NF,135,170,6.2,Alive,Unhealthy,U,No,Yes,,,
2022,9/21/2021,Brewers Bay,C,LARA,294,NF,160,536,5,Alive,Healthy,H,No,No,,,
2024,6/10/2024,Brewers Bay,C,LARA,294,,,,5.6,Alive,Unhealthy,U,No,No,,,
2022,9/20/2021,Brewers Bay,A,LARA,293,"F, ID",10,517,7.4,Alive,Unhealthy,UT,No,Yes,,,
2024,6/5/2024,Brewers Bay,A,LARA,293,"F, ID",,,7.7,Alive,Healthy,H,No,No,"AD,DG,HM",NA,
2022,9/21/2021,Brewers Bay,C,RHMA ,291,NF,106,485,8.9,Alive,Healthy,H,No,No,,,
2024,7/24/2024,Salt River,B,RHMA ,,,130,2.99,2.5,Dead,Dead,D,No,No,"DG, JS, JC",,no tag given
2024,7/24/2024,Salt River,B,RHMA ,,,,3.75,5.5,Dead,Dead,D,No,No,"DG, JS, JC",,no tag
2024,7/24/2024,Salt River,B,RHMA ,,,,3.45,5.3,Dead,Dead,D,No,No,"DG, JS, JC",,no tag
2024,7/24/2024,Salt River,B,RHMA ,,,,3.8,5.2,Dead,Dead,D,No,No,"DG, JS, JC",,no tag
2024,6/10/2024,Brewers Bay,C,RHMA ,291,"ID, MD",105,5,9,Alive,Healthy,H,No,No,,,
2022,10/22/2021,Magens Bay,A,RHMA ,290,NF,1,409,2.5,Alive,Healthy,H,No,No,"KWG, AD, HS, LU, LP",,
2022,9/21/2021,Brewers Bay,C,LARA,289,NF,181,474,6.1,Alive,Healthy,H,No,No,,,
2024,7/24/2024,Salt River,B,LARA,,,80,3.15,2.5,Dead,Dead,D,No,No,"DG, JS, JC",,
2024,7/24/2024,Salt River,B,UNK,,,150,4.36,2.9,Dead,Dead,D,No,No,,tree #60,
2024,7/24/2024,Salt River,B,LARA,,,155,5.41,3.5,Dead,Dead,D,No,Yes,,,
2024,7/24/2024,Salt River,B,RHMA ,,,165,5.64,6,Dead,Dead,D,No,No,,,
2024,7/24/2024,Salt River,B,RHMA ,,,28,1.28,3.7,Dead,Dead,D,No,Yes,,"R-2908, R-2923",
2024,6/10/2024,Brewers Bay,C,LARA,289,"F, ID",,,7.2,Alive,Healthy,H,No,No,,,
2024,7/24/2024,Salt River,B,LARA,,,104,2.56,2.5,Dead,Dead,D,No,No,,,
2024,7/24/2024,Salt River,B,RHMA ,,,32,1.97,3.4,Dead,Dead,D,No,No,,"R-2941, R-2413",
2022,9/20/2021,Brewers Bay,A,LARA,288,NF,60,317,5.2,Alive,Unhealthy,UT,No,Yes,,,
2022,9/20/2021,Brewers Bay,A,LARA,288,NF,344,498,8.1,Alive,Healthy,H,No,No,,,
2024,6/5/2024,Brewers Bay,A,LARA,288,F,,,5.2,Alive,Unhealthy,U,No,No,"AD,DG,HM",NA,
2022,9/20/2021,Brewers Bay,B,LARA,287,NF,46,200,5.4,Alive,Healthy,H,No,No,,,
2024,6/10/2024,Brewers Bay,B,LARA,287,"NF, IM",,,6.1,Alive,Healthy,H,No,No,,,
2022,9/20/2021,Brewers Bay,B,LARA,286,NF,198,527,5.1,Alive,Healthy,H,No,No,,,
2024,6/10/2024,Brewers Bay,B,LARA,286,F,,,7.6,Alive,Healthy,H,No,Yes,,,
2022,9/20/2021,Brewers Bay,B,LARA,285,NF,35,482,5.6,Alive,Healthy,H,No,No,,,
2024,6/10/2024,Brewers Bay,B,LARA,285,"NF, NP",,,8.1,Alive,Healthy,H,No,No,,,
2022,9/20/2021,Brewers Bay,B,LARA,284,NF,53,336,8,Alive,Healthy,H,No,No,,,
2022,9/20/2021,Brewers Bay,A,LARA,283,NF,,366,8,Alive,Healthy,H,No,No,,,
2022,9/21/2021,Brewers Bay,C,RHMA ,282,NF,105,167,5.6,Alive,Healthy,H,No,No,,,
2024,6/10/2024,Brewers Bay,C,RHMA ,282,,,,5.7,Alive,Unhealthy,U,No,No,,,
2022,9/21/2021,Brewers Bay,C,RHMA ,281,NF,90,413,5.7,Alive,Healthy,H,No,No,,,
2022,9/21/2021,Brewers Bay,C,RHMA ,279,MD,296,84,8.4,Alive,Healthy,H,No,No,,,
2024,6/17/2024,Brewers Bay,C,LARA,279,,,,13.5,Alive,Healthy,H,No,No,,,
2022,10/1/2021,Mandahl Bay,B,RHMA ,277,NF,0,0,,,,,,,"KH, HAS, LP, LU",,central tree
2022,9/20/2021,Brewers Bay,B,LARA,276,NF,329,371,5.2,Alive,Unhealthy,UT,No,Yes,,,
2022,9/20/2021,Brewers Bay,A,LARA,274,F,10,562,6.8,Alive,Unhealthy,UT,No,Yes,,,
2024,6/5/2024,Brewers Bay,A,LARA,274,"F, ID",,,7.1,Alive,Healthy,H,No,No,"AD,DG,HM",,
2022,9/20/2021,Brewers Bay,B,LARA,273,NF,297,502,5.6,Alive,Unhealthy,UT,No,Yes,,,
2024,6/10/2024,Brewers Bay,B,LARA,273,"NF, IM",,,5.2,Alive,Unhealthy,U ,No,Yes,,,
2022,9/21/2021,Brewers Bay,C,LARA,272,NF,180,377,5.3,Alive,Healthy,H,No,No,,,
2024,6/5/2024,Brewers Bay,A,LARA,272,NF,,,6.1,Alive,Healthy,H,No,No,"AD,DG,HM",NA,
2024,6/10/2024,Brewers Bay,C,LARA,272,"F, ID",,,6.1,Alive,Healthy,H,No,No,,,
2022,9/20/2021,Brewers Bay,A,LARA,271,ID,43,525,7.7,Alive,Unhealthy,U,No,Yes,,,
2022,9/20/2021,Brewers Bay,A,LARA,271,NF,35,523,7.9,Alive,Unhealthy,UT,No,Yes,,,
2024,6/5/2024,Brewers Bay,A,LARA,271,NF,,,7.9,Alive,Unhealthy,U,No,No,"AD,DG,HM",NA,
2022,9/20/2021,Brewers Bay,A,THPO,269,MD,66,538,7.2,Alive,Unhealthy,UT,No,Yes,,,
2024,6/5/2024,Brewers Bay,A,THPO,269,,,,7.4,Alive,Unhealthy,U,No,No,"AD,DG,HM",NA,
2022,9/20/2021,Brewers Bay,A,LARA,268,NF,353,425,5.7,Alive,Healthy,H,No,No,,,
2024,6/10/2024,Brewers Bay,A,LARA,268,NF,,,5.6,Alive,Unhealthy,U,No,No,"AD,KR,NK,HB",NA,DISEASE-LEAF SPOTS
2022,10/22/2021,Magens Bay,A,COER,267,"F, ID",227,395,4,Alive,Healthy,H,No,No,"KWG, AD, HS, LU, LP",,coming off trunk that snapped
2024,6/10/2024,Brewers Bay,A,LARA,266,F,,,8.3,Alive,Healthy,H,No,No,"AD,KR,NK,HB",NA,
2022,9/20/2021,Brewers Bay,A,LARA,265,NF,118,323,6.1,Alive,Unhealthy,U,No,Yes,,,
2024,7/24/2024,Salt River,B,LARA,R1763,,245,0.69,2.8,Dead,Dead,D,No,No,,R-1726,MSD
2024,6/5/2024,Brewers Bay,A,LARA,265,"F, ID",,,7,Alive,Healthy,H,No,No,"AD,DG,HM",NA,
2022,9/20/2021,Brewers Bay,B,LARA,264,NF,225,393,7,Alive,Healthy,H,No,No,,,
2024,6/10/2024,Brewers Bay,B,LARA,264,NF,,,7.2,Alive,Unhealthy,U,No,No,,,
2022,9/20/2021,Brewers Bay,A,LARA,263,NF,342,74,5.2,Alive,Unhealthy,U,No,No,"AH, LP, HAS",,Only one live shoot
2024,6/10/2024,Brewers Bay,A,LARA,263,NF,,,5.5,Alive,Healthy,H,No,No,"AD,KR,NK,HB",NA,
2022,10/22/2021,Magens Bay,A,RHMA ,262,NF,312,475,3.4,Alive,Healthy,H,No,No,"KWG, AD, HS, LU, LP",,
2024,7/9/2024,Magens Bay,A,RHMA ,262,NF,305,,5.5,Alive,Healthy,H,No,No,,,
2022,9/20/2021,Brewers Bay,A,LARA,261,"ID, MD",285,253,4.9,Alive,Healthy,H,No,No,,,
2024,6/10/2024,Brewers Bay,A,LARA,261,F,,,5.3,Alive,Healthy,H,No,No,"AD,KR,NK,HB",NA,
2022,9/20/2021,Brewers Bay,B,LARA,260,MD,274,380,7,Alive,Unhealthy,UT,No,Yes,,,
2024,6/10/2024,Brewers Bay,B,LARA,260,NF,,,6.9,Alive,Unhealthy,U,No,No,,,
2022,9/20/2021,Brewers Bay,A,LARA,258,MD,145,370,8.2,Alive,Healthy,H,No,No,,,
2022,9/20/2021,Brewers Bay,B,LARA,257,NF,263,353,8.5,Alive,Unhealthy,UT,No,Yes,,,
2024,6/10/2024,Brewers Bay,B,LARA,257,NF,,,9.2,Alive,Unhealthy,U,No,No,,,
2022,9/20/2021,Brewers Bay,B,LARA,255,NF,266,299,7,Alive,Unhealthy,UT,No,Yes,,,
2022,9/20/2021,Brewers Bay,A,LARA,254,"F, ID",5,471,5.5,Alive,Healthy,H,No,No,,,
2024,6/5/2024,Brewers Bay,A,LARA,254,"F, ID",,,5.2,Alive,Healthy,H,No,No,"AD,DG,HM",NA,
2024,7/24/2024,Salt River,B,UNK,R2886,,125,4.02,5.2,Dead,Dead,D,No,No,,tree #59,
2022,9/21/2021,Brewers Bay,C,RHMA ,253,NF,125,444,5.4,Alive,Healthy,H,No,No,,,
2024,6/10/2024,Brewers Bay,C,RHMA ,253,"ID, MD",115,,6.7,Alive,Healthy,H,No,No,,,
2024,6/10/2024,Brewers Bay,C,RHMA ,253,MD,,,6.5,Alive,Healthy,H,No,No,,,
2024,6/10/2024,Brewers Bay,C,RHMA ,253,MD,,,6.5,Alive,Healthy,H,No,No,,,
2022,9/20/2021,Brewers Bay,A,LARA,252,NF,330,435,6.6,Alive,Unhealthy,U,No,No,,,
2024,6/10/2024,Brewers Bay,A,LARA,252,F,,,7,Alive,Unhealthy,U,No,No,"AD,KR,NK,HB",NA,
2022,9/20/2021,Brewers Bay,A,LARA,251,ID,22,366,7,Alive,Unhealthy,U,No,Yes,,,
2024,6/5/2024,Brewers Bay,A,LARA,251,,,,7.6,,,,No,No,"AD,DG,HM",NA,
2022,9/20/2021,Brewers Bay,B,LARA,250,NF,355,256,5.2,Alive,Healthy,H,No,No,,,
2024,6/10/2024,Brewers Bay,B,LARA,250,"NF, IM",,,6.2,Alive,Healthy,H,No,No,,,
2024,6/5/2024,Brewers Bay,A,LARA,247,,,,8.2,,,,No,No,"AD,DG,HM",NA,
2022,9/20/2021,Brewers Bay,A,LARA,246,ID,320,528,5,Alive,Unhealthy,U,No,No,,,
2024,6/5/2024,Brewers Bay,A,LARA,246,NF,,,5.1,Alive,Healthy,H,No,No,"AD,DG,HM",NA,DISEASE
2022,10/22/2021,Magens Bay,A,RHMA ,245,"ID, MD",317,521,4.2,Alive,Healthy,H,No,No,"KWG, AD, HS, LU, LP",,
2024,7/9/2024,Magens Bay,A,RHMA ,245,NF,325,,4.4,Alive,Healthy,H,No,No,,,
2022,9/20/2021,Brewers Bay,B,LARA,244,NF,40,490,8,Alive,Healthy,H,No,No,,,
2024,6/10/2024,Brewers Bay,B,LARA,244,"NF, NP",,,9.1,Alive,Healthy,H,No,No,,,
2022,9/21/2021,Brewers Bay,C,RHMA ,243,"ID, MD",239,457,12,Alive,Healthy,H,No,No,,,
2024,6/10/2024,Brewers Bay,C,RHMA ,243,,,,10.8,Alive,Healthy,H,No,No,,,
2022,9/20/2021,Brewers Bay,A,LARA,242,MD,56,560,10,Alive,Unhealthy,U,No,Yes,,,Iguana
2024,6/5/2024,Brewers Bay,A,LARA,242,NF,,,10.8,Alive,Unhealthy,U,No,No,"AD,DG,HM",NA,
2022,9/20/2021,Brewers Bay,A,LARA,241,MD,105,45,6.6,Alive,Healthy,H,No,No,,,
2024,6/10/2024,Brewers Bay,A,LARA,241,"F, ID",,,7.8,Alive,Healthy,H,No,No,"AD,KR,NK,HB",NA,DISEASE-LEAF SPOTS
2022,9/20/2021,Brewers Bay,A,LARA,240,"ID, MD",274,202,9,Alive,Healthy,H,No,No,,,
2024,7/24/2024,Salt River,C,RHMA ,,,85,2.6,3,Dead,Dead,D,No,Yes,"DG, KWG",,
2024,7/24/2024,Salt River,C,RHMA ,,,85,3.38,13.4,Dead,Dead,D,No,Yes,"DG, KWG",,
2024,6/10/2024,Brewers Bay,A,LARA,240,F,,,9.9,Alive,Healthy,H,No,No,"AD,KR,NK,HB",NA,
2024,7/24/2024,Salt River,C,THPO,,,118,5.47,2.9,Dead,Dead,D,No,No,AND,,
2024,7/24/2024,Salt River,C,THPO,,,122,4.64,2.5,Dead,Dead,D,No,No,AND,,
2022,9/20/2021,Brewers Bay,A,LARA,238,MD,199,153,6.4,Alive,Healthy,H,No,No,,,
2024,6/10/2024,Brewers Bay,A,LARA,238,F,,,6.5,Alive,Healthy,H,No,No,"AD,KR,NK,HB",NA,DISEASE-LEAF SPOTS
2022,9/20/2021,Brewers Bay,B,LARA,237,ID,137,471,6.5,Alive,Healthy,H,No,No,,,
2024,6/10/2024,Brewers Bay,B,LARA,237,"F, ID",,,9.1,Alive,Healthy,H,No,No,,,
2022,9/21/2021,Brewers Bay,C,RHMA ,236,ID,98,430,8.5,Alive,Healthy,H,No,No,,,
2022,2/25/2022,Water Creek,B,LARA,236,NF,157,458,2.6,Alive,Unhealthy,U,No,No,,,"Herbivory, Disease"
2024,6/10/2024,Brewers Bay,C,RHMA ,236,"ID, MD",,,8.6,Alive,Healthy,H,No,No,,,
2022,9/21/2021,Brewers Bay,C,RHMA ,235,ID,282,523,7.3,Alive,Healthy,H,No,No,,,
2024,6/10/2024,Brewers Bay,C,RHMA ,235,,,,8.1,Alive,Healthy,H,No,No,,,
2022,9/20/2021,Brewers Bay,A,LARA,233,MD,95,174,8.3,Alive,Healthy,H,No,No,,,
2024,6/5/2024,Brewers Bay,A,LARA,233,NF,,,9.8,Alive,Unhealthy,U,No,No,"AD,DG,HM",NA,
2022,9/20/2021,Brewers Bay,B,LARA,232,NF,185,51,8,Alive,Unhealthy,UF,Yes,No,,,
2022,9/20/2021,Brewers Bay,B,LARA,231,NF,175,428,6.1,Alive,Healthy,H,No,No,,,
2022,9/20/2021,Brewers Bay,A,LARA,230,"F, ID, MD",45,565,7.5,Alive,Unhealthy,UT,No,Yes,,,Lots of Herbivory
2022,9/20/2021,Brewers Bay,A,LARA,230,MD,34,571,7.5,Alive,Healthy,H,No,No,,,
2024,6/5/2024,Brewers Bay,A,LARA,230,NF,,,7.7,Alive,Unhealthy,U,No,No,"AD,DG,HM",NA,
2022,9/20/2021,Brewers Bay,B,LARA,229,NF,112,191,5.2,Alive,Healthy,H,No,No,,,
2024,6/10/2024,Brewers Bay,B,LARA,229,"F, ID",,,7,Alive,Healthy,H,No,Yes,,,
2022,9/21/2021,Brewers Bay,C,LARA,228,MD,12,188,5.2,Alive,Healthy,H,No,No,,,
2024,6/17/2024,Brewers Bay,C,LARA,228,"NF, ID",,,7.8,Alive,Healthy,H,No,No,,,
2022,9/20/2021,Brewers Bay,A,LARA,227,MD,110,187,8.8,Alive,Unhealthy,U,No,Yes,,,
2024,6/5/2024,Brewers Bay,A,LARA,227,NF,,,9.8,Alive,Healthy,H,No,No,"AD,DG,HM",NA,
2022,9/20/2021,Brewers Bay,A,LARA,226,"F, ID",26,485,7.5,Alive,Unhealthy,U,No,Yes,,,
2024,6/5/2024,Brewers Bay,A,LARA,226,"F, ID",,,8.3,Alive,Healthy,H,No,No,"AD,DG,HM",NA,
2024,7/24/2024,Salt River,C,RHMA ,R1446,,85,2.52,9.5,Dead,Dead,D,No,Yes,"DG, KWG",,
2024,7/24/2024,Salt River,C,RHMA ,R1450,,55,,10.7,Dead,Dead,D,No,No,"DG, KWG",,
2024,7/24/2024,Salt River,C,RHMA ,R1483,,70,2.98,10.5,Dead,Dead,D,No,Yes,"DG, KWG",,
2022,10/22/2021,Magens Bay,A,RHMA ,200,NF,327,484,2.5,Alive,Healthy,H,No,No,"KWG, AD, HS, LU, LP",,
2024,7/9/2024,Magens Bay,A,RHMA ,200,NF,325,,4.5,Alive,Healthy,H,No,No,,,
2024,6/5/2024,Brewers Bay,A,LARA,199,NF,,,8.3,Dying,Unhealthy,U,No,No,"AD,DG,HM",NA,
2022,9/20/2021,Brewers Bay,A,LARA,198,F,13,541,6,Alive,Unhealthy,UT,No,Yes,,,
2024,6/5/2024,Brewers Bay,A,LARA,198,"F, ID",,,6.4,Alive,Healthy,H,No,No,"AD,DG,HM",NA,
2022,9/20/2021,Brewers Bay,A,LARA,197,ID,145,243,5.1,Alive,Healthy,H,No,No,,,
2024,6/10/2024,Brewers Bay,A,LARA,197,NF,,,6.5,Alive,Healthy,H,No,No,"AD,KR,NK,HB",NA,DISEASE-LEAF SPOTS
2024,7/24/2024,Salt River,C,LARA,R2033,,230,1.43,2.6,Dead,Dead,D,No,No,"DG, JS, JC",,
2022,9/20/2021,Brewers Bay,A,LARA,196,"ID, MD",305,156,5.5,Alive,Healthy,H,No,No,,,
2024,6/10/2024,Brewers Bay,A,LARA,196,F,,,6.2,Alive,Healthy,H,No,No,"AD,KR,NK,HB",NA,DISEASE-LEAF SPOTS
2022,9/20/2021,Brewers Bay,A,LARA,195,NF,25,306,5.9,Alive,Unhealthy,U,No,Yes,,,Mostly dead
2022,9/20/2021,Brewers Bay,A,LARA,194,NF,201,95,5.6,Alive,Healthy,H,No,No,,,
2024,6/10/2024,Brewers Bay,A,LARA,194,F,,,6.7,Alive,Healthy,H,No,No,"AD,KR,NK,HB",NA,DISEASE-LEAF SPOTS
2022,9/20/2021,Brewers Bay,B,LARA,193,NF,321,482,5.3,Alive,Healthy,H,No,No,,,
2022,9/20/2021,Brewers Bay,A,LARA,192,NF,43,450,8.7,Alive,Unhealthy,U,No,Yes,,,
2024,6/5/2024,Brewers Bay,A,LARA,192,"F, ID",,,9.9,Alive,Unhealthy,U,No,No,"AD,DG,HM",NA,
2022,9/20/2021,Brewers Bay,B,LARA,191,ID,191,411,6.1,Alive,Healthy,H,No,No,,,
2024,6/10/2024,Brewers Bay,B,LARA,191,"F, ID",,,7.9,Alive,Healthy,H,No,No,,,
2024,7/24/2024,Salt River,C,RHMA ,R2882,,60,4,10.5,Dead,Dead,D,No,Yes,"DG, KWG",,
2022,9/20/2021,Brewers Bay,B,LARA,190,NF,52,192,6,Alive,Healthy,H,No,No,,,
2024,6/10/2024,Brewers Bay,B,LARA,190,"NF, NP",,,6,Alive,Healthy,H,No,No,,,
2022,10/22/2021,Magens Bay,A,COER,189,"F, ID",225,430,2.5,Alive,Healthy,H,No,No,"KWG, AD, HS, LU, LP",,
2024,7/9/2024,Magens Bay,A,RHMA ,189,NF,,,2.9,Alive,Healthy,H,No,No,"SM, JC, JS",,
2022,9/20/2021,Brewers Bay,B,LARA,187,"ID, MD",138,421,8.6,Alive,Healthy,H,No,No,,,
2024,6/10/2024,Brewers Bay,B,LARA,187,"F, ID",,,11.4,Alive,Healthy,H,No,No,,,
2024,7/9/2024,Magens Bay,A,RHMA ,187,NF,,,5.6,Alive,Healthy,H,No,No,"LU. SM, AD",,
2024,7/24/2024,Salt River,C,RHMA ,R2919,,190,4.67,10.2,Dead,Dead,D,No,No,"DG, KWG",,ants
2022,9/21/2021,Brewers Bay,C,RHMA ,186,NF,125,343,7.8,Alive,Healthy,H,No,No,,,
2022,9/20/2021,Brewers Bay,B,LARA,185,NF,358,515,7.9,Alive,Unhealthy,UTF,Yes,Yes,,,
2024,6/10/2024,Brewers Bay,B,LARA,185,"NF, NP",,,8.8,Alive,Unhealthy,U,No,No,,,A sappling growing 
2022,9/20/2021,Brewers Bay,A,LARA,184,MD,228,280,8.4,Alive,Healthy,H,No,No,,,
2024,6/10/2024,Brewers Bay,A,LARA,184,NF,,,10,Alive,Healthy,H,No,No,"AD,KR,NK,HB",NA,
2024,7/24/2024,Salt River,C,RHMA ,R2935,,230,0.32,11,Dead,Dead,D,No,No,"DG, KWG",,
2022,9/20/2021,Brewers Bay,B,LARA,183,NF,145,561,5.5,Alive,Healthy,H,No,No,,,
2024,6/10/2024,Brewers Bay,B,LARA,183,F,,,6.2,Alive,Healthy,H,No,Yes,,,
2022,9/20/2021,Brewers Bay,A,LARA,182,"F, ID, MD",9,405,8.1,Alive,Unhealthy,U,No,Yes,,,
2024,6/5/2024,Brewers Bay,A,LARA,182,NF,,,8.8,Alive,Unhealthy,U,No,No,"AD,DG,HM",NA,
2022,9/20/2021,Brewers Bay,B,LARA,181,NF,38,420,6.8,Alive,Unhealthy,UF,Yes,No,,,
2024,7/24/2024,Salt River,C,LARA,R2958,"IP, MP",185,3.5,5.4,Dead,Dead,D,No,Yes,"DG, KWG",,
2022,9/20/2021,Brewers Bay,A,LARA,180,NF,293,147,5.6,Alive,Unhealthy,U,No,Yes,,,
2024,6/10/2024,Brewers Bay,A,LARA,180,NF,,,5.6,Alive,Healthy,H,No,No,"AD,KR,NK,HB",NA,
2022,9/20/2021,Brewers Bay,A,LARA,179,MD,220,119,5.9,Alive,Healthy,H,No,No,,,
2024,6/10/2024,Brewers Bay,A,LARA,179,"F, ID",,,6.8,Alive,Healthy,H,No,No,"AD,KR,NK,HB",NA,DISEASE-LEAF SPOTS
2022,9/20/2021,Brewers Bay,A,LARA,178,MD,258,360,5.7,Alive,Healthy,H,No,No,,,
2024,6/10/2024,Brewers Bay,A,LARA,178,NF,,,6.5,Alive,Healthy,H,No,No,"AD,KR,NK,HB",NA,
2022,9/20/2021,Brewers Bay,A,LARA,177,NF,3,339,4.9,Alive,Healthy,H,No,No,,,
2022,9/20/2021,Brewers Bay,A,LARA,176,"ID, MD",331,87,7.1,Alive,Unhealthy,U,No,No,,,
2024,6/10/2024,Brewers Bay,A,LARA,176,F,,,8.3,Alive,Healthy,H,No,No,"AD,KR,NK,HB",NA,
2022,9/20/2021,Brewers Bay,A,LARA,175,"ID, MD",304,208,4.9,Alive,Healthy,H,No,No,,,
2024,6/10/2024,Brewers Bay,A,LARA,175,NF,,,5.7,Alive,Unhealthy,U,No,No,"AD,KR,NK,HB",NA,
2022,9/20/2021,Brewers Bay,B,LARA,174,NF,272,62,5.4,Alive,Healthy,H,No,No,,,
2024,6/10/2024,Brewers Bay,B,LARA,174,F,,,6.9,Alive,Healthy,H,No,No,,,Center tree!!
2024,7/24/2024,Salt River,C,LARA,R2988,,125,3.32,4.8,Dead,Dead,D,No,No,"DG, KWG",,
2022,9/20/2021,Brewers Bay,A,LARA,173,NF,67,457,5.6,Alive,Unhealthy,U,No,Yes,,,
2024,6/5/2024,Brewers Bay,A,LARA,173,"F, ID",,,5.4,Alive,Unhealthy,U,No,No,"AD,DG,HM",NA,
2022,9/20/2021,Brewers Bay,A,LARA,172,ID,330,520,5.6,Alive,Unhealthy,UT,No,Yes,,,
2022,9/21/2021,Brewers Bay,C,RHMA ,171,"ID, MD",239,510,5.9,Alive,Healthy,H,No,No,,,
2024,6/10/2024,Brewers Bay,C,RHMA ,171,,,,6.3,Alive,Healthy,H,No,No,,,
2022,9/20/2021,Brewers Bay,A,LARA,170,NF,61,324,5.6,Alive,Unhealthy,UT,No,Yes,,,
2024,6/5/2024,Brewers Bay,A,LARA,170,NF,,,5.4,Alive,Unhealthy,U,No,No,"AD,DG,HM",NA,
2022,10/22/2021,Magens Bay,A,RHMA ,169,NF,237,374,3.1,Alive,Healthy,H,No,No,"KWG, AD, HS, LU, LP",,
2024,7/9/2024,Magens Bay,A,RHMA ,169,NF,,,5.5,Alive,Healthy,H,No,No,"SM, JC, JS",,
2022,9/20/2021,Brewers Bay,A,LARA,167,NF,1,279,9,Alive,Unhealthy,U,No,Yes,,,
2024,7/22/2024,Southgate,A,AVGE,921,,,,3,Dead,Dead,D,No,No,"AND, JS",,
2024,7/22/2024,Southgate,A,AVGE,922,,,,2.6,Dead,Dead,D,No,No,"AND, JS",,
2022,9/20/2021,Brewers Bay,A,LARA,166,"F, ID, MD",21,287,8.2,Alive,Unhealthy,UT,No,Yes,,,
2024,7/22/2024,Southgate,A,AVGE,924,NF,,,2.8,Dead,Dead,D,No,No,"AND, JS",,
2024,7/22/2024,Southgate,A,AVGE,925,,,,2.8,Dead,Dead,D,No,No,"AND, JS",,
2024,6/5/2024,Brewers Bay,A,LARA,166,"F, ID",,,9.8,Alive,Healthy,H,No,No,"AD,DG,HM",NA,
2024,7/22/2024,Southgate,A,AVGE,927,,,,2.8,Dead,Dead,D,No,No,"AND, JS",,
2022,9/20/2021,Brewers Bay,A,LARA,165,MD,186,185,6,Alive,Healthy,H,No,No,,,
2024,7/22/2024,Southgate,A,AVGE,929,,,,2.5,Dead,Dead,D,No,No,"AD, DG, KWG, JS",,
2024,7/22/2024,Southgate,A,AVGE,930,,,,3,Dead,Dead,D,No,No,"AD, DG, KWG, JS",,
2022,9/20/2021,Brewers Bay,A,LARA,164,MD,193,155,6.4,Alive,Healthy,H,No,No,,,
2024,6/10/2024,Brewers Bay,A,LARA,164,NF,,,6.5,Alive,Healthy,H,No,No,"AD,KR,NK,HB",NA,DISEASE-LEAF SPOTS
2024,7/22/2024,Southgate,A,AVGE,936,,,,2.8,Dead,Dead,D,No,No,"AD, DG, KWG, JS",,
2024,7/22/2024,Southgate,A,AVGE,,,100,4.4,3.1,Dead,Dead,D,No,No,"AND, JS",,no tagging
2024,7/22/2024,Southgate,A,AVGE,,,265,4.87,2.6,Dead,Dead,D,No,No,"AD, DG, KWG, JS",,no tagging
2024,6/10/2024,Brewers Bay,A,LARA,164,F,,,8.2,Alive,Healthy,H,No,No,"AD,KR,NK,HB",NA,DISEASE-LEAF SPOTS
2022,9/20/2021,Brewers Bay,A,LARA,163,NF,357,535,5.4,Alive,Healthy,H,No,No,,,
2024,6/10/2024,Brewers Bay,A,LARA,163,"F, ID",,,6.1,Alive,Healthy,H,No,No,"AD,KR,NK,HB",NA,
2022,9/20/2021,Brewers Bay,A,LARA,162,MD,122,236,8.2,Alive,Unhealthy,U,No,Yes,,,
2024,6/10/2024,Brewers Bay,A,LARA,162,"F, ID",,,9,Alive,Healthy,H,No,No,"AD,KR,NK,HB",NA,DISEASE-LEAF SPOTS
2022,9/20/2021,Brewers Bay,A,LARA,161,NF,44,452,4.5,Alive,Unhealthy,UT,No,Yes,,,
2024,6/5/2024,Brewers Bay,A,THPO,161,NF,,,10,Alive,Unhealthy,U,No,No,"AD,DG,HM",NA,
2022,9/20/2021,Brewers Bay,A,LARA,160,MD,110,346,5.7,Alive,Healthy,H,No,No,,,
2024,6/5/2024,Brewers Bay,A,LARA,160,"F, ID",,,6.2,Alive,Healthy,H,No,No,"AD,DG,HM",NA,
2022,9/20/2021,Brewers Bay,A,LARA,159,NF,61,435,5.2,Alive,Unhealthy,UT,No,Yes,,,
2024,6/5/2024,Brewers Bay,A,LARA,159,,,,6.5,Alive,Unhealthy,U,No,No,"AD,DG,HM",NA,
2022,10/22/2021,Magens Bay,A,COER,158,"F, ID",207,434,7.9,Alive,Healthy,H,No,No,"KWG, AD, HS, LU, LP",,
2024,7/9/2024,Magens Bay,A,COER,158,NF,,,8.3,Alive,Healthy,H,No,No,"SM, JC, JS",,
2022,10/22/2021,Magens Bay,A,RHMA ,157,"F, ID, MD",145,560,2.8,Alive,Healthy,H,No,No,"KWG, AD, HS, LU, LP",,
2022,9/20/2021,Brewers Bay,A,LARA,155,MD,243,233,5.5,Alive,Healthy,H,No,No,,,
2024,6/10/2024,Brewers Bay,A,LARA,155,NF,,,5.4,Alive,Healthy,H,No,No,"AD,KR,NK,HB",NA,
2022,9/20/2021,Brewers Bay,B,LARA,154,NF,40,548,6.7,Alive,Healthy,H,No,No,,,
2022,9/21/2021,Brewers Bay,C,LARA,153,"F, ID",71,292,7.6,Alive,Healthy,H,No,No,,,
2024,6/10/2024,Brewers Bay,C,LARA,153,"F, ID",,,9.2,Alive,Healthy,H,No,No,,,
2024,7/22/2024,Southgate,B,LARA,646,,,,,Dead,Dead,D,No,No,,,REMOVED
2022,10/22/2021,Magens Bay,A,RHMA ,152,F,6,80,2.8,Alive,Healthy,H,No,No,"KWG, AD, HS, LU, LP",,
2024,7/9/2024,Magens Bay,A,RHMA ,152,NF,,,4.2,Alive,Healthy,H,No,No,"LU. SM, AD",connected to R-1245,
2022,9/20/2021,Brewers Bay,B,LARA,151,NF,32,291,5.1,Alive,Healthy,H,No,No,,,
2024,6/10/2024,Brewers Bay,B,LARA,151,"NF, IM",,,8.6,Alive,Healthy,H,No,No,,,
2024,7/22/2024,Southgate,B,LARA,654,,,,,Dead,Dead,D,No,No,"DG, KWG, SM",,REMOVED
2024,7/22/2024,Southgate,B,LARA,655,,,,,Dead,Dead,D,No,No,"DG, KWG, SM",,REMOVED
2022,9/21/2021,Brewers Bay,C,RHMA ,148,NF,174,104,5,Alive,Healthy,H,No,No,,,
2024,7/22/2024,Southgate,B,LARA,667,,,,,Dead,Dead,D,No,No,,,REMOVED
2024,6/10/2024,Brewers Bay,C,RHMA ,148,,,,5,Alive,Healthy,H,No,No,,,
2022,10/22/2021,Magens Bay,A,RHMA ,146,F,15.5,144,2.6,Alive,Healthy,H,No,No,"KWG, AD, HS, LU, LP",,
2022,9/20/2021,Brewers Bay,B,LARA,144,NF,180,448,8.5,Alive,Healthy,H,No,No,,,
2024,7/22/2024,Southgate,B,LARA,671,,,,,Dead,Dead,D,No,No,"AD, DG, KWG, JS",,pulled tag
2024,6/10/2024,Brewers Bay,B,LARA,144,F,,,9.1,Alive,Unhealthy,U,No,Yes,,,MSD
2022,9/20/2021,Brewers Bay,B,LARA,143,NF,145,446,6.4,Alive,Healthy,H,No,No,,,
2024,6/10/2024,Brewers Bay,B,LARA,143,F,,,6.8,Alive,Healthy,H,No,Yes,,,Tree crab 
2022,9/20/2021,Brewers Bay,A,LARA,142,"ID, MD",341,542,6,Alive,Healthy,H,No,No,,,
2024,6/10/2024,Brewers Bay,A,LARA,142,NF,,,6.8,Alive,Unhealthy,U,No,No,"AD,KR,NK,HB",NA,
2022,9/20/2021,Brewers Bay,A,LARA,141,NF,336,500,6.5,Alive,Unhealthy,U,No,No,,,
2024,6/10/2024,Brewers Bay,A,LARA,141,F,,,6.2,Alive,Healthy,H,No,No,"AD,KR,NK,HB",NA,
2022,9/20/2021,Brewers Bay,B,LARA,139,NF,90,287,7,Alive,Unhealthy,UF,Yes,No,,,
2024,7/22/2024,Southgate,B,LARA,912,,,,7.4,Dead,Dead,D,No,No,"AND, JS, DG","R-2678, R-2647",
2024,6/10/2024,Brewers Bay,B,LARA,139,NF,,,5.4,Alive,Unhealthy,U,No,Yes,,,Disease
2024,7/22/2024,Southgate,B,LARA,913,,,,,Dead,Dead,D,No,No,"AD, DG, KWG, JS",,pulled tag
2022,9/20/2021,Brewers Bay,A,THPO,138,NF,86,496,5,Alive,Unhealthy,UT,No,Yes,,,
2024,6/5/2024,Brewers Bay,A,THPO,138,,,,4.5,Alive,Unhealthy,U,No,No,"AD,DG,HM",NA,
2022,9/20/2021,Brewers Bay,B,LARA,137,NF,63,495,7.2,Alive,Unhealthy,U,No,No,,,
2024,6/10/2024,Brewers Bay,B,LARA,137,"NF, IM",,,7.4,Alive,Healthy,H,No,,,,something is eatng the leaves 
2022,9/20/2021,Brewers Bay,B,LARA,136,NF,141,435,5.3,Alive,Healthy,H,No,No,,,
2024,6/10/2024,Brewers Bay,B,LARA,136,NF,,,5.3,Alive,Unhealthy,U,No,Yes,,,
2022,9/21/2021,Brewers Bay,C,RHMA ,135,ID,246,497,7.2,Alive,Healthy,H,No,No,,,
2024,6/10/2024,Brewers Bay,C,RHMA ,135,,,,7.5,Alive,Healthy,H,No,No,,,
2024,6/5/2024,Brewers Bay,A,LARA,134,,,,6,Alive,Unhealthy,U,No,No,"AD,DG,HM",NA,
2022,9/21/2021,Brewers Bay,C,RHMA ,133,MD,265,517,5,Alive,Healthy,H,No,No,,,
2024,6/10/2024,Brewers Bay,C,LARA,133,,,,5.3,Alive,Healthy,H,No,No,,,
2024,7/22/2024,Southgate,B,LARA,962,"F, IP, MP",,,,Dead,Dead,D,No,No,"AND, JS, DG",,REMOVED
2022,10/1/2021,Mandahl Bay,A,LARA,132,NF,0,0,7.2,Alive,Unhealthy,U,No,Yes,"KH, HAS, LP, LU",,Central tree
2022,10/1/2021,Mandahl Bay,A,LARA,132,NF,0,0,7.2,Alive,Unhealthy,U,No,Yes,"KH, HAS, LP, LU",,Center tree
2022,9/21/2021,Brewers Bay,C,LARA,131,NF,130,263,6,Alive,Healthy,H,No,No,,,
2024,6/10/2024,Brewers Bay,C,LARA,131,"F, ID",,,7.5,Alive,Healthy,H,No,No,,,
2022,9/20/2021,Brewers Bay,A,LARA,130,MD,125,194,5.4,Alive,Healthy,H,No,No,,,
2024,6/10/2024,Brewers Bay,A,LARA,130,"F, ID",,,8.3,Alive,Healthy,H,No,No,"AD,KR,NK,HB",NA,DISEASE-LEAF SPOTS
2022,9/21/2021,Brewers Bay,C,RHMA ,129,"ID, MD",283,554,7.5,Alive,Healthy,H,No,No,,,
2024,6/10/2024,Brewers Bay,C,LARA,129,ID,,,8.9,Alive,Healthy,H,No,No,,,
2022,9/20/2021,Brewers Bay,B,LARA,128,NF,95,136,5.5,Alive,Healthy,H,No,No,,,
2024,6/10/2024,Brewers Bay,A,LARA,128,NF,,,6.1,Alive,Unhealthy,U,No,No,"AD,KR,NK,HB",NA,
2024,7/22/2024,Southgate,B,LARA,976,,,,,Dead,Dead,D,No,No,"AND, JS, DG",,REMOVED
2024,7/22/2024,Southgate,B,LARA,977,,,,4.3,Dead,Dead,D,No,No,"AND, JS, DG",,
2024,7/22/2024,Southgate,B,LARA,978,,,,,Dead,Dead,D,No,No,"AND, JS, DG",,REMOVED
2024,6/10/2024,Brewers Bay,B,LARA,128,NF,,,5.7,Alive,Unhealthy,U,No,Yes,,,
2022,10/22/2021,Magens Bay,A,RHMA ,127,NF,215,86,2.8,Alive,Healthy,H,No,No,"KWG, AD, HS, LU, LP",,
2024,7/9/2024,Magens Bay,A,RHMA ,127,NF,,,6.2,Alive,Healthy,H,No,No,,,
2024,7/22/2024,Southgate,B,LARA,983,,,,,Dead,Dead,D,No,No,"DG, KWG, SM",,REMOVED
2024,7/22/2024,Southgate,B,LARA,984,"F, IP, MP",,,,Dead,Dead,D,No,No,"AND, JS, DG",,REMOVED
2024,7/9/2024,Magens Bay,B,RHMA ,127,NF,,,2.8,Alive,Healthy,H,No,No,"SM, JC, JS",,
2022,9/20/2021,Brewers Bay,A,LARA,126,"ID, MD",314,137,7.1,Alive,Unhealthy,U,No,Yes,,,
2024,6/10/2024,Brewers Bay,A,LARA,126,F,,,7.1,Alive,Healthy,H,No,No,"AD,KR,NK,HB",NA,
2024,7/22/2024,Southgate,B,LARA,988,,,,6,Dead,Dead,D,No,No,"AD, DG, KWG, JS",,
2022,9/20/2021,Brewers Bay,B,LARA,125,NF,138,470,7.5,Alive,Healthy,H,No,No,,,
2024,6/10/2024,Brewers Bay,B,LARA,125,"F, ID",,,10.2,Alive,Healthy,H,No,No,,,
2024,7/22/2024,Southgate,B,LARA,,,,,,Dead,Dead,D,No,No,"AD, DG, KWG, JS",,pulled tag
2022,9/21/2021,Brewers Bay,C,LARA,124,NF,230,550,5.5,Alive,Healthy,H,No,No,,,
2024,6/10/2024,Brewers Bay,C,RHMA ,124,,,,6,Alive,Healthy,H,No,No,,,
2024,6/10/2024,Brewers Bay,C,LARA,124,"F, ID",,5.13,3.2,Alive,Unhealthy,U,No,No,,,
2024,6/10/2024,Brewers Bay,C,RHMA ,123,,,,9.7,Alive,Healthy,H,No,No,,,
2022,9/20/2021,Brewers Bay,B,LARA,122,NF,346,508,6,Alive,Unhealthy,UT,No,Yes,,,
2024,6/5/2024,Brewers Bay,A,LARA,122,"F, ID",,,7.1,Alive,Healthy,H,No,No,"AD,DG,HM",NA,
2024,6/10/2024,Brewers Bay,B,LARA,122,"NF, IM",169,5.35,6.1,Alive,Unhealthy,U,No,,,,
2022,9/21/2021,Brewers Bay,C,LARA,121,NF,150,482,5.8,Alive,Healthy,H,No,No,,,
2024,6/10/2024,Brewers Bay,C,LARA,121,"F, ID",,,6.7,Alive,Healthy,H,No,No,,,
2022,9/20/2021,Brewers Bay,A,LARA,120,"ID, MD",286,203,5.5,Alive,Healthy,H,No,No,,,
2022,9/20/2021,Brewers Bay,A,LARA,119,NF,45,410,7.3,Alive,Unhealthy,U,No,Yes,,,
2024,6/5/2024,Brewers Bay,A,LARA,119,NF,,,7.4,Alive,Unhealthy,U,No,No,"AD,DG,HM",NA,
2022,10/22/2021,Magens Bay,A,RHMA ,118,F,243,281,2.8,Alive,Healthy,H,No,No,"KWG, AD, HS, LU, LP",,
2024,7/9/2024,Magens Bay,A,RHMA ,118,NF,,,6,Alive,Healthy,H,No,Yes,"SM, JC, JS",,
2022,9/20/2021,Brewers Bay,A,LARA,117,MD,184,160,7.1,Alive,Healthy,H,No,No,,,
2024,6/10/2024,Brewers Bay,A,LARA,117,"F, ID",,,8.6,Alive,Healthy,H,No,No,"AD,KR,NK,HB",NA,DISEASE-LEAF SPOTS
2022,9/20/2021,Brewers Bay,A,LARA,116,NF,45,523,6.3,Alive,Unhealthy,U,No,Yes,,,
2022,9/20/2021,Brewers Bay,A,LARA,116,NF,39,519,6.2,Alive,Unhealthy,UT,No,Yes,,,
2024,6/5/2024,Brewers Bay,A,THPO,116,"F, ID",,,6.4,Alive,Healthy,H,No,No,"AD,DG,HM",NA,
2022,10/1/2021,Mandahl Bay,C,LARA,114,MD,0,0,3.7,Alive,Healthy,H,No,No,"KH, HAS, LP, LU",,
2024,6/10/2024,Mandahl Bay,C,LARA,114,NF,,0,5.8,Alive,Healthy,H,No,No,"SM, DG, SH",2884,
2022,9/21/2021,Brewers Bay,C,RHMA ,113,NF,285,445,8.2,Alive,Unhealthy,U,No,No,,,
2022,9/20/2021,Brewers Bay,A,LARA,112,NF,38,183,6.6,Alive,Healthy,H,No,No,,,
2024,6/5/2024,Brewers Bay,A,LARA,112,NF,,,7,Alive,Healthy,H,No,No,"AD,DG,HM",NA,DISEASE
2022,10/22/2021,Magens Bay,A,RHMA ,111,NF,9,319,2.9,Alive,Healthy,H,No,No,"KWG, AD, HS, LU, LP",,
2024,7/9/2024,Magens Bay,A,RHMA ,111,NF,,,5.1,Alive,Healthy,H,No,No,,,
2022,9/20/2021,Brewers Bay,A,LARA,108,F,63,470,5.8,Alive,Unhealthy,U,No,Yes,,,
2024,6/5/2024,Brewers Bay,A,LARA,108,NF,,,6,Alive,Unhealthy,U,No,No,"AD,DG,HM",NA,
2022,10/22/2021,Magens Bay,A,RHMA ,107,NF,71,355,2.7,Alive,Healthy,H,No,No,"KWG, AD, HS, LU, LP",,
2024,7/9/2024,Magens Bay,A,RHMA ,107,NF,,,7.2,Alive,Healthy,H,No,No,,,
2022,9/21/2021,Brewers Bay,C,RHMA ,106,MD,153,192,6,Alive,Healthy,H,No,No,,,
2024,6/10/2024,Brewers Bay,C,RHMA ,106,"ID, MD",,,7.2,Alive,Healthy,H,No,No,,,
2022,9/20/2021,Brewers Bay,A,LARA,105,MD,110,223,9.6,Alive,Healthy,H,No,No,,,
2024,6/5/2024,Brewers Bay,A,LARA,105,"F, ID",,,11.7,Alive,Healthy,H,No,No,"AD,DG,HM",NA,
2022,9/20/2021,Brewers Bay,B,LARA,104,NF,287,542,6,Alive,Healthy,H,No,No,,,
2024,6/10/2024,Brewers Bay,B,LARA,104,"F, IM",,,7.6,Alive,Healthy,H,No,,,,
2022,9/21/2021,Brewers Bay,C,RHMA ,103,NF,252,546,11,Alive,Healthy,H,No,No,,,
2024,6/10/2024,Brewers Bay,C,LARA,103,,,,6.3,Alive,Healthy,H,No,No,,,
2022,9/21/2021,Brewers Bay,C,RHMA ,102,ID,250,486,11,Alive,Healthy,H,No,No,,,
2024,6/10/2024,Brewers Bay,C,RHMA ,102,,,,12.4,Alive,Healthy,H,No,No,,,
2022,9/21/2021,Brewers Bay,C,RHMA ,101,NF,350,93,6.9,Alive,Healthy,H,No,No,,,
2024,6/17/2024,Brewers Bay,C,LARA,101,"NF, ID",,,3.5,Alive,Healthy,H,No,No,,,
2022,9/20/2021,Brewers Bay,A,LARA,,MD,168,199,5.9,Alive,Healthy,H,No,No,,,
2022,9/20/2021,Brewers Bay,A,LARA,,MD,237,504,2.5,Alive,Healthy,H,No,No,,,
2022,9/20/2021,Brewers Bay,A,LARA,,NF,43,494,2.5,Alive,Unhealthy,U,No,Yes,,,Mostly dead
2022,9/20/2021,Brewers Bay,A,LARA,,NF,42,505,2.6,Alive,Unhealthy,U,No,Yes,,,
2022,9/20/2021,Brewers Bay,A,LARA,,MD,125,174,3.5,Alive,Healthy,H,No,No,,,
2022,9/20/2021,Brewers Bay,A,LARA,,MD,145,292,3.3,Alive,Unhealthy,UT,No,Yes,,,
2022,9/20/2021,Brewers Bay,A,LARA,,ID,185,358,4.8,Alive,Healthy,H,No,No,,,
2022,9/20/2021,Brewers Bay,A,LARA,,MD,185,421,4.8,Alive,Healthy,H,No,No,,,
2022,9/20/2021,Brewers Bay,A,LARA,,MD,165,486,4.2,Alive,Healthy,H,No,No,,,
2022,9/20/2021,Brewers Bay,A,LARA,,ID,150,460,2.5,Alive,Healthy,H,No,No,,,
2024,7/22/2024,Southgate,C,LARA,658,,,,3.2,Dead,Dead,D,No,No,"AND, JS",,
2022,9/20/2021,Brewers Bay,A,LARA,,ID,208,317,2.6,Alive,Healthy,H,No,No,,,
2022,9/20/2021,Brewers Bay,A,LARA,,MD,208,463,3.1,Alive,Healthy,H,No,No,,,
2022,9/20/2021,Brewers Bay,A,LARA,,MD,200,540,3.4,Alive,Healthy,H,No,No,,,
2022,9/20/2021,Brewers Bay,A,LARA,,MD,212,300,4.7,Alive,Healthy,H,No,No,,,
2022,9/20/2021,Brewers Bay,A,LARA,,MD,221,333,4.9,Alive,Healthy,H,No,No,,,
2022,9/20/2021,Brewers Bay,A,LARA,,ID,237,179,3.7,Alive,Healthy,H,No,No,,,
2022,9/20/2021,Brewers Bay,A,LARA,,MD,248,140,4.8,Alive,Healthy,H,No,No,,,
2022,9/20/2021,Brewers Bay,A,LARA,,NF,241,130,3.5,Alive,Unhealthy,U,No,No,,,
2022,9/20/2021,Brewers Bay,A,LARA,,MD,221,101,4,Alive,Healthy,H,No,No,,,
2022,9/20/2021,Brewers Bay,A,LARA,,NF,195,52,2.7,Alive,Healthy,H,No,No,,,
2022,9/20/2021,Brewers Bay,A,LARA,,NF,158,81,3.1,Alive,Healthy,H,No,No,,,
2022,9/20/2021,Brewers Bay,A,LARA,,NF,159,138,3.1,Alive,Healthy,H,No,No,,,
2022,9/20/2021,Brewers Bay,A,LARA,,NF,163,175,2.6,Alive,Healthy,H,No,No,,,
2022,9/20/2021,Brewers Bay,A,LARA,,NF,170,228,4.4,Alive,Healthy,H,No,No,,,
2022,9/20/2021,Brewers Bay,A,LARA,,MD,187,115,3.9,Alive,Healthy,H,No,No,,,
2022,9/20/2021,Brewers Bay,A,LARA,,NF,79,174,3,Alive,Healthy,H,No,No,,,
2022,9/20/2021,Brewers Bay,A,LARA,,NF,64,210,3.7,Alive,Healthy,H,No,No,,,
2022,9/20/2021,Brewers Bay,A,LARA,,NF,62,267,3.1,Alive,Healthy,H,No,No,,,
2022,9/20/2021,Brewers Bay,A,LARA,,NF,54,408,3.7,Alive,Healthy,H,No,No,,,
2024,7/22/2024,Southgate,C,LARA,760,,,,,Dead,Dead,D,No,No,"AND, JS",,pulling tag
2024,7/22/2024,Southgate,C,LARA,761,,,,,Dead,Dead,D,No,No,"AND, JS",,pulling tag
2022,9/20/2021,Brewers Bay,A,LARA,,NF,50,424,3,Alive,Healthy,H,No,No,,,
2022,9/20/2021,Brewers Bay,A,LARA,,NF,41,500,3.9,Alive,Unhealthy,U,No,No,,,
2022,9/20/2021,Brewers Bay,A,LARA,,NF,39,542,4.4,Alive,Unhealthy,UT,No,Yes,,,
2022,9/20/2021,Brewers Bay,A,LARA,,NF,39,471,3.4,Alive,Healthy,H,No,No,,,
2022,9/20/2021,Brewers Bay,A,LARA,,NF,28,439,4.3,Alive,Healthy,H,No,No,,,
2022,9/20/2021,Brewers Bay,A,LARA,,MD,220,417,2.5,Alive,Healthy,H,No,No,,,
2022,9/20/2021,Brewers Bay,A,LARA,,NF,28,500,2.6,Alive,Healthy,H,No,No,,,
2022,9/20/2021,Brewers Bay,A,LARA,,ID,234,377,3.1,Alive,Healthy,H,No,No,,,
2022,9/20/2021,Brewers Bay,A,LARA,,ID,194,195,2.8,Alive,Healthy,H,No,No,,,
2022,9/20/2021,Brewers Bay,A,LARA,,MD,228,443,4.6,Alive,Healthy,H,No,No,,,
2022,9/20/2021,Brewers Bay,A,THPO,,NF,70,418,3.1,Alive,Unhealthy,UT,No,Yes,,,
2022,9/20/2021,Brewers Bay,A,THPO,,NF,82,414,3.8,Alive,Unhealthy,UT,No,Yes,,,
2022,9/20/2021,Brewers Bay,A,LARA,,NF,118,331,3.7,Alive,Unhealthy,UT,No,Yes,,,
2022,9/20/2021,Brewers Bay,A,LARA,,MD,129,449,3.4,Alive,Healthy,H,No,No,,,
2022,9/20/2021,Brewers Bay,A,LARA,,MD,147,306,3.9,Alive,Healthy,H,No,No,,,
2022,9/20/2021,Brewers Bay,A,LARA,,NF,115,211,3,Alive,Unhealthy,UT,No,Yes,,,
2022,9/20/2021,Brewers Bay,A,LARA,,MD,197,257,2.6,Alive,Healthy,H,No,No,,,
2022,9/20/2021,Brewers Bay,A,LARA,,MD,237,437,2.9,Alive,Healthy,H,No,No,,,
2022,9/20/2021,Brewers Bay,A,LARA,,MD,235,402,4.9,Alive,Healthy,H,No,No,,,
2022,9/20/2021,Brewers Bay,A,LARA,,MD,245,413,4.2,Alive,Healthy,H,No,No,,,
2022,9/20/2021,Brewers Bay,A,LARA,,MD,250,423,2.5,Alive,Healthy,H,No,No,,,
2022,9/20/2021,Brewers Bay,A,LARA,,MD,250,348,2.8,Alive,Healthy,H,No,No,,,
2022,9/20/2021,Brewers Bay,A,LARA,,MD,255,470,2.5,Alive,Healthy,H,No,No,,,
2022,9/20/2021,Brewers Bay,A,LARA,,MD,258,560,3.4,Alive,Healthy,H,No,No,,,
2022,9/20/2021,Brewers Bay,A,LARA,,MD,261,423,3.5,Alive,Healthy,H,No,No,,,
2022,9/20/2021,Brewers Bay,A,LARA,,MD,260,548,4,Alive,Healthy,H,No,No,,,
2022,9/20/2021,Brewers Bay,A,LARA,,MD,260,548,3,Alive,Healthy,H,No,No,,,
2022,9/20/2021,Brewers Bay,A,LARA,,MD,270,548,3.5,Alive,Healthy,H,No,No,,,
2022,9/20/2021,Brewers Bay,A,LARA,,"ID, MD",277,450,2.7,Alive,Healthy,H,No,No,,,
2022,9/20/2021,Brewers Bay,A,LARA,,"ID, MD",277,311,3.2,Alive,Healthy,H,No,No,,,
2022,9/20/2021,Brewers Bay,A,LARA,,"ID, MD",285,322,2.6,Alive,Healthy,H,No,No,,,
2022,9/20/2021,Brewers Bay,A,LARA,,"ID, MD",296,305,3.4,Alive,Healthy,H,No,No,,,
2022,9/20/2021,Brewers Bay,A,LARA,,"ID, MD",293,248,4,Alive,Healthy,H,No,No,,,
2022,9/20/2021,Brewers Bay,A,LARA,,MD,279,178,4,Alive,Healthy,H,No,No,,,
2022,9/20/2021,Brewers Bay,A,LARA,,NF,305,127,3.2,Alive,Unhealthy,UT,No,Yes,,,
2022,9/20/2021,Brewers Bay,A,LARA,,NF,312,113,3.3,Alive,Unhealthy,U,No,No,,,
2022,9/20/2021,Brewers Bay,A,LARA,,NF,287,78,3.1,Alive,Unhealthy,U,No,No,,,
2022,9/20/2021,Brewers Bay,A,LARA,,"ID, MD",264,135,3.5,Alive,Unhealthy,U,No,No,,,
2022,9/20/2021,Brewers Bay,A,LARA,,"ID, MD",322,142,4.1,Alive,Unhealthy,UT,No,Yes,,,
2022,9/20/2021,Brewers Bay,A,LARA,,ID,324,188,4.4,Alive,Healthy,H,No,No,,,
2022,9/20/2021,Brewers Bay,A,LARA,,NF,329,255,3.2,Alive,Healthy,H,No,No,,,
2022,9/20/2021,Brewers Bay,A,LARA,,NF,320,287,3,Alive,Unhealthy,U,No,No,,,
2022,9/20/2021,Brewers Bay,A,LARA,,"ID, MD",324,450,2.6,Alive,Healthy,H,No,No,,,
2022,9/20/2021,Brewers Bay,A,LARA,,"F, ID",348,290,2.5,Alive,Unhealthy,U,No,No,,,
2022,9/20/2021,Brewers Bay,A,LARA,,NF,331,545,3,Alive,Healthy,H,No,No,,,
2022,9/20/2021,Brewers Bay,A,LARA,,ID,332,520,4.9,Alive,Healthy,H,No,No,,,
2022,9/20/2021,Brewers Bay,A,LARA,,NF,339,485,4.5,Alive,Healthy,H,No,No,,,
2022,9/20/2021,Brewers Bay,A,LARA,,"F, ID, MD",336,500,3.7,Alive,Healthy,H,No,No,,,
2022,9/20/2021,Brewers Bay,A,LARA,,NF,356,272,2.6,Alive,Healthy,H,No,No,,,
2024,7/22/2024,Southgate,C,LARA,992,,,,9.3,Dead,Dead,D,No,Yes,DG,,
2024,7/22/2024,Southgate,C,LARA,993,,,,7.5,Dead,Dead,D,No,No,"AND, JS",,
2024,7/22/2024,Southgate,C,LARA,995,,,,7.4,Dead,Dead,D,No,No,"AND, JS",,
2022,9/20/2021,Brewers Bay,A,LARA,,NF,359,170,3.2,Alive,Healthy,H,No,No,,,
2022,9/20/2021,Brewers Bay,A,LARA,,ID,9,525,2.5,Alive,Healthy,H,No,No,,,
2022,9/20/2021,Brewers Bay,A,LARA,,NF,16,410,3.3,Alive,Unhealthy,UT,No,Yes,,,
2022,9/20/2021,Brewers Bay,A,LARA,,NF,19,460,3.9,Alive,Unhealthy,UT,No,Yes,,,
2024,7/22/2024,Southgate,C,LARA,,,245,3.21,12.8,Dead,Dead,D,No,No,"AND, JS",,
2024,7/22/2024,Southgate,C,LARA,,,141,3.51,7,Dead,Dead,D,No,Yes,"AND, JS",,no tag; dead
2022,9/20/2021,Brewers Bay,A,LARA,,NF,22,460,3.3,Alive,Healthy,H,No,No,,,
2022,9/20/2021,Brewers Bay,A,LARA,,NF,24,449,4.5,Alive,Healthy,H,No,No,,,
2022,9/20/2021,Brewers Bay,A,LARA,,NF,20,525,3.3,Alive,Healthy,H,No,No,,,
2022,9/20/2021,Brewers Bay,A,LARA,,NF,27,370,4,Alive,Unhealthy,UT,No,Yes,,,
2022,9/20/2021,Brewers Bay,A,LARA,,NF,29,402,4,Alive,Unhealthy,UT,No,Yes,,,
2022,9/20/2021,Brewers Bay,A,LARA,,NF,24,409,2.5,Alive,Healthy,H,No,No,,,
2022,9/20/2021,Brewers Bay,A,LARA,,NF,30,466,3,Alive,Healthy,H,No,No,,,
2022,9/20/2021,Brewers Bay,A,LARA,,NF,32,396,4.1,Alive,Unhealthy,UT,No,Yes,,,
2022,9/20/2021,Brewers Bay,B,LARA,,NF,272,52,4.8,Alive,Healthy,H,No,No,,,
2022,9/20/2021,Brewers Bay,B,LARA,,NF,292,206,3.9,Alive,Healthy,H,No,No,,,
2022,9/20/2021,Brewers Bay,B,LARA,,NF,292,208,3.9,Alive,Healthy,H,No,No,,,
2022,9/20/2021,Brewers Bay,B,LARA,,NF,276,385,4.8,Alive,Healthy,H,No,No,,,
2022,9/20/2021,Brewers Bay,B,LARA,,NF,278,498,3.5,Alive,Unhealthy,UT,No,Yes,,,
2022,9/20/2021,Brewers Bay,B,LARA,,NF,340,502,4.7,Alive,Unhealthy,UT,No,Yes,,,
2022,9/20/2021,Brewers Bay,B,LARA,,NF,358,560,4,Alive,Healthy,H,No,No,,,
2022,9/20/2021,Brewers Bay,B,LARA,,ID,356,555,4.7,Alive,Healthy,H,No,No,,,
2022,9/20/2021,Brewers Bay,B,LARA,,NF,28,490,4.2,Alive,Unhealthy,UF,Yes,No,,,
2022,9/20/2021,Brewers Bay,B,LARA,,NF,37,255,4.6,Alive,Healthy,H,No,No,,,
2022,9/20/2021,Brewers Bay,B,LARA,,NF,125,203,4.5,Alive,Healthy,H,No,No,,,
2022,9/20/2021,Brewers Bay,B,LARA,,NF,70,389,3,Alive,Healthy,H,No,No,,,
2022,9/20/2021,Brewers Bay,B,LARA,,NF,70,398,3,Alive,Healthy,H,No,No,,,
2022,9/20/2021,Brewers Bay,B,LARA,,NF,61,221,3.7,Alive,Healthy,H,No,No,,,
2022,9/20/2021,Brewers Bay,B,LARA,,NF,96,133,3.2,Alive,Healthy,H,No,No,,,
2024,6/26/2024,STEER Basin,A,UNK,,,96,1.63,8.5,Dead,Dead,D,No,No,"DG, KR",,
2024,6/26/2024,STEER Basin,A,UNK,,,94,1.45,10.1,Dead,Dead,D,No,No,"DG, KR",,
2024,6/26/2024,STEER Basin,A,UNK,,,92,2.49,9.91,Dead,Dead,D,No,No,"DG, KR",,
2024,6/26/2024,STEER Basin,A,UNK,,,25,2.11,5.5,Dead,Dead,D,No,No,"DG, KR",,
2024,6/26/2024,STEER Basin,A,UNK,,,16,2.01,10,Dead,Dead,D,No,No,"DG, KR",,
2024,6/26/2024,STEER Basin,A,UNK,,,16,2.46,4.5,Dead,Dead,D,No,No,"DG, KR",,
2024,6/26/2024,STEER Basin,A,UNK,,,16,5.6,9.9,Dead,Dead,D,No,No,"DG, KR",,
2024,6/26/2024,STEER Basin,A,UNK,,,55,4.5,10.5,Dead,Dead,D,No,No,"DG, KR",,
2024,6/26/2024,STEER Basin,A,UNK,,,78,4.79,9.9,Dead,Dead,D,No,No,"DG, KR",,
2024,7/8/2024,STEER Basin,B,LARA,1827,,,,4.5,Dead,Dead,D,No,No,"LU, SM, KWG",,metal tag
2024,7/8/2024,STEER Basin,B,UNK,1829,,,,4.1,Dead,Dead,D,No,No,"LU, SM, KWG",,
2024,7/8/2024,STEER Basin,B,LARA,1837,,,,7.9,Dead,Dead,D,No,No,"LU, SM, KWG",,metal tag
2024,7/8/2024,STEER Basin,B,UNK,1840,,,,7.1,Dead,Dead,D,No,No,"LU, SM, KWG",connected to 1847 ,
2024,7/8/2024,STEER Basin,B,UNK,1847,,,,7,Dead,Dead,D,No,No,"LU, SM, KWG",connected to 1840 ,
2022,9/20/2021,Brewers Bay,B,LARA,,NF,106,514,3,Alive,Healthy,H,No,No,,,
2024,7/8/2024,STEER Basin,B,UNK,2008,,,,4.1,Dead,Dead,D,No,No,"LU, SM, KWG",,
2024,7/8/2024,STEER Basin,B,LARA,2011,,,,5.5,Dead,Dead,D,No,No,"LU, SM, KWG",,metal tag
2022,9/20/2021,Brewers Bay,B,LARA,,NF,158,389,3.8,Alive,Healthy,H,No,No,,,
2022,9/20/2021,Brewers Bay,B,LARA,,NF,161,413,4.4,Alive,Unhealthy,UF,Yes,No,,,
2024,7/8/2024,STEER Basin,B,UNK,R1943,,133,3.54,7.6,Dead,Dead,D,No,No,"LU, SM, KWG",,could have lost its tag
2022,9/20/2021,Brewers Bay,B,LARA,,NF,177,442,2.8,Alive,Healthy,H,No,No,,,
2022,9/20/2021,Brewers Bay,B,LARA,,NF,169,484,4.7,Alive,Healthy,H,No,No,,,
2022,9/20/2021,Brewers Bay,B,LARA,,NF,182,549,4.8,Alive,Healthy,H,No,No,,,
2022,9/20/2021,Brewers Bay,B,LARA,,NF,189,524,2.8,Alive,Healthy,H,No,No,,,
2022,9/20/2021,Brewers Bay,B,LARA,,NF,198,439,4.9,Alive,Healthy,H,No,No,,,
2022,9/20/2021,Brewers Bay,B,LARA,,ID,179,432,2.9,Alive,Healthy,H,No,No,,,
2022,9/20/2021,Brewers Bay,B,LARA,,NF,190,389,4.9,Alive,Healthy,H,No,No,,,
2022,9/20/2021,Brewers Bay,B,LARA,,NF,158,366,3.4,Alive,Healthy,H,No,No,,,
2022,9/20/2021,Brewers Bay,B,LARA,,NF,204,390,4.8,Alive,Unhealthy,UT,No,Yes,,,
2022,9/20/2021,Brewers Bay,B,LARA,,"ID, MD",232,338,4.8,Alive,Healthy,H,No,No,,,
2022,9/20/2021,Brewers Bay,B,LARA,,NF,227,370,3.2,Alive,Healthy,H,No,No,,,
2022,9/20/2021,Brewers Bay,B,LARA,,NF,279,47,4.8,Alive,Healthy,H,No,No,,,
2022,9/20/2021,Brewers Bay,B,LARA,,MD,278,43,2.8,Alive,Healthy,H,No,No,,,
2022,9/20/2021,Brewers Bay,B,LARA,,ID,208,42,2.6,Alive,Healthy,H,No,No,,,
2022,9/21/2021,Brewers Bay,C,RHMA ,,NF,312,33,3.9,Alive,Healthy,H,No,No,,,
2022,9/21/2021,Brewers Bay,C,LARA,,NF,15,213,3.6,Alive,Healthy,H,No,No,,,
2022,9/21/2021,Brewers Bay,C,LARA,,NF,8,216,3.2,Alive,Healthy,H,No,No,,,
2022,9/21/2021,Brewers Bay,C,LARA,,"ID, MD",1,243,4.3,Alive,Healthy,H,No,No,,,
2022,9/21/2021,Brewers Bay,C,LARA,,ID,356,274,4.3,Alive,Healthy,H,No,No,,,
2022,9/21/2021,Brewers Bay,C,LARA,,NF,10,285,3,Alive,Healthy,H,No,No,,,
2022,9/21/2021,Brewers Bay,C,RHMA ,,NF,27,340,3.6,Alive,Healthy,H,No,No,,,
2022,9/21/2021,Brewers Bay,C,LARA,,MD,22,413,3,Alive,Healthy,H,No,No,,,
2024,6/26/2024,STEER Basin,C,AVGE,1813,NF,45,,6.8,Dead,Dead,D,No,No,"DG, KR",,
2022,9/21/2021,Brewers Bay,C,LARA,,NF,22,387,3.5,Alive,Healthy,H,No,No,,,
2022,9/21/2021,Brewers Bay,C,LARA,,MD,20,404,3.1,Alive,Healthy,H,No,No,,,
2022,9/21/2021,Brewers Bay,C,LARA,,"ID, MD",20,420,4,Alive,Healthy,H,No,No,,,
2022,9/21/2021,Brewers Bay,C,LARA,,"ID, MD",20,441,3.8,Alive,Healthy,H,No,No,,,
2022,9/21/2021,Brewers Bay,C,LARA,,"ID, MD",23,530,3.9,Alive,Healthy,H,No,No,,,
2022,9/21/2021,Brewers Bay,C,LARA,,"F, ID, MD",24,565,3,Alive,Healthy,H,No,No,,,
2022,9/21/2021,Brewers Bay,C,RHMA ,,"ID, MD",12,441,4.1,Alive,Healthy,H,No,No,,,
2022,9/21/2021,Brewers Bay,C,RHMA ,,NF,45,526,3.1,Alive,Healthy,H,No,No,,,
2022,9/21/2021,Brewers Bay,C,LARA,,"F, ID",71,332,3.5,Alive,Healthy,H,No,No,,,
2022,9/21/2021,Brewers Bay,C,LARA,,NF,92,402,2.9,Alive,Healthy,H,No,No,,,
2022,9/21/2021,Brewers Bay,C,LARA,,MD,85,454,3.9,Alive,Healthy,H,No,No,,,
2022,9/21/2021,Brewers Bay,C,LARA,,"ID, MD",74,563,3.7,Alive,Healthy,H,No,No,,,
2024,6/26/2024,STEER Basin,C,RHMA ,2091,D,,,,Dead,Dead,D,No,No,"DG, KR",,Pulled Tag
2022,9/21/2021,Brewers Bay,C,LARA,,"ID, MD",89,546,3.2,Alive,Healthy,H,No,No,,,
2022,9/21/2021,Brewers Bay,C,LARA,,ID,105,509,2.9,Alive,Healthy,H,No,No,,,
2022,9/21/2021,Brewers Bay,C,LARA,,"ID, MD",105,551,3,Alive,Healthy,H,No,No,,,
2022,9/21/2021,Brewers Bay,C,LARA,,NF,110,542,4.5,Alive,Healthy,H,No,No,,,
2022,9/21/2021,Brewers Bay,C,RHMA ,,MD,124,374,4.9,Alive,Healthy,H,No,No,,,
2022,9/21/2021,Brewers Bay,C,RHMA ,,NF,125,326,4.4,Alive,Healthy,H,No,No,,,
2022,9/21/2021,Brewers Bay,C,RHMA ,,MD,103,112,3.6,Alive,Healthy,H,No,No,,,
2022,9/21/2021,Brewers Bay,C,RHMA ,,NF,87,103,2.5,Alive,Healthy,H,No,No,,,
2022,9/21/2021,Brewers Bay,C,RHMA ,,NF,125,148,3.7,Alive,Healthy,H,No,No,,,
2022,9/21/2021,Brewers Bay,C,LARA,,NF,158,273,4,Alive,Healthy,H,No,No,,,
2022,9/21/2021,Brewers Bay,C,LARA,,NF,162,282,3.8,Alive,Healthy,H,No,No,,,
2022,9/21/2021,Brewers Bay,C,LARA,,NF,158,380,4.4,Alive,Healthy,H,No,No,,,
2022,9/21/2021,Brewers Bay,C,RHMA ,,NF,163,436,3.1,Alive,Healthy,H,No,No,,,
2022,9/21/2021,Brewers Bay,C,LARA,,NF,163,473,3.3,Alive,Healthy,H,No,No,,,
2022,9/21/2021,Brewers Bay,C,LARA,,NF,138,504,4.5,Alive,Healthy,H,No,No,,,
2022,9/21/2021,Brewers Bay,C,LARA,,NF,150,564,2.6,Alive,Healthy,H,No,No,,,
2022,9/21/2021,Brewers Bay,C,LARA,,NF,173,377,4.5,Alive,Healthy,H,No,No,,,
2022,9/21/2021,Brewers Bay,C,LARA,,NF,190,275,2.7,Alive,Healthy,H,No,No,,,
2024,6/26/2024,STEER Basin,C,RHMA ,,,235,1.87,4.3,Dead,Dead,D,No,No,"DG, KR",,
2024,6/26/2024,STEER Basin,C,LARA,,D,,3.16,4.6,Dead,Dead,D,No,No,"DG, KR",,
2024,6/26/2024,STEER Basin,C,RHMA ,,,,,5.9,Dead,Dead,D,No,No,"DG, KR",,
2024,6/26/2024,STEER Basin,C,RHMA ,,,30,4.3,7.7,Dead,Dead,D,No,No,"DG, KR",,
2022,9/21/2021,Brewers Bay,C,LARA,,NF,191,377,3,Alive,Healthy,H,No,No,,,
2022,9/21/2021,Brewers Bay,C,LARA,,NF,192,347,4.4,Alive,Healthy,H,No,No,,,
2022,9/21/2021,Brewers Bay,C,LARA,,NF,195,437,2.5,Alive,Healthy,H,No,No,,,
2022,9/21/2021,Brewers Bay,C,LARA,,NF,205,443,2.5,Alive,Healthy,H,No,No,,,
2022,9/21/2021,Brewers Bay,C,LARA,,NF,202,520,4,Alive,Healthy,H,No,No,,,
2022,9/21/2021,Brewers Bay,C,LARA,,NF,210,428,4.8,Alive,Healthy,H,No,No,,,
2022,9/21/2021,Brewers Bay,C,LARA,,NF,215,464,3.5,Alive,Healthy,H,No,No,,,
2022,9/21/2021,Brewers Bay,C,LARA,,NF,215,492,2.8,Alive,Healthy,H,No,No,,,
2022,9/21/2021,Brewers Bay,C,LARA,,NF,215,499,4.1,Alive,Healthy,H,No,No,,,
2022,9/21/2021,Brewers Bay,C,LARA,,NF,225,498,3.5,Alive,Healthy,H,No,No,,,
2022,9/21/2021,Brewers Bay,C,LARA,,NF,230,530,3,Alive,Healthy,H,No,No,,,
2022,9/21/2021,Brewers Bay,C,RHMA ,,NF,251,565,4.9,Alive,Healthy,H,No,No,,,
2022,9/21/2021,Brewers Bay,C,RHMA ,,NF,270,390,2.9,Alive,Healthy,H,No,No,,,
2022,9/21/2021,Brewers Bay,C,RHMA ,,NF,250,152,3.1,Alive,Healthy,H,No,No,,,
2022,9/21/2021,Brewers Bay,C,RHMA ,,NF,340,258,3,Alive,Healthy,H,No,No,,,
2022,9/21/2021,Brewers Bay,C,LARA,,"ID, MD",340,289,3.5,Alive,Healthy,H,No,No,,,
2022,9/21/2021,Brewers Bay,C,LARA,,"F, ID, MD",340,400,3.7,Alive,Healthy,H,No,No,,,
2022,9/21/2021,Brewers Bay,C,LARA,,"F, ID, MD",340,393,3.8,Alive,Healthy,H,No,No,,,
2022,9/21/2021,Brewers Bay,C,LARA,,NF,275,369,4,Alive,Healthy,H,No,No,,,
2022,9/21/2021,Brewers Bay,C,LARA,,"ID, MD",275,325,4.6,Alive,Healthy,H,No,No,,,
2022,9/21/2021,Brewers Bay,C,LARA,,"F, ID, MD",357,402,3.2,Alive,Healthy,H,No,No,,,
2022,9/21/2021,Brewers Bay,C,LARA,,"ID, MD",353,505,3.3,Alive,Healthy,H,No,No,,,
2022,9/21/2021,Brewers Bay,C,LARA,,MD,359,456,3,Alive,Healthy,H,No,No,,,
2022,9/21/2021,Brewers Bay,C,LARA,,MD,359,485,3.7,Alive,Healthy,H,No,No,,,
2022,9/21/2021,Brewers Bay,C,LARA,,MD,359,490,4.5,Alive,Healthy,H,No,No,,,
2022,9/21/2021,Brewers Bay,C,RHMA ,,"ID, MD",280,294,4,Alive,Healthy,H,No,No,,,
2022,9/21/2021,Brewers Bay,C,LARA,,"F, ID, MD",333,404,3.4,Alive,Healthy,H,No,No,,,
2024,7/5/2024,STEER Fringe,A,RHMA ,,,80,4.66,3.9,Dead,Dead,D,No,No,"DG, KG",,no tag
2024,7/5/2024,STEER Fringe,A,RHMA ,,,0,3.78,2.5,Dead,Dead,D,No,No,"DG, KG",,no tag
2022,9/21/2021,Brewers Bay,C,RHMA ,,NF,317,561,3.3,Alive,Healthy,H,No,No,,,
2022,9/21/2021,Brewers Bay,C,RHMA ,,"ID, MD",317,555,4.3,Alive,Healthy,H,No,No,,,
2022,9/21/2021,Brewers Bay,C,RHMA ,,MD,315,338,2.6,Alive,Healthy,H,No,No,,,
2022,9/21/2021,Brewers Bay,C,LARA,,NF,290,182,3.8,Alive,Unhealthy,U,No,No,,,
2022,10/14/2021,Compass Point,A,RHMA ,,NF,259,204,2.6,Alive,Healthy,H,No,No,,,
2022,10/14/2021,Compass Point,A,RHMA ,,F,101,468,2.9,Alive,Healthy,H,No,No,,,
2022,10/14/2021,Compass Point,A,RHMA ,,NF,154,551,3.1,Alive,Healthy,H,No,No,,,
2022,10/14/2021,Compass Point,A,RHMA ,,F,189,478,3.2,Alive,Healthy,H,No,No,,,
2022,10/14/2021,Compass Point,A,RHMA ,,NF,175,382,4,Alive,Healthy,H,No,No,,,
2022,10/14/2021,Compass Point,A,RHMA ,,NF,110,430,4.2,Alive,Healthy,H,No,No,,,
2022,10/14/2021,Compass Point,A,RHMA ,,F,295,144,4.5,Alive,Healthy,H,No,No,,,
2022,10/14/2021,Compass Point,A,RHMA ,,MD,277,462,4.6,Alive,Healthy,H,No,No,,,
2022,10/14/2021,Compass Point,A,RHMA ,,F,101,323,5,Alive,Healthy,H,No,No,"KH, LP, HAS",,
2022,10/14/2021,Compass Point,A,RHMA ,,F,80,236,5,Alive,Healthy,H,No,No,,,
2022,10/14/2021,Compass Point,A,RHMA ,,NF,232,393,5,Alive,Healthy,H,No,No,,,
2022,10/14/2021,Compass Point,A,RHMA ,,"F, ID",30,248,5.7,Alive,Healthy,H,No,No,,,
2022,10/14/2021,Compass Point,A,RHMA ,,F,195,330,5.9,Alive,Healthy,H,No,No,,,
2022,10/14/2021,Compass Point,A,RHMA ,,F,290,382,6.1,Alive,Healthy,H,No,No,,,
2022,10/14/2021,Compass Point,A,RHMA ,,F,20,114,6.4,Alive,Healthy,H,No,No,,,Herbivory
2022,10/14/2021,Compass Point,A,RHMA ,,NF,128,565,7,Alive,Healthy,H,No,No,,,
2022,10/14/2021,Compass Point,A,RHMA ,,F,139,363,7.1,Alive,Healthy,H,No,No,,,
2022,10/14/2021,Compass Point,A,RHMA ,,F,255,313,7.2,Alive,Healthy,H,No,No,,,
2024,7/5/2024,STEER Fringe,A,RHMA ,R2072,,215,4.35,8.6,Dead,Dead,D,No,Yes,"DG, KG",,
2022,10/14/2021,Compass Point,A,RHMA ,,F,250,145,7.7,Alive,Healthy,H,No,No,,,
2022,10/14/2021,Compass Point,A,RHMA ,,F,92,472,8.2,Alive,Unhealthy,U,No,Yes,,,
2022,10/14/2021,Compass Point,A,RHMA ,,F,248,456,8.2,Alive,Healthy,H,No,No,,,
2022,10/14/2021,Compass Point,A,RHMA ,,F,225,444,8.4,Alive,Healthy,H,No,No,,,
2024,7/8/2024,STEER Fringe,B,RHMA ,,,160,4.31,7.7,Dead,Dead,D,No,No,"DG, KG",,crown snapped
2024,7/8/2024,STEER Fringe,B,RHMA ,,,155,5.44,4.7,Dead,Dead,D,No,No,"DG, KG",,
2024,7/8/2024,STEER Fringe,B,RHMA ,,,120,4.83,5.8,Dead,Dead,D,No,No,"DG, KG",,
2024,7/8/2024,STEER Fringe,B,RHMA ,,,120,5.07,7,Dead,Dead,D,No,No,"DG, KG",,
2024,7/8/2024,STEER Fringe,B,RHMA ,,,175,155,6.7,Dead,Dead,D,No,No,"AD, JC, SM",,
2024,7/8/2024,STEER Fringe,B,RHMA ,,,170,194,5,Dead,Dead,D,No,No,"AD, JC, SM",,
2024,7/8/2024,STEER Fringe,B,RHMA ,,,185,157,5.9,Dead,Dead,D,No,No,"AD, JC, SM",,
2024,7/8/2024,STEER Fringe,B,LARA,,,200,144,3.3,Dead,Dead,D,No,No,"AD, JC, SM",,
2024,7/8/2024,STEER Fringe,B,RHMA ,,,210,162,4.9,Dead,Dead,D,No,Yes,"AD, JC, SM",,termites
2022,10/14/2021,Compass Point,A,RHMA ,,MD,205,378,8.4,Alive,Healthy,H,No,No,,,
2022,10/14/2021,Compass Point,A,RHMA ,,F,172,565,8.5,Alive,Healthy,H,No,No,,,
2022,10/14/2021,Compass Point,A,RHMA ,,MD,220,460,8.5,Alive,Healthy,H,No,No,,,
2022,10/14/2021,Compass Point,A,RHMA ,,"F, ID",300,173,8.6,Alive,Healthy,H,No,No,,,
2022,10/14/2021,Compass Point,A,RHMA ,,F,95,375,8.8,Alive,Unhealthy,U,No,No,,,
2022,10/14/2021,Compass Point,A,RHMA ,,F,161,336,8.9,Alive,Healthy,H,No,No,,,
2022,10/14/2021,Compass Point,A,RHMA ,,F,139,453,9,Alive,Healthy,H,No,No,,,
2022,10/14/2021,Compass Point,A,RHMA ,,NF,280,464,9.1,Alive,Healthy,H,No,No,,,
2022,10/14/2021,Compass Point,A,RHMA ,,F,70,110,9.2,Alive,Healthy,H,No,No,,,
2022,10/14/2021,Compass Point,A,RHMA ,,"F, ID, MD",280,506,9.3,Alive,Healthy,H,No,No,,,
2022,10/14/2021,Compass Point,A,RHMA ,,F,150,377,10.2,Alive,Healthy,H,No,No,,,
2022,10/14/2021,Compass Point,A,RHMA ,,F,60,422,10.3,Alive,Healthy,H,No,No,,,
2022,10/14/2021,Compass Point,A,RHMA ,,F,30,348,11.5,Alive,Healthy,H,No,No,,,
2022,10/14/2021,Compass Point,B,RHMA ,,F,244,288,2.5,Alive,Healthy,H,No,No,,,
2022,10/14/2021,Compass Point,B,RHMA ,,F,158,354,2.5,Alive,Healthy,H,No,No,,,
2024,7/8/2024,STEER Fringe,B,RHMA ,R1126,,275,1.62,10.6,Dead,Dead,D,No,Yes,"LU, SM, KWG",,
2022,10/14/2021,Compass Point,B,RHMA ,,NF,148,265,2.5,Alive,Healthy,H,No,No,,,
2022,10/14/2021,Compass Point,B,LARA,,MD,100,305,2.7,Alive,Healthy,H,No,No,,,
2022,10/14/2021,Compass Point,B,RHMA ,,NF,143,410,2.9,Alive,Healthy,H,No,No,,,
2022,10/14/2021,Compass Point,B,RHMA ,,NF,119,460,2.9,Alive,Healthy,H,No,No,,,
2022,10/14/2021,Compass Point,B,RHMA ,,F,154,485,3,Alive,Healthy,H,No,No,,,
2024,7/8/2024,STEER Fringe,B,RHMA ,R1148,,30,2.98,9.2,Dead,Dead,D,No,Yes,"LU, SM, KWG",,
2022,10/14/2021,Compass Point,B,RHMA ,,F,249,465,3.1,Alive,Healthy,H,No,No,,,
2022,10/14/2021,Compass Point,B,RHMA ,,F,144,380,3.4,Alive,Healthy,H,No,No,,,
2022,10/14/2021,Compass Point,B,RHMA ,,F,312,355,3.5,Alive,Healthy,H,No,No,,,
2022,10/14/2021,Compass Point,B,RHMA ,,F,31,400,3.5,Alive,Healthy,H,No,No,,,
2022,10/14/2021,Compass Point,B,RHMA ,,NF,119,478,3.6,Alive,Healthy,H,No,No,,,
2022,10/14/2021,Compass Point,B,LARA,,F,109,519,4,Alive,Healthy,H,No,No,,,
2022,10/14/2021,Compass Point,B,RHMA ,,F,185,518,4.5,Alive,Healthy,H,No,No,,,
2022,10/14/2021,Compass Point,B,RHMA ,,NF,157,546,4.7,Alive,Unhealthy,U,No,No,,,Ants and bark scars
2022,10/14/2021,Compass Point,B,LARA,,NF,136,495,5,Alive,Healthy,H,No,No,,,
2022,10/14/2021,Compass Point,B,RHMA ,,F,138,310,6.4,Alive,Healthy,H,No,No,,,Ants
2024,7/8/2024,STEER Fringe,B,RHMA ,R1184,,130,409,15.2,Dead,Dead,D,No,No,"AD, JC, SM",,
2022,10/14/2021,Compass Point,B,RHMA ,,NF,154,565,7.2,Alive,Unhealthy,U,No,No,,,Bark scars
2022,10/14/2021,Compass Point,B,RHMA ,,F,139,396,7.5,Alive,Healthy,H,No,No,,,
2022,10/14/2021,Compass Point,C,AVGE,,NF,155,454,2.6,Alive,Unhealthy,U,No,No,,,Lots of Herbivory
2022,10/14/2021,Compass Point,C,AVGE,,NF,160,561,3.1,Alive,Unhealthy,U,No,No,,,Lots of Herbivory
2022,10/14/2021,Compass Point,C,AVGE,,NF,240,147,3.2,Alive,Unhealthy,U,No,No,,,Lots of Herbivory
2022,10/14/2021,Compass Point,C,AVGE,,NF,160,562,4.2,Alive,Unhealthy,U,No,No,,,Lots of Herbivory
2022,11/17/2022,Krause Lagoon,A,RHMA ,,F,120,120,3.5,Alive,Healthy,H,No,No,"AND, AJH, HAS, KWG",,
2022,11/17/2022,Krause Lagoon,A,RHMA ,,F,12,214,3.1,Alive,Healthy,H,No,No,"AND, AJH, HAS, KWG",,
2024,7/8/2024,STEER Fringe,B,LARA,R2005,NF,181,4.82,14,Dead,Dead,D,No,Yes,"DG, KG",,
2022,11/17/2022,Krause Lagoon,A,RHMA ,,F,35,226,3.1,Alive,Healthy,H,No,No,"AND, AJH, HAS, KWG",,
2022,11/17/2022,Krause Lagoon,A,RHMA ,,F,38,275,3.6,Alive,Healthy,H,No,No,"AND, AJH, HAS, KWG",,
2022,11/17/2022,Krause Lagoon,A,RHMA ,,F,14,277,2.7,Alive,Healthy,H,No,No,"AND, AJH, HAS, KWG",,
2024,7/8/2024,STEER Fringe,B,LARA,R2009,ID,210,5.32,4.8,Dead,Dead,D,No,No,"DG, KG",,
2022,11/17/2022,Krause Lagoon,A,RHMA ,,F,48,440,2.9,Alive,Healthy,H,No,No,"AND, AJH, HAS, KWG",,
2022,11/17/2022,Krause Lagoon,A,RHMA ,,F,185,45,3,Alive,Healthy,H,No,No,"AND, AJH, HAS, KWG",,
2022,11/17/2022,Krause Lagoon,A,RHMA ,,NF,37,520,2.5,Alive,Healthy,H,No,No,"AND, AJH, HAS, KWG",,
2022,11/17/2022,Krause Lagoon,A,RHMA ,,F,51,333,4.4,Alive,Healthy,H,No,No,"AND, AJH, HAS, KWG",,
2022,11/17/2022,Krause Lagoon,A,RHMA ,,F,187,89,3.5,Alive,Healthy,H,No,No,"AND, AJH, HAS, KWG",,
2022,11/17/2022,Krause Lagoon,A,RHMA ,,F,67,450,2.9,Alive,Healthy,H,No,No,"AND, AJH, HAS, KWG",,"DBH @ 1.4M, PROP, ROOT ABOVE BUT TOO HIGH"
2022,11/17/2022,Krause Lagoon,A,RHMA ,,F,357,135,3.5,Alive,Healthy,H,No,No,"AND, AJH, HAS, KWG",,
2022,11/17/2022,Krause Lagoon,A,RHMA ,,F,77,306,5,Alive,Healthy,H,No,No,"AND, AJH, HAS, KWG",,
2022,11/17/2022,Krause Lagoon,A,RHMA ,,F,62,155,4,Alive,Healthy,H,No,No,"AND, AJH, HAS, KWG",,
2022,11/17/2022,Krause Lagoon,A,RHMA ,,NF,103,165,2.5,Alive,Healthy,H,No,No,"AND, AJH, HAS, KWG",,
2022,11/17/2022,Krause Lagoon,A,RHMA ,,F,93,565,3.3,Alive,Healthy,H,No,No,"AND, AJH, HAS, KWG",,"DBH @ 1.4M, PROP, ROOT ABOVE BUT TOO HIGH"
2022,11/17/2022,Krause Lagoon,A,RHMA ,,F,83,554,2.5,Alive,Healthy,H,No,No,"AND, AJH, HAS, KWG",,
2022,11/17/2022,Krause Lagoon,A,RHMA ,,F,89,565,3,Alive,Healthy,H,No,No,"AND, AJH, HAS, KWG",,"DBH @ 14M, PROP, ROOT ABOVE BUT TOO HIGH"
2024,7/8/2024,STEER Fringe,B,RHMA ,R2027,,330,2.95,5.8,Dead,Dead,D,No,Yes,"DG, KG",,
2022,11/17/2022,Krause Lagoon,A,RHMA ,,F,55,190,3.5,Alive,Healthy,H,No,No,"AND, AJH, HAS, KWG",,
2022,11/17/2022,Krause Lagoon,A,RHMA ,,NF,91,216,2.5,Alive,Healthy,H,No,No,"AND, AJH, HAS, KWG",,
2022,11/17/2022,Krause Lagoon,A,RHMA ,,F,95,356,2.8,Alive,Healthy,H,No,No,"AND, AJH, HAS, KWG",,
2022,11/17/2022,Krause Lagoon,A,RHMA ,,F,79,309,2.6,Alive,Healthy,H,No,No,"AND, AJH, HAS, KWG",,
2022,11/17/2022,Krause Lagoon,A,RHMA ,,F,79,315,3.1,Alive,Healthy,H,No,No,"AND, AJH, HAS, KWG",,
2022,11/17/2022,Krause Lagoon,A,RHMA ,,NF,61,292,2.5,Alive,Healthy,H,No,No,"AND, AJH, HAS, KWG",,
2022,11/17/2022,Krause Lagoon,A,RHMA ,,F,121,325,3.8,Alive,Healthy,H,No,No,"AND, AJH, HAS, KWG",,
2024,7/8/2024,STEER Fringe,B,RHMA ,R2037,,325,4.32,9.7,Dead,Dead,D,No,Yes,"DG, KG",connected to R-2038,
2024,7/8/2024,STEER Fringe,B,RHMA ,R2038,,335,5.11,6.5,Dead,Dead,D,No,Yes,"DG, KG",connected to R-2037,
2022,11/17/2022,Krause Lagoon,A,RHMA ,,F,114,393,2.6,Alive,Healthy,H,No,No,"AND, AJH, HAS, KWG",,
2022,11/17/2022,Krause Lagoon,A,RHMA ,,F,157,457,3.6,Alive,Healthy,H,No,No,"AND, AJH, HAS, KWG",,
2022,11/17/2022,Krause Lagoon,A,RHMA ,,F,148,545,2.8,Alive,Healthy,H,No,No,"AND, AJH, HAS, KWG",,
2022,11/17/2022,Krause Lagoon,A,RHMA ,,F,176,406,2.8,Alive,Healthy,H,No,No,"AND, AJH, HAS, KWG",,
2022,11/17/2022,Krause Lagoon,A,RHMA ,,F,185,469,3.8,Alive,Healthy,H,No,No,"AND, AJH, HAS, KWG",,
2022,11/17/2022,Krause Lagoon,A,RHMA ,,F,183,526,3,Alive,Healthy,H,No,No,"AND, AJH, HAS, KWG",,OUT OF SAME TRUNK as 39
2022,11/17/2022,Krause Lagoon,A,RHMA ,,F,183,540,2.6,Alive,Healthy,H,No,No,"AND, AJH, HAS, KWG",,
2022,11/17/2022,Krause Lagoon,A,RHMA ,,F,182,530,2.9,Alive,Healthy,H,No,No,"AND, AJH, HAS, KWG",,
2022,11/17/2022,Krause Lagoon,A,RHMA ,,"F, ID",186,500,3.3,Alive,Healthy,H,No,No,"AND, AJH, HAS, KWG",,
2022,11/17/2022,Krause Lagoon,A,RHMA ,,F,207,416,2.6,Alive,Healthy,H,No,No,"AND, AJH, HAS, KWG",,
2022,11/17/2022,Krause Lagoon,A,RHMA ,,NF,210,525,2.5,Alive,Healthy,H,No,No,"AND, AJH, HAS, KWG",,
2022,11/17/2022,Krause Lagoon,A,RHMA ,,F,228,327,3.1,Alive,Healthy,H,No,No,"AND, AJH, HAS, KWG",,
2022,11/17/2022,Krause Lagoon,A,RHMA ,,F,232,207,3.4,Alive,Healthy,H,No,No,"AND, AJH, HAS, KWG",,
2024,7/8/2024,STEER Fringe,B,RHMA ,R2062,NF,209,2.72,8.8,Dead,Dead,D,No,No,"DG, KG",,crown snapped
2022,11/17/2022,Krause Lagoon,B,RHMA ,,NF,160,125,3.1,Alive,Unhealthy,U,No,No,"AND, AJH, HAS, KWG",,Herbivory
2022,11/17/2022,Krause Lagoon,B,RHMA ,,NF,161,173,2.5,Alive,Healthy,H,No,No,"AND, AJH, HAS, KWG",,
2022,11/17/2022,Krause Lagoon,B,RHMA ,,NF,157,238,3.7,Alive,Unhealthy,U,No,No,"AND, AJH, HAS, KWG",,Herbivory
2024,7/8/2024,STEER Fringe,B,RHMA ,R2076,NF,131,5.2,13.3,Dead,Dead,D,No,No,"DG, KG",,
2022,11/17/2022,Krause Lagoon,B,RHMA ,,NF,142,354,4.8,Alive,Unhealthy,U,No,No,"AND, AJH, HAS, KWG",,Herbivory
2022,11/17/2022,Krause Lagoon,B,RHMA ,,NF,162,355,2.8,Alive,Unhealthy,U,No,No,"AND, AJH, HAS, KWG",,Herbivory
2022,11/17/2022,Krause Lagoon,B,RHMA ,,NF,161,352,2.5,Alive,Unhealthy,U,No,No,"AND, AJH, HAS, KWG",,"Herbivory, part dead"
2022,11/17/2022,Krause Lagoon,B,RHMA ,,NF,146,434,6,Alive,Unhealthy,U,No,No,"AND, AJH, HAS, KWG",,Herbivory
2022,11/17/2022,Krause Lagoon,B,RHMA ,,NF,146,437,2.7,Alive,Unhealthy,U,No,No,"AND, AJH, HAS, KWG",,Herbivory
2022,11/17/2022,Krause Lagoon,B,RHMA ,,NF,154,510,5.5,Alive,Unhealthy,U,No,No,"AND, AJH, HAS, KWG",,Herbivory
2022,11/17/2022,Krause Lagoon,B,RHMA ,,NF,157,551,2.6,Alive,Unhealthy,U,No,No,"AND, AJH, HAS, KWG",,Herbivory
2022,11/17/2022,Krause Lagoon,B,RHMA ,,NF,161,482,3.8,Alive,Healthy,H,No,No,"AND, AJH, HAS, KWG",,
2022,11/17/2022,Krause Lagoon,B,RHMA ,,NF,166,437,3.4,Alive,Unhealthy,U,No,No,"AND, AJH, HAS, KWG",,Herbivory
2024,7/8/2024,STEER Fringe,B,RHMA ,R2094,,120,4.63,13.3,Dead,Dead,D,No,No,"DG, KG",,crown snapped
2022,11/17/2022,Krause Lagoon,B,RHMA ,,NF,175,454,3.3,Alive,Unhealthy,U,No,No,"AND, AJH, HAS, KWG",,Herbivory
2022,11/17/2022,Krause Lagoon,B,RHMA ,,NF,191,428,3.2,Alive,Unhealthy,U,No,No,"AND, AJH, HAS, KWG",,Herbivory
2022,11/17/2022,Krause Lagoon,B,RHMA ,,F,208,105,2.7,Alive,Healthy,H,No,No,"AND, AJH, HAS, KWG",,flower buds
2024,7/8/2024,STEER Fringe,B,RHMA ,R2098,,310,4.61,7.9,Dead,Dead,D,No,Yes,"DG, KG",,
2022,11/17/2022,Krause Lagoon,B,RHMA ,,NF,204,515,2.6,Alive,Unhealthy,U,No,No,"AND, AJH, HAS, KWG",,Herbivory
2022,11/17/2022,Krause Lagoon,B,RHMA ,,"F, MD",202,214,4.2,Alive,Healthy,H,No,No,"AND, AJH, HAS, KWG",,
2022,11/17/2022,Krause Lagoon,B,RHMA ,,NF,233,292,4.1,Alive,Healthy,H,No,No,"AND, AJH, HAS, KWG",,Herbivory
2022,11/17/2022,Krause Lagoon,B,RHMA ,,NF,230,300,3,Alive,Healthy,H,No,No,"AND, AJH, HAS, KWG",,
2022,11/17/2022,Krause Lagoon,B,RHMA ,,ID,204,238,3.9,Alive,Healthy,H,No,No,"AND, AJH, HAS, KWG",,
2022,11/17/2022,Krause Lagoon,B,RHMA ,,NF,235,307,2.7,Alive,Healthy,H,No,No,"AND, AJH, HAS, KWG",,Herbivory
2022,11/17/2022,Krause Lagoon,B,RHMA ,,NF,185,218,4.2,Alive,Healthy,H,No,No,"AND, AJH, HAS, KWG",,
2022,11/17/2022,Krause Lagoon,B,RHMA ,,NF,220,387,3.9,Alive,Healthy,H,No,No,"AND, AJH, HAS, KWG",,
2022,11/17/2022,Krause Lagoon,B,RHMA ,,NF,211,390,3.1,Alive,Unhealthy,U,No,No,"AND, AJH, HAS, KWG",,mostly dead
2024,7/8/2024,STEER Fringe,B,RHMA ,R0706,,25,4.59,10.2,Dead,Dead,D,No,Yes,"LU, SM, KWG","connected to R-715, R-786",
2024,7/8/2024,STEER Fringe,B,RHMA ,R0707,,56,3.36,3.5,Dead,Dead,D,No,Yes,"LU, SM, KWG",,
2024,7/8/2024,STEER Fringe,B,RHMA ,R0715,,25,4.9,9.4,Dead,Dead,D,No,Yes,"LU, SM, KWG","connected to R-706, R-786",
2022,11/17/2022,Krause Lagoon,B,RHMA ,,F,222,403,4,Alive,Healthy,H,No,No,"AND, AJH, HAS, KWG",,
2022,11/17/2022,Krause Lagoon,B,RHMA ,,NF,270,196,5.7,Alive,Healthy,H,No,No,"AND, AJH, HAS, KWG",,one dead branch
2022,11/17/2022,Krause Lagoon,B,RHMA ,,NF,261,143,3.4,Alive,Healthy,H,No,No,"AND, AJH, HAS, KWG",,
2022,11/17/2022,Krause Lagoon,B,RHMA ,,NF,92,153,2.6,Alive,Healthy,H,No,No,"AND, AJH, HAS, KWG",,
2022,11/17/2022,Krause Lagoon,B,RHMA ,,NF,297,262,3,Alive,Unhealthy,U,No,No,"AND, AJH, HAS, KWG",,
2022,11/17/2022,Krause Lagoon,B,RHMA ,,NF,96,122,5.9,Alive,Healthy,H,No,No,"AND, AJH, HAS, KWG",,
2024,7/8/2024,STEER Fringe,B,RHMA ,R0786,,25,4.89,8.7,Dead,Dead,D,No,Yes,"LU, SM, KWG","connected to R-706, R-715",
2022,11/17/2022,Krause Lagoon,B,RHMA ,,NF,308,182,3,Alive,Healthy,H,No,No,"AND, AJH, HAS, KWG",,
2022,11/17/2022,Krause Lagoon,B,RHMA ,,NF,345,165,5.1,Alive,Healthy,H,No,No,"AND, AJH, HAS, KWG",,
2024,7/8/2024,STEER Fringe,B,RHMA ,R0815,NF,85,4.64,7.2,Dead,Dead,D,No,Yes,"DG, KG",,
2022,11/17/2022,Krause Lagoon,B,RHMA ,,NF,335,159,7.4,Alive,Healthy,H,No,No,"AND, AJH, HAS, KWG",,
2022,11/17/2022,Krause Lagoon,B,RHMA ,,NF,81,168,7.9,Alive,Healthy,H,No,No,"AND, AJH, HAS, KWG",,
2024,7/8/2024,STEER Fringe,C,RHMA ,,,55,4.75,18,Dead,Dead,D,No,Yes,"AND, KH",connected to R--1934,too high to tag/ measure; estimated visually
2022,11/17/2022,Krause Lagoon,B,RHMA ,,F,344,274,6.9,Alive,Healthy,H,No,No,"AND, AJH, HAS, KWG",,
2022,11/17/2022,Krause Lagoon,B,RHMA ,,NF,313,337,6.3,Alive,Healthy,H,No,No,"AND, AJH, HAS, KWG",,
2022,11/17/2022,Krause Lagoon,B,RHMA ,,NF,328,294,2.7,Alive,Healthy,H,No,No,"AND, AJH, HAS, KWG",,
2022,11/17/2022,Krause Lagoon,B,RHMA ,,F,345,420,4.3,Alive,Healthy,H,No,No,"AND, AJH, HAS, KWG",,
2024,7/8/2024,STEER Fringe,C,RHMA ,R0838,,188,3.85,16.4,Dead,Dead,D,No,No,"SM, KWG",,
2022,11/17/2022,Krause Lagoon,B,RHMA ,,NF,335,449,4.3,Alive,Healthy,H,No,No,"AND, AJH, HAS, KWG",,some Herbivory
2022,11/17/2022,Krause Lagoon,B,RHMA ,,NF,88,125,3.3,Alive,Unhealthy,U,No,No,"AND, AJH, HAS, KWG",,"lots of Herbivory, 1/2 dead"
2022,11/17/2022,Krause Lagoon,B,RHMA ,,"F, ID",310,558,8.2,Alive,Healthy,H,No,No,"AND, AJH, HAS, KWG",,
2022,11/17/2022,Krause Lagoon,B,RHMA ,,F,328,453,6.1,Alive,Healthy,H,No,No,"AND, AJH, HAS, KWG",,some Herbivory
2022,11/17/2022,Krause Lagoon,B,RHMA ,,F,335,538,7.8,Alive,Healthy,H,No,No,"AND, AJH, HAS, KWG",,
2022,11/17/2022,Krause Lagoon,B,RHMA ,,F,353,457,5.1,Alive,Unhealthy,U,No,No,"AND, AJH, HAS, KWG",,
2022,11/17/2022,Krause Lagoon,B,RHMA ,,NF,80,108,4.1,Alive,Healthy,H,No,No,"AND, AJH, HAS, KWG",,
2022,11/17/2022,Krause Lagoon,B,RHMA ,,F,9,282,3.7,Alive,Healthy,H,No,No,"AND, AJH, HAS, KWG",,some Herbivory
2022,11/17/2022,Krause Lagoon,B,RHMA ,,NF,8,507,3.3,Alive,Healthy,H,No,No,"AND, AJH, HAS, KWG",,some Herbivory
2022,11/17/2022,Krause Lagoon,B,RHMA ,,NF,4,515,3.3,Alive,Healthy,H,No,No,"AND, AJH, HAS, KWG",,some Herbivory
2022,11/17/2022,Krause Lagoon,B,RHMA ,,NF,315,65,5.7,Alive,Healthy,H,No,No,"AND, AJH, HAS, KWG",,Herbivory
2024,7/8/2024,STEER Fringe,C,RHMA ,R1923,,341,3.46,23.5,Dead,Dead,D,No,Yes,"LU, SM, KWG",,
2022,11/17/2022,Krause Lagoon,B,RHMA ,,NF,18,437,4.6,Alive,Healthy,H,No,No,"AND, AJH, HAS, KWG",,
2022,11/17/2022,Krause Lagoon,B,RHMA ,,NF,37,253,5.4,Alive,Healthy,H,No,No,"AND, AJH, HAS, KWG",,
2022,11/17/2022,Krause Lagoon,B,RHMA ,,NF,42,458,2.5,Alive,Healthy,H,No,No,"AND, AJH, HAS, KWG",,
2022,11/17/2022,Krause Lagoon,B,RHMA ,,F,30,331,3.9,Alive,Healthy,H,No,No,"AND, AJH, HAS, KWG",,
2022,11/17/2022,Krause Lagoon,B,RHMA ,,NF,53,552,5.1,Alive,Healthy,H,No,No,"AND, AJH, HAS, KWG",,
2024,7/8/2024,STEER Fringe,C,RHMA ,R1935,,325,5.29,18.9,Dead,Dead,D,No,Yes,"LU, SM, KWG",,
2022,11/17/2022,Krause Lagoon,B,RHMA ,,NF,63,434,3.5,Alive,Healthy,H,No,No,"AND, AJH, HAS, KWG",,lots of Herbivory
2024,7/8/2024,STEER Fringe,C,LARA,R1938,,63,4.7,17.5,Dead,Dead,D,No,Yes,"AND, KH","connected to R-1925, R-1903, R-1905, R-2854, R-1955, R-2867, R-1155, R-0395, R-360",
2022,11/17/2022,Krause Lagoon,B,RHMA ,,NF,71,533,6.6,Alive,Healthy,H,No,No,"AND, AJH, HAS, KWG",,lots of Herbivory
2024,7/8/2024,STEER Fringe,C,RHMA ,R1940,,342,4.51,13.1,Dead,Dead,D,No,Yes,"LU, SM, KWG",,
2022,11/17/2022,Krause Lagoon,B,RHMA ,,F,68,396,2.9,Alive,Healthy,H,No,No,"AND, AJH, HAS, KWG",,lots of Herbivory
2022,11/17/2022,Krause Lagoon,B,RHMA ,,F,89,506,7.8,Alive,Healthy,H,No,No,"AND, AJH, HAS, KWG",,
2022,11/17/2022,Krause Lagoon,B,RHMA ,,F,80,284,9,Alive,Healthy,H,No,No,"AND, AJH, HAS, KWG",,
2022,11/17/2022,Krause Lagoon,B,RHMA ,,NF,102,554,5.2,Alive,Healthy,H,No,No,"AND, AJH, HAS, KWG",,some Herbivory
2022,11/17/2022,Krause Lagoon,B,RHMA ,,F,98,429,3,Alive,Healthy,H,No,No,"AND, AJH, HAS, KWG",,some Herbivory
2022,11/17/2022,Krause Lagoon,B,RHMA ,,F,105,467,2.9,Alive,Healthy,H,No,No,"AND, AJH, HAS, KWG",,some Herbivory
2022,11/17/2022,Krause Lagoon,B,RHMA ,,F,109,415,3.4,Alive,Healthy,H,No,No,"AND, AJH, HAS, KWG",,some Herbivory
2022,11/17/2022,Krause Lagoon,B,RHMA ,,F,106,250,4.9,Alive,Unhealthy,U,No,No,"AND, AJH, HAS, KWG",,partially dead
2022,11/17/2022,Krause Lagoon,B,RHMA ,,F,117,522,6.5,Alive,Healthy,H,No,No,"AND, AJH, HAS, KWG",,some Herbivory
2022,11/17/2022,Krause Lagoon,B,RHMA ,,F,110,344,6.1,Alive,Healthy,H,No,No,"AND, AJH, HAS, KWG",,
2022,11/17/2022,Krause Lagoon,B,RHMA ,,F,115,337,4.2,Alive,Healthy,H,No,No,"AND, AJH, HAS, KWG",,
2022,11/17/2022,Krause Lagoon,B,RHMA ,,F,118,332,3.4,Alive,Healthy,H,No,No,"AND, AJH, HAS, KWG",,
2024,7/8/2024,STEER Fringe,C,RHMA ,R1971,,282,3.44,17.3,Dead,Dead,D,No,Yes,"LU, SM, KWG",,
2022,11/17/2022,Krause Lagoon,C,RHMA ,,NF,248,370,7.9,Alive,Healthy,H,No,No,"AND, AJH, HAS, KWG",,COME off of two dead nodes
2022,11/17/2022,Krause Lagoon,C,RHMA ,,F,274,357,7.5,Alive,Healthy,H,No,No,"AND, AJH, HAS, KWG",,
2024,7/8/2024,STEER Fringe,C,LARA,R1982,,318,5.41,14,Dead,Dead,D,No,Yes,"LU, SM, KWG","connected to R--1934, R--1928, R--1990",
2022,11/17/2022,Krause Lagoon,C,RHMA ,,NF,262,280,9.3,Alive,Healthy,H,No,No,"AND, AJH, HAS, KWG",,
2022,11/17/2022,Krause Lagoon,C,RHMA ,,F,235,487,8.6,Alive,Healthy,H,No,No,"AND, AJH, HAS, KWG",,
2022,11/17/2022,Krause Lagoon,C,RHMA ,,F,235,450,3.2,Alive,Healthy,H,No,No,"AND, AJH, HAS, KWG",,
2022,11/17/2022,Krause Lagoon,C,RHMA ,,F,240,447,5,Alive,Healthy,H,No,No,"AND, AJH, HAS, KWG",,
2022,11/17/2022,Krause Lagoon,C,RHMA ,,F,330,237,4.8,Alive,Healthy,H,No,No,"AND, AJH, HAS, KWG",,some Herbivory
2022,11/17/2022,Krause Lagoon,C,RHMA ,,F,274,456,6.2,Alive,Healthy,H,No,No,"AND, AJH, HAS, KWG",,
2022,11/17/2022,Krause Lagoon,C,RHMA ,,F,274,463,7.5,Alive,Healthy,H,No,No,"AND, AJH, HAS, KWG",,
2022,11/17/2022,Krause Lagoon,C,RHMA ,,NF,319,404,5.1,Alive,Healthy,H,No,No,"AND, AJH, HAS, KWG",,
2022,11/17/2022,Krause Lagoon,C,RHMA ,,NF,246,519,7.6,Alive,Healthy,H,No,No,"AND, AJH, HAS, KWG",,DBH above second tallest prop
2022,11/17/2022,Krause Lagoon,C,RHMA ,,NF,250,460,5.7,Alive,Healthy,H,No,No,"AND, AJH, HAS, KWG",,
2022,11/17/2022,Krause Lagoon,C,RHMA ,,F,300,464,4.5,Alive,Healthy,H,No,No,"AND, AJH, HAS, KWG",,
2022,11/17/2022,Krause Lagoon,C,RHMA ,,NF,248,560,7.4,Alive,Healthy,H,No,No,"AND, AJH, HAS, KWG",,
2022,11/17/2022,Krause Lagoon,C,RHMA ,,F,230,493,4.2,Alive,Healthy,H,No,No,"AND, AJH, HAS, KWG",,
2022,11/17/2022,Krause Lagoon,C,RHMA ,,F,230,453,8.2,Alive,Healthy,H,No,No,"AND, AJH, HAS, KWG",,few dead branches
2022,11/17/2022,Krause Lagoon,C,RHMA ,,NF,195,406,3.6,Alive,Healthy,H,No,No,"AND, AJH, HAS, KWG",,
2022,11/17/2022,Krause Lagoon,C,RHMA ,,NF,182,518,2.9,Alive,Healthy,H,No,No,"AND, AJH, HAS, KWG",,
2022,11/17/2022,Krause Lagoon,C,RHMA ,,F,192,382,4.2,Alive,Healthy,H,No,No,"AND, AJH, HAS, KWG",,
2022,11/17/2022,Krause Lagoon,C,RHMA ,,NF,188,449,2.9,Alive,Healthy,H,No,No,"AND, AJH, HAS, KWG",,
2022,10/1/2021,Mandahl Bay,A,LARA,,ID,236,210,3.2,Alive,Healthy,H,No,No,,,
2022,10/1/2021,Mandahl Bay,A,LARA,,"ID, MD",254,373,6.7,Alive,Healthy,H,No,No,,,
2022,10/1/2021,Mandahl Bay,A,LARA,,"ID, MD",206,502,2.5,Alive,Healthy,H,No,No,,,
2022,10/1/2021,Mandahl Bay,A,LARA,,"ID, MD",220,220,9.5,Alive,Unhealthy,U,No,Yes,,,
2022,10/1/2021,Mandahl Bay,A,THPO,,NF,203,526,4.4,Alive,Unhealthy,U,No,Yes,,,
2024,8/7/2024,Turner Bay,A,LARA,1038,NF,,,2.6,Dead,Unhealthy,U,No,No,"AND, KH, DG, LU",,removed
2022,10/1/2021,Mandahl Bay,A,LARA,,"ID, MD",175,152,6.5,Alive,Unhealthy,U,No,Yes,,,
2022,10/1/2021,Mandahl Bay,A,LARA,,"ID, MD",109,195,4.5,Alive,Healthy,H,No,No,,,
2022,10/1/2021,Mandahl Bay,A,LARA,,MD,113,314,6.4,Alive,Unhealthy,U,No,Yes,,,
2022,10/1/2021,Mandahl Bay,A,LARA,,NF,104,381,4.8,Alive,Unhealthy,U,No,No,,,
2024,8/7/2024,Turner Bay,A,LARA,1045,,,,3,Dead,Dead,D,No,No,"AND, KH, DG, LU",,
2022,10/1/2021,Mandahl Bay,A,LARA,,"ID, MD",57,449,8.3,Alive,Healthy,H,No,No,,,
2022,10/1/2021,Mandahl Bay,A,LARA,,NF,55,565,4.7,Alive,Healthy,H,No,Yes,,,
2022,10/1/2021,Mandahl Bay,A,LARA,,MD,29,500,11,Alive,Unhealthy,U,No,Yes,,,
2022,10/1/2021,Mandahl Bay,A,LARA,,NF,6,565,8.4,Alive,Unhealthy,U,No,No,,,
2022,10/1/2021,Mandahl Bay,A,LARA,,MD,353,515,9.1,Alive,Unhealthy,U,No,Yes,,,
2022,10/1/2021,Mandahl Bay,A,LARA,,NF,353,515,6.5,Alive,Healthy,H,No,No,,,
2024,8/7/2024,Turner Bay,A,LARA,1054,,,,3.6,Dead,Dead,D,No,No,"AND, KH, DG, LU",,removed
2022,10/1/2021,Mandahl Bay,A,LARA,,MD,353,440,10,Alive,Healthy,H,No,No,,,
2022,10/1/2021,Mandahl Bay,A,LARA,,NF,353,440,6.8,Alive,Unhealthy,U,No,Yes,,,
2022,10/1/2021,Mandahl Bay,A,LARA,,MD,350,247,8.6,Alive,Unhealthy,U,No,Yes,,,
2022,10/1/2021,Mandahl Bay,A,LARA,,NF,347,500,6.6,Alive,Healthy,H,No,No,,,
2022,10/1/2021,Mandahl Bay,A,LARA,,MD,347,500,8.8,Alive,Healthy,H,No,No,,,
2022,10/1/2021,Mandahl Bay,A,LARA,,MD,336,354,6,Alive,Unhealthy,U,No,No,,,
2024,8/7/2024,Turner Bay,A,LARA,1135,,,,5,Dead,Dead,D,No,No,"AND, KH, DG, LU",,removed/snapped
2022,10/1/2021,Mandahl Bay,A,LARA,,MD,345,550,6.5,Alive,Unhealthy,U,No,Yes,,,
2022,10/1/2021,Mandahl Bay,A,LARA,,NF,333,507,3.8,Alive,Healthy,H,No,No,,,
2022,10/1/2021,Mandahl Bay,A,LARA,,MD,330,210,8.4,Alive,Unhealthy,U,No,Yes,,,
2022,10/1/2021,Mandahl Bay,A,LARA,,ID,236,210,3.2,Alive,Healthy,H,No,No,"KH, HAS, LP, LU",,
2022,10/1/2021,Mandahl Bay,A,LARA,,"ID, MD",254,373,6.7,Alive,Healthy,H,No,No,"KH, HAS, LP, LU",,
2022,10/1/2021,Mandahl Bay,A,LARA,,"ID, MD",206,502,2.5,Alive,Healthy,H,No,No,"KH, HAS, LP, LU",,
2022,10/1/2021,Mandahl Bay,A,LARA,,"ID, MD",220,220,9.5,Alive,Unhealthy,U,No,Yes,"KH, HAS, LP, LU",,
2022,10/1/2021,Mandahl Bay,A,LARA,,NF,203,526,4.4,Alive,Unhealthy,U,No,Yes,"KH, HAS, LP, LU",,
2022,10/1/2021,Mandahl Bay,A,LARA,,"ID, MD",175,152,6.5,Alive,Unhealthy,U,No,Yes,"KH, HAS, LP, LU",,
2022,10/1/2021,Mandahl Bay,A,LARA,,"ID, MD",109,195,4.5,Alive,Healthy,H,No,No,"KH, HAS, LP, LU",,
2022,10/1/2021,Mandahl Bay,A,LARA,,MD,113,314,6.4,Alive,Unhealthy,U,No,Yes,"KH, HAS, LP, LU",,
2022,10/1/2021,Mandahl Bay,A,LARA,,NF,104,381,4.8,Alive,Unhealthy,U,No,No,"KH, HAS, LP, LU",,
2022,10/1/2021,Mandahl Bay,A,LARA,,"ID, MD",57,449,8.3,Alive,Healthy,H,No,No,"KH, HAS, LP, LU",,
2022,10/1/2021,Mandahl Bay,A,LARA,,NF,55,565,4.7,Alive,Healthy,H,No,No,"KH, HAS, LP, LU",,
2022,10/1/2021,Mandahl Bay,A,LARA,,MD,29,500,11,Alive,Unhealthy,U,No,Yes,"KH, HAS, LP, LU",,
2022,10/1/2021,Mandahl Bay,A,LARA,,NF,6,565,8.4,Alive,Unhealthy,U,No,No,"KH, HAS, LP, LU",,
2022,10/1/2021,Mandahl Bay,A,LARA,,MD,353,515,9.1,Alive,Unhealthy,U,No,Yes,"KH, HAS, LP, LU",,
2022,10/1/2021,Mandahl Bay,A,LARA,,NF,353,515,6.5,Alive,Healthy,H,No,No,"KH, HAS, LP, LU",,
2022,10/1/2021,Mandahl Bay,A,LARA,,MD,353,440,10,Alive,Healthy,H,No,No,"KH, HAS, LP, LU",,
2022,10/1/2021,Mandahl Bay,A,LARA,,NF,353,440,6.8,Alive,Unhealthy,U,No,Yes,"KH, HAS, LP, LU",,
2022,10/1/2021,Mandahl Bay,A,LARA,,MD,350,247,8.6,Alive,Unhealthy,U,No,Yes,"KH, HAS, LP, LU",,
2022,10/1/2021,Mandahl Bay,A,LARA,,NF,347,500,6.6,Alive,Healthy,H,No,No,"KH, HAS, LP, LU",,
2024,8/7/2024,Turner Bay,A,LARA,1172,,,,3.5,Dead,Dead,D,No,No,"AND, KH, DG, LU",,
2024,8/7/2024,Turner Bay,A,LARA,1173,,,,3.8,Dead,Dead,D,No,No,"AND, KH, DG, LU",,
2022,10/1/2021,Mandahl Bay,A,LARA,,MD,347,500,8.8,Alive,Healthy,H,No,No,"KH, HAS, LP, LU",,
2022,10/1/2021,Mandahl Bay,A,LARA,,MD,336,354,6,Alive,Unhealthy,U,No,No,"KH, HAS, LP, LU",,
2022,10/1/2021,Mandahl Bay,A,LARA,,MD,345,550,6.5,Alive,Unhealthy,U,No,Yes,"KH, HAS, LP, LU",,
2022,10/1/2021,Mandahl Bay,A,LARA,,NF,333,507,3.8,Alive,Healthy,H,No,No,"KH, HAS, LP, LU",,
2022,10/1/2021,Mandahl Bay,A,LARA,,MD,330,210,8.4,Alive,Unhealthy,U,No,Yes,"KH, HAS, LP, LU",,
2022,10/1/2021,Mandahl Bay,A,LARA,,NF,328,130,8,Alive,Unhealthy,U,No,Yes,"KH, HAS, LP, LU",,
2022,10/1/2021,Mandahl Bay,A,LARA,,ID,303,100,7.3,Alive,Unhealthy,U,No,No,"KH, HAS, LP, LU",,
2022,10/1/2021,Mandahl Bay,A,LARA,,ID,322,565,10.1,Alive,Unhealthy,U,No,Yes,"KH, HAS, LP, LU",,
2022,10/1/2021,Mandahl Bay,A,LARA,,MD,314,437,6,Alive,Unhealthy,U,No,Yes,"KH, HAS, LP, LU",,SAME TREE as 78
2022,10/1/2021,Mandahl Bay,A,LARA,,MD,314,480,10,Alive,Unhealthy,U,No,Yes,"KH, HAS, LP, LU",,SAME TREE as 77
2022,10/1/2021,Mandahl Bay,B,LARA,,MD,155,510,8.6,Alive,Unhealthy,U,No,Yes,"KH, HAS, LP, LU",,
2022,10/1/2021,Mandahl Bay,B,LARA,,MD,156,453,5.2,Alive,Healthy,H,No,No,"KH, HAS, LP, LU",,SAME TREE as 3 and 4
2022,10/1/2021,Mandahl Bay,B,LARA,,"ID, MD",157,453,8.4,Alive,Unhealthy,U,No,Yes,"KH, HAS, LP, LU",,SAME TREE as 2 and 4
2022,10/1/2021,Mandahl Bay,B,LARA,,"ID, MD",170,483,14.7,Alive,Unhealthy,U,No,Yes,"KH, HAS, LP, LU",,
2024,8/7/2024,Turner Bay,A,LARA,1190,,,,8.1,Dead,Dead,D,No,No,"AND, KH, DG, LU",,removed
2022,10/1/2021,Mandahl Bay,B,LARA,,MD,160,333,9.3,Alive,Unhealthy,U,No,Yes,"KH, HAS, LP, LU",,
2022,10/1/2021,Mandahl Bay,B,LARA,,ID,155,341,6.5,Alive,Unhealthy,U,No,Yes,"KH, HAS, LP, LU",,
2022,10/1/2021,Mandahl Bay,B,LARA,,MD,150,340,7,Alive,Unhealthy,U,No,Yes,"KH, HAS, LP, LU",,
2022,10/1/2021,Mandahl Bay,B,LARA,,"ID, MD",122,341,9.3,Alive,Unhealthy,U,No,Yes,"KH, HAS, LP, LU",,
2024,8/7/2024,Turner Bay,A,LARA,1196,,,,3.5,Dead,Dead,D,No,Yes,"AND, KH, DG, LU",,
2024,8/7/2024,Turner Bay,A,LARA,1197,,,,4.6,Dead,Dead,D,No,No,"AND, KH, DG, LU",,
2022,10/1/2021,Mandahl Bay,B,LARA,,MD,150,439,8,Alive,Healthy,H,No,No,"KH, HAS, LP, LU",,
2022,10/1/2021,Mandahl Bay,B,LARA,,MD,160,518,8,Alive,Healthy,H,No,No,"KH, HAS, LP, LU",,
2022,10/1/2021,Mandahl Bay,B,LARA,,"ID, MD",150,554,10.8,Alive,Unhealthy,U,No,Yes,"KH, HAS, LP, LU",,
2024,8/7/2024,Turner Bay,A,LARA,1404,,,,3.7,Dead,Dead,D,No,Yes,"AND, KH, DG, LU",,
2022,10/1/2021,Mandahl Bay,B,LARA,,MD,195,480,15,Alive,Unhealthy,U,No,Yes,"KH, HAS, LP, LU",,
2022,10/1/2021,Mandahl Bay,B,LARA,,ID,190,423,8.6,Alive,Unhealthy,U,No,Yes,"KH, HAS, LP, LU",,
2024,8/7/2024,Turner Bay,A,LARA,1411,,,,5.2,Dead,Dead,D,No,No,"AND, KH, DG, LU",,
2022,10/1/2021,Mandahl Bay,B,LARA,,"ID, MD",140,437,5.2,Alive,Healthy,H,No,No,"KH, HAS, LP, LU",,
2022,10/1/2021,Mandahl Bay,B,LARA,,NF,135,450,10.8,Alive,Healthy,H,No,No,"KH, HAS, LP, LU",,
2022,10/1/2021,Mandahl Bay,B,LARA,,"ID, MD",145,363,6.9,Alive,Healthy,H,No,Yes,"KH, HAS, LP, LU",,
2022,10/1/2021,Mandahl Bay,B,LARA,,"ID, MD",115,316,10.5,Alive,Unhealthy,U,No,Yes,"KH, HAS, LP, LU",,
2024,8/7/2024,Turner Bay,A,LARA,1417,,,,2.9,Dead,Dead,D,No,No,"AND, KH, DG, LU",,
2022,10/1/2021,Mandahl Bay,B,LARA,,MD,120,316,14.7,Alive,Unhealthy,U,No,Yes,"KH, HAS, LP, LU",,
2022,10/1/2021,Mandahl Bay,B,LARA,,"ID, MD",130,267,6.6,Alive,Unhealthy,U,No,Yes,"KH, HAS, LP, LU",,
2022,10/1/2021,Mandahl Bay,B,LARA,,NF,90,200,2.5,Alive,Healthy,H,No,No,"KH, HAS, LP, LU",,
2022,10/1/2021,Mandahl Bay,B,LARA,,"ID, MD",125,556,12.2,Alive,Unhealthy,U,No,No,"KH, HAS, LP, LU",,
2022,10/1/2021,Mandahl Bay,B,RHMA ,,"ID, MD",105,516,5.5,Alive,Healthy,H,No,No,"KH, HAS, LP, LU",,
2022,10/1/2021,Mandahl Bay,B,LARA,,"ID, MD",110,420,6,Alive,Healthy,H,No,No,"KH, HAS, LP, LU",,
2022,10/1/2021,Mandahl Bay,B,LARA,,"ID, MD",105,465,4.1,Alive,Healthy,H,No,No,"KH, HAS, LP, LU",,
2022,10/1/2021,Mandahl Bay,B,LARA,,MD,65,550,5.9,Alive,Healthy,H,No,No,"KH, HAS, LP, LU",,
2022,10/1/2021,Mandahl Bay,B,LARA,,"ID, MD",80,402,3.3,Alive,Healthy,H,No,No,"KH, HAS, LP, LU",,
2022,10/1/2021,Mandahl Bay,B,LARA,,"ID, MD",80,310,4.9,Alive,Healthy,H,No,No,"KH, HAS, LP, LU",,
2022,10/1/2021,Mandahl Bay,B,LARA,,NF,90,296,3,Alive,Healthy,H,No,No,"KH, HAS, LP, LU",,
2022,10/1/2021,Mandahl Bay,B,LARA,,"ID, MD",50,385,4.8,Alive,Healthy,H,No,No,"KH, HAS, LP, LU",,
2024,8/7/2024,Turner Bay,A,LARA,1433,NF,,,5.1,Dead,Dead,D,No,No,"AND, KH, DG, LU",,removed
2022,10/1/2021,Mandahl Bay,B,LARA,,"ID, MD",35,455,7.3,Alive,Healthy,H,No,No,"KH, HAS, LP, LU",,
2022,10/1/2021,Mandahl Bay,B,LARA,,"ID, MD",25,480,5.9,Alive,Healthy,H,No,No,"KH, HAS, LP, LU",,
2024,8/7/2024,Turner Bay,A,LARA,1437,,,,4.4,Dead,Dead,D,No,No,"AND, KH, DG, LU",,
2024,8/7/2024,Turner Bay,A,RHMA ,1438,NF,,,4.3,Dead,Dead,D,No,No,"AND, KH, DG, LU",,removed
2022,10/1/2021,Mandahl Bay,B,LARA,,"ID, MD",45,495,6.8,Alive,Healthy,H,No,No,"KH, HAS, LP, LU",,
2022,10/1/2021,Mandahl Bay,B,RHMA ,,ID,35,548,8.3,Alive,Healthy,H,No,No,"KH, HAS, LP, LU",,
2024,8/7/2024,Turner Bay,A,LARA,1441,,,,6.6,Dead,Dead,D,No,No,"AND, KH, DG, LU",,removed
2022,10/1/2021,Mandahl Bay,B,LARA,,"ID, MD",10,552,4.1,Alive,Healthy,H,No,No,"KH, HAS, LP, LU",,SAME TREE as 46
2022,10/1/2021,Mandahl Bay,B,LARA,,"ID, MD",5,552,3.1,Alive,Healthy,H,No,No,"KH, HAS, LP, LU",,SAME TREE as 45
2022,10/1/2021,Mandahl Bay,B,LARA,,"ID, MD",350,270,7,Alive,Healthy,H,No,No,"KH, HAS, LP, LU",,
2022,10/1/2021,Mandahl Bay,B,RHMA ,,NF,330,495,3,Alive,Healthy,H,No,No,"KH, HAS, LP, LU",,FLOWERING
2022,10/1/2021,Mandahl Bay,B,LARA,,"ID, MD",315,360,3.2,Alive,Healthy,H,No,No,"KH, HAS, LP, LU",,SAME TREE as 49
2022,10/1/2021,Mandahl Bay,B,LARA,,NF,315,360,3.8,Alive,Healthy,H,No,No,"KH, HAS, LP, LU",,SAME TREE as 50
2022,10/1/2021,Mandahl Bay,B,LARA,,"ID, MD",290,366,3,Alive,Healthy,H,No,No,"KH, HAS, LP, LU",,
2024,8/7/2024,Turner Bay,A,LARA,1452,,,,4.6,Dead,Dead,D,No,Yes,"AND, KH, DG, LU",,
2022,10/1/2021,Mandahl Bay,B,LARA,,"ID, MD",290,320,3.6,Alive,Healthy,H,No,No,"KH, HAS, LP, LU",,
2022,10/1/2021,Mandahl Bay,B,LARA,,"ID, MD",270,259,4.4,Alive,Healthy,H,No,No,"KH, HAS, LP, LU",,
2022,10/1/2021,Mandahl Bay,B,RHMA ,,"ID, MD",250,284,4.6,Alive,Healthy,H,No,No,"KH, HAS, LP, LU",,
2022,10/1/2021,Mandahl Bay,B,LARA,,"ID, MD",230,329,5.4,Alive,Healthy,H,No,No,"KH, HAS, LP, LU",,
2022,10/1/2021,Mandahl Bay,B,LARA,,"ID, MD",225,329,4.3,Alive,Healthy,H,No,No,"KH, HAS, LP, LU",,
2022,10/1/2021,Mandahl Bay,B,LARA,,"ID, MD",215,329,5.8,Alive,Healthy,H,No,No,"KH, HAS, LP, LU",,
2022,10/1/2021,Mandahl Bay,B,LARA,,"ID, MD",220,388,3.4,Alive,Healthy,H,No,No,"KH, HAS, LP, LU",,
2022,10/1/2021,Mandahl Bay,B,LARA,,"ID, MD",195,470,6.5,Alive,Unhealthy,U,No,Yes,"KH, HAS, LP, LU",,SAME TREE as 61
2022,10/1/2021,Mandahl Bay,C,LARA,,NF,208,185,6,Alive,Unhealthy,U,No,Yes,"KH, HAS, LP, LU",,
2022,10/1/2021,Mandahl Bay,C,LARA,,"ID, MD",207,334,7.2,Alive,Healthy,H,No,No,"KH, HAS, LP, LU",,
2022,10/1/2021,Mandahl Bay,C,LARA,,"ID, MD",205,370,2.5,Alive,Healthy,H,No,No,"KH, HAS, LP, LU",,
2022,10/1/2021,Mandahl Bay,C,LARA,,"ID, MD",217,349,2.8,Alive,Healthy,H,No,No,"KH, HAS, LP, LU",,
2022,10/1/2021,Mandahl Bay,C,LARA,,"ID, MD",217,225,14.9,Alive,Unhealthy,U,No,Yes,"KH, HAS, LP, LU",,
2022,10/1/2021,Mandahl Bay,C,UNK,,NF,214,472,5.2,Alive,Healthy,H,No,No,"KH, HAS, LP, LU",,
2022,10/1/2021,Mandahl Bay,C,UNK,,NF,236,427,5,Alive,Healthy,H,No,No,"KH, HAS, LP, LU",,
2022,10/1/2021,Mandahl Bay,C,UNK,,NF,253,448,13.6,Alive,Healthy,H,No,No,"KH, HAS, LP, LU",,
2024,8/7/2024,Turner Bay,A,LARA,1482,,,,2.5,Dead,Unhealthy,U,No,No,"AND, KH, DG, LU",,removed
2022,10/1/2021,Mandahl Bay,C,LARA,,MD,264,449,3.9,Alive,Healthy,H,No,No,"KH, HAS, LP, LU",,
2022,10/1/2021,Mandahl Bay,C,LARA,,"ID, MD",264,350,4.1,Alive,Healthy,H,No,No,"KH, HAS, LP, LU",,
2022,10/1/2021,Mandahl Bay,C,LARA,,"ID, MD",185,445,7.1,Alive,Healthy,H,No,No,"KH, HAS, LP, LU",,
2022,10/1/2021,Mandahl Bay,C,LARA,,"ID, MD",269,460,2.5,Alive,Healthy,H,No,No,"KH, HAS, LP, LU",,
2024,8/7/2024,Turner Bay,A,LARA,1487,NF,,,2.8,Dead,Dead,D,No,Yes,"AND, KH, DG, LU",,
2022,10/1/2021,Mandahl Bay,C,ACTO,,NF,278,540,2.5,Alive,Healthy,H,No,No,"KH, HAS, LP, LU",,wind regen/trunk
2024,8/7/2024,Turner Bay,A,LARA,1489,,,,2.7,Dead,Dead,D,No,Yes,"AND, KH, DG, LU",,removed
2022,10/1/2021,Mandahl Bay,C,LARA,,MD,170,485,4.3,Alive,Healthy,H,No,No,"KH, HAS, LP, LU",,
2022,10/1/2021,Mandahl Bay,C,LARA,,MD,170,445,2.5,Alive,Healthy,H,No,No,"KH, HAS, LP, LU",,
2022,10/1/2021,Mandahl Bay,C,ACTO,,F,280,506,2.9,Alive,Healthy,H,No,No,"KH, HAS, LP, LU",,trunk/wind regen
2022,10/1/2021,Mandahl Bay,C,LARA,,"ID, MD",275,329,3.1,Alive,Healthy,H,No,No,"KH, HAS, LP, LU",,
2022,10/1/2021,Mandahl Bay,C,LARA,,"ID, MD",283,317,15.9,Alive,Unhealthy,U,No,Yes,"KH, HAS, LP, LU",,Main trunk split w/termites
2022,10/1/2021,Mandahl Bay,C,LARA,,MD,183,325,6.3,Alive,Unhealthy,U,No,Yes,"KH, HAS, LP, LU",,
2022,10/1/2021,Mandahl Bay,C,LARA,,"ID, MD",260,270,7.6,Alive,Healthy,H,No,No,"KH, HAS, LP, LU",,
2022,10/1/2021,Mandahl Bay,C,LARA,,"ID, MD",281,245,3.1,Alive,Healthy,H,No,No,"KH, HAS, LP, LU",,
2022,10/1/2021,Mandahl Bay,C,LARA,,"ID, MD",301,197,13.4,Alive,Unhealthy,U,No,Yes,"KH, HAS, LP, LU",,
2022,10/1/2021,Mandahl Bay,C,THPO,,"ID, MD",168,548,3.8,Alive,Healthy,H,No,No,"KH, HAS, LP, LU",,
2022,10/1/2021,Mandahl Bay,C,THPO,,ID,165,560,4.8,Alive,Healthy,H,No,No,"KH, HAS, LP, LU",,
2022,10/12/2021,Mandahl Bay,C,THPO,,MD,170,524,5.3,Alive,Healthy,H,No,No,"KWG, AND, LP",,
2024,8/7/2024,Turner Bay,A,LARA,,,265,3.49,4.6,Dead,Dead,D,No,No,"AND, KH, DG, LU",,
2024,8/7/2024,Turner Bay,A,LARA,,,255,3.09,3.6,Dead,Dead,D,No,No,"AND, KH, DG, LU",,
2024,8/7/2024,Turner Bay,A,LARA,,,260,5.61,2.8,Dead,Dead,D,No,No,"AND, KH, DG, LU",,
2024,8/7/2024,Turner Bay,A,LARA,,,276,3.72,4.8,Dead,Dead,D,No,No,"AND, KH, DG, LU",,
2024,8/7/2024,Turner Bay,A,LARA,,,300,1.93,4.6,Dead,Dead,D,No,No,"AND, KH, DG, LU",R-2472,
2024,8/7/2024,Turner Bay,A,LARA,,,340,0.93,2.5,Dead,Dead,D,No,No,"AND, KH, DG, LU",,
2024,8/7/2024,Turner Bay,A,RHMA ,,,320,1.93,4.5,Dead,Dead,D,No,No,"AND, KH, DG, LU",,
2024,8/7/2024,Turner Bay,A,LARA,,,305,3.02,3.6,Dead,Dead,D,No,No,"AND, KH, DG, LU",,
2024,8/7/2024,Turner Bay,A,LARA,,,295,3.17,3.2,Dead,Dead,D,No,No,"AND, KH, DG, LU",,
2024,8/7/2024,Turner Bay,A,RHMA ,,,3,5.17,4.6,Dead,Dead,D,No,No,"AND, KH, DG, LU",,
2024,8/7/2024,Turner Bay,A,LARA,,,340,4.26,3.9,Dead,Dead,D,No,Yes,"AND, KH, DG, LU",,
2022,10/12/2021,Mandahl Bay,C,LARA,,,180,503,3.1,Alive,Healthy,H,No,No,"KWG, AND, LP",,
2022,10/12/2021,Mandahl Bay,C,LARA,,"ID, MD",337,455,3.1,Alive,Healthy,H,No,No,"KWG, AND, LP",,
2022,10/12/2021,Mandahl Bay,C,LARA,,"ID, MD",337,496,4.2,Alive,Healthy,H,No,No,"KWG, AND, LP",,
2022,10/12/2021,Mandahl Bay,C,LARA,,"ID, MD",339,513,5,Alive,Healthy,H,No,No,"KWG, AND, LP",,
2022,10/12/2021,Mandahl Bay,C,LARA,,"ID, MD",338,564,16.3,Alive,Healthy,H,No,No,"KWG, AND, LP",,
2022,10/12/2021,Mandahl Bay,C,LARA,,,344,563,2.6,Alive,Unhealthy,U,No,Yes,"KWG, AND, LP",,
2022,10/12/2021,Mandahl Bay,C,LARA,,"ID, MD",350,546,8.3,Alive,Healthy,H,No,No,"KWG, AND, LP",,TOP DEAD
2022,10/12/2021,Mandahl Bay,C,LARA,,MD,167,260,2.5,Alive,Healthy,H,No,No,"KWG, AND, LP",,
2022,10/12/2021,Mandahl Bay,C,LARA,,MD,354,475,4.2,Alive,Healthy,H,No,No,"KWG, AND, LP",,
2022,10/12/2021,Mandahl Bay,C,LARA,,"ID, MD",357,402,2.8,Alive,Healthy,H,No,No,"KWG, AND, LP",,
2022,10/12/2021,Mandahl Bay,C,LARA,,"ID, MD",357,385,6.1,Alive,Unhealthy,U,No,No,"KWG, AND, LP",,
2022,10/12/2021,Mandahl Bay,C,THPO,,ID,163,450,2.7,Alive,Healthy,H,No,No,"KWG, AND, LP",,
2022,10/12/2021,Mandahl Bay,C,LARA,,MD,8,277,6.4,Alive,Unhealthy,U,No,Yes,"KWG, AND, LP",,
2022,10/12/2021,Mandahl Bay,C,LARA,,"ID, MD",159,462,4.6,Alive,Healthy,H,No,No,"KWG, AND, LP",,
2022,10/12/2021,Mandahl Bay,C,THPO,,"ID, MD",10,434,8,Alive,Unhealthy,U,No,Yes,"KWG, AND, LP",,
2022,10/12/2021,Mandahl Bay,C,LARA,,MD,9,494,4.1,Alive,Healthy,H,No,No,"KWG, AND, LP",,
2022,10/12/2021,Mandahl Bay,C,LARA,,"ID, MD",155,552,6.4,Alive,Healthy,H,No,No,"KWG, AND, LP",,
2022,10/12/2021,Mandahl Bay,C,THPO,,"ID, MD",9,494,6.8,Alive,Unhealthy,U,No,Yes,"KWG, AND, LP",,
2022,10/12/2021,Mandahl Bay,C,LARA,,"ID, MD",9,517,10.4,Alive,Unhealthy,U,No,Yes,"KWG, AND, LP",,
2022,10/12/2021,Mandahl Bay,C,THPO,,"ID, MD",156,383,3.7,Alive,Healthy,H,No,No,"KWG, AND, LP",,
2022,10/12/2021,Mandahl Bay,C,LARA,,"ID, MD",28,305,10,Alive,Unhealthy,U,No,Yes,"KWG, AND, LP",,
2022,10/12/2021,Mandahl Bay,C,THPO,,"ID, MD",154,360,4.9,Alive,Healthy,H,No,No,"KWG, AND, LP",,
2022,10/12/2021,Mandahl Bay,C,THPO,,"ID, MD",148,345,3.3,Alive,Healthy,H,No,No,"KWG, AND, LP",,
2024,8/7/2024,Turner Bay,B,RHMA ,1635,,,,4.6,Dead,Dead,D,No,No,"AND, KH, DG, LU",,
2022,10/12/2021,Mandahl Bay,C,THPO,,"ID, MD",138,482,6.3,Alive,Unhealthy,U,No,Yes,"KWG, AND, LP",,
2024,8/7/2024,Turner Bay,B,RHMA ,1637,,,,3.2,Dead,Dead,D,No,No,"AND, KH, DG, LU",,
2024,8/7/2024,Turner Bay,B,RHMA ,1638,,,,4.5,Dead,Dead,D,No,No,"AND, KH, DG, LU",,
2022,10/12/2021,Mandahl Bay,C,LARA,,"ID, MD",43,313,2.6,Alive,Healthy,H,No,No,"KWG, AND, LP",,
2022,10/12/2021,Mandahl Bay,C,LARA,,"ID, MD",31,361,7.2,Alive,Unhealthy,U,No,Yes,"KWG, AND, LP",,
2022,10/12/2021,Mandahl Bay,C,THPO,,"ID, MD",133,254,2.8,Alive,Healthy,H,No,No,"KWG, AND, LP",,
2022,10/12/2021,Mandahl Bay,C,LARA,,"ID, MD",45,509,5.8,Alive,Healthy,H,No,No,"KWG, AND, LP",,
2022,10/12/2021,Mandahl Bay,C,THPO,,"ID, MD",115,235,4.8,Alive,Healthy,H,No,No,"KWG, AND, LP",,
2022,10/12/2021,Mandahl Bay,C,LARA,,"ID, MD",45,554,4,Alive,Healthy,H,No,No,"KWG, AND, LP",,
2022,10/12/2021,Mandahl Bay,C,THPO,,"ID, MD",143,330,7.1,Alive,Unhealthy,U,No,Yes,"KWG, AND, LP",,
2022,10/12/2021,Mandahl Bay,C,LARA,,MD,50,490,7.2,Alive,Unhealthy,U,No,Yes,"KWG, AND, LP",,
2024,8/7/2024,Turner Bay,B,RHMA ,1648,,,,4.3,Dead,Dead,D,No,No,"AND, KH, DG, LU",,
2022,10/12/2021,Mandahl Bay,C,LARA,,"ID, MD",51,550,7.5,Alive,Unhealthy,U,No,Yes,"KWG, AND, LP",,
2022,10/12/2021,Mandahl Bay,C,LARA,,"ID, MD",55,559,3.4,Alive,Healthy,H,No,No,"KWG, AND, LP",,
2022,10/12/2021,Mandahl Bay,C,LARA,,MD,58,337,2.8,Alive,Healthy,H,No,No,"KWG, AND, LP",,
2022,10/12/2021,Mandahl Bay,C,LARA,,"ID, MD",110,525,3.8,Alive,Healthy,H,No,No,"KWG, AND, LP",,
2022,10/12/2021,Mandahl Bay,C,LARA,,"ID, MD",63,281,3.2,Alive,Healthy,H,No,No,"KWG, AND, LP",,
2022,10/12/2021,Mandahl Bay,C,LARA,,MD,105,545,9.5,Alive,Healthy,H,No,No,"KWG, AND, LP",,
2024,8/7/2024,Turner Bay,B,RHMA ,1655,NF,,,4,Dead,Dead,D,No,No,"AND, KH, DG, LU",,
2022,10/12/2021,Mandahl Bay,C,LARA,,"ID, MD",107,345,7.8,Alive,Unhealthy,U,No,Yes,"KWG, AND, LP",,
2024,8/7/2024,Turner Bay,B,RHMA ,1657,NF,,,4.2,Dead,Healthy,H,No,No,"AND, KH, DG, LU",,
2022,10/12/2021,Mandahl Bay,C,LARA,,"ID, MD",64,375,6.8,Alive,Healthy,H,No,No,"KWG, AND, LP",,
2024,8/7/2024,Turner Bay,B,RHMA ,1661,,,,2.5,Dead,Healthy,H,No,No,"AND, KH, DG, LU",,
2024,8/7/2024,Turner Bay,B,RHMA ,1662,,,,3.6,Dead,Dead,D,No,No,"AND, KH, DG, LU",,
2022,10/12/2021,Mandahl Bay,C,LARA,,MD,107,377,3.1,Alive,Healthy,H,No,No,"KWG, AND, LP",,
2022,10/12/2021,Mandahl Bay,C,LARA,,"ID, MD",63,413,2.8,Alive,Healthy,H,No,No,"KWG, AND, LP",,
2022,10/12/2021,Mandahl Bay,C,LARA,,MD,107,385,3.1,Alive,Healthy,H,No,No,"KWG, AND, LP",,
2024,8/7/2024,Turner Bay,B,RHMA ,1666,,,,5.8,Dead,Dead,D,No,No,"AND, KH, DG, LU",,
2022,10/12/2021,Mandahl Bay,C,LARA,,"ID, MD",57,470,8.1,Alive,Healthy,H,No,No,"KWG, AND, LP",,
2022,10/12/2021,Mandahl Bay,C,LARA,,"ID, MD",68,469,2.9,Alive,Healthy,H,No,No,"KWG, AND, LP",,
2024,8/7/2024,Turner Bay,B,RHMA ,1670,,,,3.5,Dead,Dead,D,No,No,"AND, KH, DG, LU",,
2022,10/12/2021,Mandahl Bay,C,LARA,,MD,97,544,3.3,Alive,Healthy,H,No,No,"KWG, AND, LP",,
2022,10/12/2021,Mandahl Bay,C,LARA,,"ID, MD",94,487,6.2,Alive,Unhealthy,U,No,Yes,"KWG, AND, LP",,
2024,8/7/2024,Turner Bay,B,RHMA ,1673,,,,3.1,Dead,Dead,D,No,No,"AND, KH, DG, LU",,pulled tag
2022,10/12/2021,Mandahl Bay,C,LARA,,"ID, MD",69,529,2.9,Alive,Healthy,H,No,No,"KWG, AND, LP",,
2022,10/12/2021,Mandahl Bay,C,LARA,,,92,563,7.5,Alive,Unhealthy,U,No,Yes,"KWG, AND, LP",,
2022,10/12/2021,Mandahl Bay,C,LARA,,"ID, MD",64,543,4.5,Alive,Healthy,H,No,No,"KWG, AND, LP",,
2022,10/12/2021,Mandahl Bay,C,LARA,,"ID, MD",88,525,5.7,Alive,Unhealthy,U,No,Yes,"KWG, AND, LP",,
2022,10/12/2021,Mandahl Bay,C,LARA,,MD,87,468,5.1,Alive,Healthy,H,No,No,"KWG, AND, LP",,
2022,10/12/2021,Mandahl Bay,C,LARA,,MD,80,533,6.7,Alive,Healthy,H,No,No,"KWG, AND, LP",,
2022,10/12/2021,Mandahl Bay,C,LARA,,"ID, MD",70,401,5.9,Alive,Unhealthy,U,No,Yes,"KWG, AND, LP",,
2022,10/12/2021,Mandahl Bay,C,LARA,,"ID, MD",81,467,10.3,Alive,Healthy,H,No,No,"KWG, AND, LP",,
2022,10/12/2021,Mandahl Bay,C,LARA,,MD,74,543,6.3,Alive,Unhealthy,U,No,Yes,"KWG, AND, LP",,
2022,10/12/2021,Mandahl Bay,C,LARA,,"ID, MD",82,456,10.9,Alive,Healthy,H,No,No,"KWG, AND, LP",,
2022,10/12/2021,Mandahl Bay,C,LARA,,MD,76,510,11.7,Alive,Unhealthy,U,No,Yes,"KWG, AND, LP",,
2022,10/12/2021,Mandahl Bay,C,LARA,,"ID, MD",79,498,5.4,Alive,Unhealthy,U,No,Yes,"KWG, AND, LP",,
2022,10/12/2021,Mandahl Bay,C,LARA,,MD,84,384,3.6,Alive,Healthy,H,No,No,"KWG, AND, LP",,
2022,10/12/2021,Mandahl Bay,C,LARA,,,72,144,4,Alive,Unhealthy,U,No,Yes,"KWG, AND, LP",,
2024,8/7/2024,Turner Bay,B,RHMA ,1689,,,,4.1,Dead,Dead,D,No,No,"AND, KH, DG, LU",,
2022,4/5/2022,Mary Creek,C,LARA,,NF,328,629,3.6,Alive,Unhealthy,U,No,No,,,Herbivory
2022,9/23/2021,Perseverance Bay,A,RHMA ,,"F, ID, MD",300,490,7.7,Alive,Healthy,H,No,No,,,
2022,9/23/2021,Perseverance Bay,C,RHMA ,,"F, MD",144,192,3,Alive,Healthy,H,No,No,,,
2022,9/23/2021,Perseverance Bay,C,RHMA ,,"F, MD",134,201,2.6,Alive,Healthy,H,No,No,,,
2024,8/7/2024,Turner Bay,B,RHMA ,1695,NF,,,4.8,Dead,Dead,D,No,No,"AND, KH, DG, LU",,removed
2022,9/23/2021,Perseverance Bay,C,RHMA ,,"F, ID, MD",219,488,9.3,Alive,Healthy,H,No,No,,,
2022,11/18/2021,Salt River,A,LARA,,NF,121,359,3.2,Alive,Healthy,H,No,No,"Hilary, HAS, AJH, KWG",,
2024,8/7/2024,Turner Bay,B,RHMA ,1699,NF,,,2.6,Dead,Dead,D,No,No,"AND, KH, DG, LU",,
2024,8/7/2024,Turner Bay,B,RHMA ,1700,NF,,,3.6,Dead,Dead,D,No,No,"AND, KH, DG, LU",,
2022,11/18/2021,Salt River,A,LARA,,NF,191,242,3.1,Alive,Healthy,H,No,No,"Hilary, HAS, AJH, KWG",,
2022,11/18/2021,Salt River,A,LARA,,NF,120,312,4,Alive,Healthy,H,No,No,"Hilary, HAS, AJH, KWG",,
2024,8/7/2024,Turner Bay,B,RHMA ,1703,NF,,,3,Dead,Dead,D,No,No,"AND, KH, DG, LU",,
2022,11/18/2021,Salt River,A,LARA,,NF,121,288,5.1,Alive,Healthy,H,No,No,"Hilary, HAS, AJH, KWG",,
2022,11/18/2021,Salt River,A,LARA,,NF,118,328,2.5,Alive,Healthy,H,No,No,"Hilary, HAS, AJH, KWG",,
2022,11/18/2021,Salt River,A,LARA,,NF,96,249,4.2,Alive,Healthy,H,No,No,"Hilary, HAS, AJH, KWG",,
2022,11/18/2021,Salt River,A,LARA,,NF,108,375,2.6,Alive,Healthy,H,No,No,"Hilary, HAS, AJH, KWG",,
2022,11/18/2021,Salt River,A,LARA,,NF,140,170,3.7,Alive,Unhealthy,U,No,No,"Hilary, HAS, AJH, KWG",,lots of dead branches
2022,11/18/2021,Salt River,A,LARA,,NF,141,167,4.8,Alive,Healthy,H,No,No,"Hilary, HAS, AJH, KWG",,
2022,11/18/2021,Salt River,A,LARA,,NF,196,362,2.7,Alive,Healthy,H,No,No,"Hilary, HAS, AJH, KWG",,
2022,11/18/2021,Salt River,A,LARA,,NF,139,97,3.2,Alive,Healthy,H,No,No,"Hilary, HAS, AJH, KWG",,some dead branches
2022,11/18/2021,Salt River,A,LARA,,NF,192,345,4,Alive,Healthy,H,No,No,"Hilary, HAS, AJH, KWG",,
2022,11/18/2021,Salt River,A,LARA,,NF,181,376,3.3,Alive,Healthy,H,No,No,"Hilary, HAS, AJH, KWG",,
2022,11/18/2021,Salt River,A,LARA,,NF,185,424,4.1,Alive,Healthy,H,No,No,"Hilary, HAS, AJH, KWG",,
2022,11/18/2021,Salt River,A,LARA,,NF,160,295,3.7,Alive,Unhealthy,U,No,No,"Hilary, HAS, AJH, KWG",,Herbivory
2022,11/18/2021,Salt River,A,LARA,,F,159,266,3,Alive,Healthy,H,No,No,"Hilary, HAS, AJH, KWG",,
2022,11/18/2021,Salt River,A,LARA,,NF,194,430,2.6,Alive,Healthy,H,No,No,"Hilary, HAS, AJH, KWG",,
2022,11/18/2021,Salt River,A,LARA,,NF,165,408,3.5,Alive,Healthy,H,No,No,"Hilary, HAS, AJH, KWG",,
2022,11/18/2021,Salt River,A,LARA,,NF,,541,3.3,Alive,Healthy,H,No,No,"Hilary, HAS, AJH, KWG",,
2022,11/18/2021,Salt River,A,LARA,,NF,169,439,3.1,Alive,Healthy,H,No,No,"Hilary, HAS, AJH, KWG",,
2022,11/18/2021,Salt River,A,LARA,,NF,169,475,3.9,Alive,Unhealthy,U,No,No,"Hilary, HAS, AJH, KWG",,
2022,11/18/2021,Salt River,A,LARA,,NF,175,526,3.9,Alive,Healthy,H,No,No,"Hilary, HAS, AJH, KWG",,
2022,11/18/2021,Salt River,A,LARA,,NF,164,187,2.9,Alive,Healthy,H,No,No,"Hilary, HAS, AJH, KWG",,
2022,11/18/2021,Salt River,A,LARA,,NF,166,203,3.1,Alive,Healthy,H,No,No,"Hilary, HAS, AJH, KWG",,
2022,11/18/2021,Salt River,A,LARA,,NF,175,478,3.4,Alive,Healthy,H,No,No,"Hilary, HAS, AJH, KWG",,
2022,11/18/2021,Salt River,A,LARA,,NF,181,261,3,Alive,Healthy,H,No,No,"Hilary, HAS, AJH, KWG",,
2022,11/18/2021,Salt River,B,RHMA ,,NF,15,374,5.7,Alive,Unhealthy,U,No,No,"Hilary, HAS, AJH, KWG",,dead branches
2022,11/18/2021,Salt River,B,RHMA ,,NF,10,329,7,Alive,Healthy,H,No,No,"Hilary, HAS, AJH, KWG",,
2022,11/18/2021,Salt River,B,RHMA ,,MD,351,427,8,Alive,Healthy,H,No,No,"Hilary, HAS, AJH, KWG",,
2022,11/18/2021,Salt River,B,RHMA ,,F,340,131,4.9,Alive,Unhealthy,U,No,No,"Hilary, HAS, AJH, KWG",,1/2 dead
2022,11/18/2021,Salt River,B,RHMA ,,NF,1,501,4.8,Alive,Unhealthy,U,No,No,"Hilary, HAS, AJH, KWG",,mostly dead
2022,11/18/2021,Salt River,B,RHMA ,,NF,25,477,3.7,Alive,Unhealthy,U,No,No,"Hilary, HAS, AJH, KWG",,
2022,11/18/2021,Salt River,B,LARA,,"F, ID",25,359,9.1,Alive,Unhealthy,U,No,No,"Hilary, HAS, AJH, KWG",,1/2 dead
2024,8/7/2024,Turner Bay,B,RHMA ,1748,NF,,,3,Dead,Dead,D,No,No,"AND, KH, DG, LU",,
2022,11/18/2021,Salt River,B,RHMA ,,NF,160,269,2.5,Alive,Healthy,H,No,No,"Hilary, HAS, AJH, KWG",,
2022,11/18/2021,Salt River,B,LARA,,NF,41,540,3.5,Alive,Unhealthy,U,No,No,"Hilary, HAS, AJH, KWG",,
2022,11/18/2021,Salt River,B,RHMA ,,F,350,459,7.1,Alive,Unhealthy,U,No,No,"Hilary, HAS, AJH, KWG",,Herbivory
2022,11/18/2021,Salt River,B,LARA,,NF,9,522,6.5,Alive,Unhealthy,U,No,No,"Hilary, HAS, AJH, KWG",,"Herbivory, bark coming off"
2022,11/18/2021,Salt River,B,LARA,,MD,7,480,6,Alive,Unhealthy,U,No,No,"Hilary, HAS, AJH, KWG",,"Herbivory, bark coming off"
2022,11/18/2021,Salt River,B,RHMA ,,"ID, MD",353,562,9.3,Alive,Unhealthy,U,No,Yes,"Hilary, HAS, AJH, KWG",,
2022,11/18/2021,Salt River,B,LARA,,NF,22,495,4.5,Alive,Unhealthy,U,No,Yes,"Hilary, HAS, AJH, KWG",,heavy Herbivory
2022,11/18/2021,Salt River,B,RHMA ,,F,348,534,7.5,Alive,Healthy,H,No,No,"Hilary, HAS, AJH, KWG",,
2022,11/18/2021,Salt River,B,RHMA ,,F,326,243,10.3,Alive,Unhealthy,U,No,No,"Hilary, HAS, AJH, KWG",,"Herbivory, taken below tallest prop (too high)"
2022,11/18/2021,Salt River,B,RHMA ,,NF,326,231,4.3,Alive,Unhealthy,U,No,No,"Hilary, HAS, AJH, KWG",,3/4 dead branches
2022,11/18/2021,Salt River,B,RHMA ,,"ID, MD",305,263,5.7,Alive,Healthy,H,No,No,"Hilary, HAS, AJH, KWG",,1/2 branches dead
2022,11/18/2021,Salt River,B,RHMA ,,"ID, MD",294,156,7.3,Alive,Healthy,H,No,No,"Hilary, HAS, AJH, KWG",,
2022,11/18/2021,Salt River,B,RHMA ,,"F, ID",289,84,5.8,Alive,Healthy,H,No,No,"Hilary, HAS, AJH, KWG",,
2022,11/18/2021,Salt River,B,RHMA ,,"F, ID",283,158,6.5,Alive,Healthy,H,No,No,"Hilary, HAS, AJH, KWG",,
2022,11/18/2021,Salt River,B,RHMA ,,F,279,110,8.7,Alive,Unhealthy,U,No,Yes,"Hilary, HAS, AJH, KWG",,Herbivory
2024,8/7/2024,Turner Bay,B,RHMA ,,,94,0.97,3.5,Dead,Dead,D,No,No,"AND, KH, DG, LU",,
2024,8/7/2024,Turner Bay,B,RHMA ,,,240,3.33,3,Dead,Dead,D,No,No,"AND, KH, DG, LU",,
2024,8/7/2024,Turner Bay,B,RHMA ,,NF,75,1,3.8,Dead,Healthy,H,No,No,"AND, KH, DG, LU",,
2024,8/7/2024,Turner Bay,B,RHMA ,,,219,4.57,3.9,Dead,Dead,D,No,No,"AND, KH, DG, LU",,
2024,8/7/2024,Turner Bay,B,RHMA ,,,,,3,Dead,Dead,D,No,No,"AND, KH, DG, LU",,
2024,8/7/2024,Turner Bay,B,RHMA ,,,195,3.35,2.7,Dead,Dead,D,No,No,"AND, KH, DG, LU",,
2022,11/18/2021,Salt River,B,LARA,,NF,274,65,3.7,Alive,Unhealthy,U,No,No,"Hilary, HAS, AJH, KWG",,"SAME TREE, Herbivory as 30"
2022,11/18/2021,Salt River,B,LARA,,NF,260,63,2.9,Alive,Unhealthy,U,No,No,"Hilary, HAS, AJH, KWG",,"SAME TREE, Herbivory as 29"
2022,11/18/2021,Salt River,B,RHMA ,,"F, ID",331,111,5.5,Alive,Unhealthy,U,No,No,"Hilary, HAS, AJH, KWG",,Herbivory
2022,11/18/2021,Salt River,B,RHMA ,,F,351,129,5.3,Alive,Unhealthy,U,No,Yes,"Hilary, HAS, AJH, KWG",,
2022,11/18/2021,Salt River,B,RHMA ,,F,252,109,7,Alive,Healthy,H,No,No,"Hilary, HAS, AJH, KWG",,
2022,11/18/2021,Salt River,B,LARA,,NF,246,117,5.8,Alive,Unhealthy,U,No,Yes,"Hilary, HAS, AJH, KWG",,Herbivory
2022,11/18/2021,Salt River,B,LARA,,NF,220,159,3.2,Alive,Unhealthy,U,No,No,"Hilary, HAS, AJH, KWG",,Herbivory
2022,11/18/2021,Salt River,B,RHMA ,,F,227,55,6.5,Alive,Healthy,H,No,No,"Hilary, HAS, AJH, KWG",,
2022,11/18/2021,Salt River,B,RHMA ,,F,214,276,9.3,Alive,Unhealthy,U,No,No,"Hilary, HAS, AJH, KWG",,1/2 branches dead
2022,11/18/2021,Salt River,B,RHMA ,,"F, ID",199,262,7.5,Alive,Unhealthy,U,No,Yes,"Hilary, HAS, AJH, KWG",,1/3 branches dead
2022,11/18/2021,Salt River,B,LARA,,NF,170,327,3.9,Alive,Unhealthy,U,No,Yes,"Hilary, HAS, AJH, KWG",,Herbivory
2022,11/18/2021,Salt River,B,RHMA ,,F,227,423,6.5,Alive,Healthy,H,No,No,"Hilary, HAS, AJH, KWG",,
2022,11/18/2021,Salt River,B,LARA,,NF,204,422,4.8,Alive,Unhealthy,U,No,Yes,"Hilary, HAS, AJH, KWG",,Herbivory
2022,11/18/2021,Salt River,B,LARA,,NF,220,450,4.8,Alive,Unhealthy,U,No,No,"Hilary, HAS, AJH, KWG",,Herbivory
2022,11/18/2021,Salt River,B,RHMA ,,NF,32,452,4.8,Alive,Unhealthy,U,No,No,"Hilary, HAS, AJH",,
2022,11/18/2021,Salt River,B,LARA,,NF,35,491,3.8,Alive,Unhealthy,U,No,No,"Hilary, HAS, AJH",,"Herbivory, large portion dead"
2022,11/18/2021,Salt River,B,LARA,,NF,43,342,3,Alive,Unhealthy,U,No,No,"Hilary, HAS, AJH",,large part dead
2022,11/18/2021,Salt River,B,RHMA ,,NF,129,233,4.3,Alive,Unhealthy,U,No,Yes,"Hilary, HAS, AJH",,mostly dead
2022,11/18/2021,Salt River,B,LARA,,NF,26,185,3.1,Alive,Healthy,H,No,No,"Hilary, HAS, AJH",,Herbivory
2022,11/18/2021,Salt River,B,LARA,,NF,57,273,4.5,Alive,Unhealthy,U,No,No,"Hilary, HAS, AJH",,
2022,11/18/2021,Salt River,B,THPO,,ID,62,359,8.5,Alive,Healthy,H,No,No,"Hilary, HAS, AJH",,
2022,11/18/2021,Salt River,B,THPO,,ID,58,450,4.1,Alive,Healthy,H,No,No,"Hilary, HAS, AJH",,
2022,11/18/2021,Salt River,B,THPO,,ID,45,360,10.4,Alive,Healthy,H,No,No,"Hilary, HAS, AJH",,
2022,11/18/2021,Salt River,B,THPO,,ID,54,425,5.3,Alive,Healthy,H,No,No,"Hilary, HAS, AJH",,
2022,11/18/2021,Salt River,B,THPO,,ID,60,358,11.5,Alive,Healthy,H,No,No,"Hilary, HAS, AJH",,
2022,11/18/2021,Salt River,B,THPO,,ID,56,388,8.5,Alive,Healthy,H,No,No,"Hilary, HAS, AJH",,
2024,8/7/2024,Turner Bay,C,RHMA ,1607,NF,,,2.7,Dead,Dead,D,No,No,"AND, KH, DG, LU",,removing tag
2022,11/18/2021,Salt River,B,THPO,,ID,60,431,3.2,Alive,Healthy,H,No,No,"Hilary, HAS, AJH",,new tree
2022,11/18/2021,Salt River,B,THPO,,ID,116,341,6.8,Alive,Healthy,H,No,No,"Hilary, HAS, AJH",,not as healthy as others
2022,11/18/2021,Salt River,B,LARA,,NF,116,385,5.7,Alive,Healthy,H,No,No,"Hilary, HAS, AJH",,
2022,11/18/2021,Salt River,B,LARA,,NF,130,278,7,Alive,Unhealthy,U,No,No,"Hilary, HAS, AJH",,"1/2 dead, 1/2 regen"
2022,11/18/2021,Salt River,B,LARA,,NF,126,361,3,Alive,Unhealthy,U,No,No,"Hilary, HAS, AJH",,portion of trunk cracking open
2022,11/18/2021,Salt River,B,LARA,,NF,133,345,2.5,Alive,Healthy,H,No,No,"Hilary, HAS, AJH",,
2022,11/18/2021,Salt River,B,LARA,,NF,177,560,4.6,Alive,Unhealthy,U,No,Yes,"Hilary, HAS, AJH",,Herbivory
2022,11/18/2021,Salt River,B,RHMA ,,NF,178,524,7,Alive,Unhealthy,U,No,Yes,"Hilary, HAS, AJH",,"bark scar, large part dead"
2022,11/18/2021,Salt River,B,LARA,,NF,178,492,4.1,Alive,Healthy,H,No,No,"Hilary, HAS, AJH",,
2022,11/18/2021,Salt River,B,LARA,,NF,143,351,5.3,Alive,Healthy,H,No,No,"Hilary, HAS, AJH",,
2022,11/18/2021,Salt River,B,LARA,,"ID, MD",135,190,7.2,Alive,Unhealthy,U,No,No,"Hilary, HAS, AJH",,Herbivory
2022,11/18/2021,Salt River,C,LARA,,NF,196,224,4.8,Alive,Unhealthy,U,No,Yes,"Hilary, HAS, AJH, KWG",,
2022,11/18/2021,Salt River,C,LARA,,"ID, MD",93,474,2.9,Alive,Healthy,H,No,No,"Hilary, HAS, AJH, KWG",,seed pods
2022,11/18/2021,Salt River,C,LARA,,"ID, MD",88,556,4,Alive,Healthy,H,No,No,"Hilary, HAS, AJH, KWG",,
2022,11/18/2021,Salt River,C,LARA,,NF,29,448,10,Alive,Unhealthy,U,No,Yes,"Hilary, HAS, AJH, KWG",,most branches dead
2022,11/18/2021,Salt River,C,LARA,,NF,88,562,4.3,Alive,Healthy,H,No,No,"Hilary, HAS, AJH, KWG",,
2022,11/18/2021,Salt River,C,LARA,,NF,35,457,7.2,Alive,Healthy,H,No,Yes,"Hilary, HAS, AJH, KWG",,
2022,11/18/2021,Salt River,C,LARA,,NF,83,505,4.4,Alive,Healthy,H,No,No,"Hilary, HAS, AJH, KWG",,
2022,11/18/2021,Salt River,C,LARA,,ID,83,488,3.8,Alive,Healthy,H,No,No,"Hilary, HAS, AJH, KWG",,
2022,11/18/2021,Salt River,C,LARA,,ID,87,453,4,Alive,Healthy,H,No,No,"Hilary, HAS, AJH, KWG",,
2022,11/18/2021,Salt River,C,LARA,,ID,87,486,2.5,Alive,Healthy,H,No,No,"Hilary, HAS, AJH, KWG",,
2022,11/18/2021,Salt River,C,LARA,,MD,87,414,2.5,Alive,Healthy,H,No,No,"Hilary, HAS, AJH, KWG",,
2022,11/18/2021,Salt River,C,LARA,,NF,7,500,7.3,Alive,Healthy,H,No,No,"Hilary, HAS, AJH, KWG",,
2022,11/18/2021,Salt River,C,LARA,,"ID, MD",100,565,3.2,Alive,Healthy,H,No,No,"Hilary, HAS, AJH, KWG",,
2024,8/7/2024,Turner Bay,C,LARA,1755,,,,2.9,Dead,Dead,D,No,No,"AND, KH, DG, LU",,
2022,11/18/2021,Salt River,C,LARA,,"ID, MD",164,139,8.7,Alive,Healthy,H,No,No,"Hilary, HAS, AJH",,
2022,11/18/2021,Salt River,C,LARA,,"F, ID",160,96,2.7,Alive,Healthy,H,No,No,"Hilary, HAS, AJH",,
2022,11/18/2021,Salt River,C,LARA,,NF,139,236,5.7,Alive,Unhealthy,U,No,No,"Hilary, HAS, AJH",,dead branches
2024,8/7/2024,Turner Bay,C,LARA,1759,,,,2.5,Dead,Dead,D,No,No,"AND, KH, DG, LU",,
2022,11/18/2021,Salt River,C,LARA,,NF,145,237,8,Alive,Healthy,H,No,No,"Hilary, HAS, AJH",,
2024,8/7/2024,Turner Bay,C,LARA,1763,,,,3,Dead,Dead,D,No,No,"AND, KH, DG, LU",,
2022,11/18/2021,Salt River,C,RHMA ,,F,280,102,13.1,Alive,Unhealthy,U,No,Yes,"Hilary, HAS, AJH",,
2022,11/18/2021,Salt River,C,LARA,,NF,161,163,3.3,Alive,Unhealthy,U,No,Yes,"Hilary, HAS, AJH",,scars on trunk
2022,11/18/2021,Salt River,C,LARA,,NF,155,328,3.6,Alive,Healthy,H,No,No,"Hilary, HAS, AJH",,
2022,11/18/2021,Salt River,C,LARA,,NF,240,108,3.5,Alive,Unhealthy,U,No,Yes,"Hilary, HAS, AJH",,
2022,11/18/2021,Salt River,C,LARA,,NF,233,135,2.5,Alive,Healthy,H,No,No,"Hilary, HAS, AJH",,
2022,11/18/2021,Salt River,C,LARA,,NF,96,225,4.3,Alive,Healthy,H,No,No,"Hilary, HAS, AJH",,
2022,11/18/2021,Salt River,C,LARA,,NF,96,289,4.8,Alive,Unhealthy,U,No,Yes,"Hilary, HAS, AJH",,
2024,8/7/2024,Turner Bay,C,LARA,1773,,,,4,Dead,Dead,D,No,No,"AND, KH, DG, LU",,
2024,8/7/2024,Turner Bay,C,LARA,1775,,,,4.4,Dead,Dead,D,No,No,"AND, KH, DG, LU",,removed tag
2024,8/7/2024,Turner Bay,C,LARA,1776,,,,3.2,Dead,Dead,D,No,No,"AND, KH, DG, LU",,removed tag
2022,11/18/2021,Salt River,C,RHMA ,,NF,278,251,11.9,Alive,Healthy,H,No,No,"Hilary, HAS, AJH",,
2022,11/18/2021,Salt River,C,RHMA ,,"F, ID",268,258,12.5,Alive,Healthy,H,No,No,"Hilary, HAS, AJH",,
2024,8/7/2024,Turner Bay,C,LARA,1779,,,,4,Dead,Dead,D,No,No,"AND, KH, DG, LU",,removed tag
2022,11/18/2021,Salt River,C,LARA,,NF,158,287,2.5,Alive,Healthy,H,No,No,"Hilary, HAS, AJH",,
2022,11/18/2021,Salt River,C,LARA,,NF,159,289,2.6,Alive,Healthy,H,No,No,"Hilary, HAS, AJH",,
2022,11/18/2021,Salt River,C,RHMA ,,NF,275,227,7.8,Alive,Healthy,H,No,No,"Hilary, HAS, AJH",,
2022,11/18/2021,Salt River,C,LARA,,NF,180,183,3,Alive,Healthy,H,No,No,"Hilary, HAS, AJH",,
2022,11/18/2021,Salt River,C,LARA,,NF,148,260,7.7,Alive,Unhealthy,U,No,Yes,"Hilary, HAS, AJH",,
2022,11/18/2021,Salt River,C,ACTO,,NF,148,379,3.8,Alive,Unhealthy,U,No,Yes,"Hilary, HAS, AJH",,
2022,11/18/2021,Salt River,C,LARA,,NF,195,320,4.3,Alive,Unhealthy,U,No,Yes,"Hilary, HAS, AJH",,
2024,8/7/2024,Turner Bay,C,RHMA ,1787,,,,5.7,Dead,Dead,D,No,No,"AND, KH, DG, LU",,
2024,8/7/2024,Turner Bay,C,RHMA ,1788,,,,4.1,Dead,Dead,D,No,No,"AND, KH, DG, LU",,
2024,8/7/2024,Turner Bay,C,RHMA ,1789,,,,2.9,Dead,Dead,D,No,No,"AND, KH, DG, LU",,
2022,11/18/2021,Salt River,C,LARA,,NF,292,337,3.7,Alive,Unhealthy,U,No,No,"Hilary, HAS, AJH",,Herbivory
2022,11/18/2021,Salt River,C,LARA,,NF,194,360,5,Alive,Unhealthy,U,No,No,"Hilary, HAS, AJH",,half dead
2022,11/18/2021,Salt River,C,RHMA ,,ID,198,436,11.2,Alive,Unhealthy,U,No,Yes,"Hilary, HAS, AJH",,half dead
2022,11/18/2021,Salt River,C,LARA,,NF,199,243,2.6,Alive,Unhealthy,U,No,No,"Hilary, HAS, AJH",,Herbivory
2022,11/18/2021,Salt River,C,RHMA ,,ID,230,369,7.9,Alive,Healthy,H,No,No,"Hilary, HAS, AJH",,
2022,11/18/2021,Salt River,C,RHMA ,,ID,199,531,4.1,Alive,Healthy,H,No,No,"Hilary, HAS, AJH",,
2022,11/18/2021,Salt River,C,RHMA ,,ID,199,533,2.9,Alive,Healthy,H,No,No,"Hilary, HAS, AJH",,
2022,11/18/2021,Salt River,C,RHMA ,,"F, ID",222,293,10.1,Alive,Healthy,H,No,No,"Hilary, HAS, AJH",,
2022,11/18/2021,Salt River,C,LARA,,NF,199,513,2.5,Alive,Unhealthy,U,No,No,"Hilary, HAS, AJH",,Herbivory
2022,11/18/2021,Salt River,C,RHMA ,,F,249,411,3.7,Alive,Unhealthy,U,No,No,"Hilary, HAS, AJH",,3/4 dead
2022,11/18/2021,Salt River,C,LARA,,"ID, MD",205,153,3.2,Alive,Unhealthy,U,No,No,"Hilary, HAS, AJH",,Herbivory
2022,11/18/2021,Salt River,C,LARA,,NF,201,485,2.3,Alive,Healthy,H,No,No,"Hilary, HAS, AJH",,
2022,11/18/2021,Salt River,C,LARA,,ID,213,183,3.6,Alive,Unhealthy,U,No,No,"Hilary, HAS, AJH",,Herbivory
2022,11/18/2021,Salt River,C,LARA,,NF,208,554,2.6,Alive,Healthy,H,No,No,"Hilary, HAS, AJH",,
2022,11/18/2021,Salt River,C,LARA,,NF,207,555,2.5,Alive,Healthy,H,No,No,"Hilary, HAS, AJH",,
2022,11/18/2021,Salt River,C,LARA,,NF,190,168,2.9,Alive,Unhealthy,U,No,No,"Hilary, HAS, AJH",,Herbivory
2022,11/18/2021,Salt River,C,LARA,,NF,208,564,2.1,Alive,Unhealthy,U,No,No,"Hilary, HAS, AJH",,Herbivory
2024,8/7/2024,Turner Bay,C,RHMA ,1854,NF,,,4.3,Dead,Dead,D,No,No,"AND, KH, DG, LU",,removed tag
2022,11/18/2021,Salt River,C,LARA,,"ID, MD",80,266,2.5,Alive,Unhealthy,U,No,Yes,"Hilary, HAS, AJH",,Herbivory
2022,11/18/2021,Salt River,C,LARA,,NF,10,120,2.9,Alive,Healthy,H,No,No,"Hilary, HAS, AJH",,
2024,8/7/2024,Turner Bay,C,RHMA ,1863,,,,3.5,Dead,Dead,D,No,No,"AND, KH, DG, LU",,
2022,11/18/2021,Salt River,C,LARA,,"ID, MD",71,430,2.7,Alive,Healthy,H,No,No,"Hilary, HAS, AJH",,
2022,11/18/2021,Salt River,C,LARA,,"ID, MD",42,466,3,Alive,Healthy,H,No,No,"Hilary, HAS, AJH",,
2022,11/18/2021,Salt River,C,LARA,,NF,305,117,2.7,Alive,Healthy,H,No,No,"Hilary, HAS, AJH",,
2022,11/18/2021,Salt River,C,LARA,,NF,41,465,6.1,Alive,Unhealthy,U,No,No,"Hilary, HAS, AJH",,mostly dead
2022,11/18/2021,Salt River,C,LARA,,NF,299,149,2.5,Alive,Unhealthy,U,No,No,"Hilary, HAS, AJH",,Herbivory
2022,11/18/2021,Salt River,C,LARA,,NF,44,532,3.2,Alive,Healthy,H,No,No,"Hilary, HAS, AJH",,
2022,11/18/2021,Salt River,C,RHMA ,,ID,25,547,7.1,Alive,Healthy,H,No,No,"Hilary, HAS, AJH",,
2022,11/18/2021,Salt River,C,LARA,,"F, ID",333,177,4.9,Alive,Healthy,H,No,No,"Hilary, HAS, AJH",,
2022,11/18/2021,Salt River,C,LARA,,NF,185,106,4.2,Alive,Healthy,H,No,No,"Hilary, HAS, AJH",,
2022,11/16/2021,Southgate,B,LARA,,NF,169,227,2.5,Alive,Healthy,H,No,No,"AD, CAROLINE, AJH, KWG",,"no tag, wasps!"
2022,11/16/2021,Southgate,B,LARA,,F,170,139,3.1,Alive,Healthy,H,No,No,"Caroline, Jen, Allie",,"Herbivory, tag number not noted"
2024,8/7/2024,Turner Bay,C,RHMA ,1887,,,,2.5,Dead,Dead,D,No,No,"AND, KH, DG, LU",,
2022,10/15/2021,STEER Fringe,A,RHMA ,,NF,221,428,3.4,Alive,Healthy,H,No,No,,,Lots of Herbivory
2024,8/7/2024,Turner Bay,C,RHMA ,,,290,4.78,3.5,Dead,Dead,D,No,No,"AND, KH, DG, LU",,
2022,10/15/2021,STEER Fringe,A,RHMA ,,NF,209,342,3,Alive,Healthy,H,No,No,,,Lots of Herbivory
2022,10/15/2021,STEER Fringe,A,RHMA ,,NF,181,346,2.5,Alive,Healthy,H,No,No,,,Lots of Herbivory
2022,10/15/2021,STEER Fringe,A,RHMA ,,NF,181,381,2.6,Alive,Healthy,H,No,No,,,Lots of Herbivory
2022,10/15/2021,STEER Fringe,A,RHMA ,,NF,181,446,3,Alive,Healthy,H,No,No,,,Lots of Herbivory
2022,10/15/2021,STEER Fringe,A,RHMA ,,F,171,565,3.3,Alive,Healthy,H,No,No,,,Mild Herbivory
2022,10/15/2021,STEER Fringe,A,RHMA ,,NF,119,370,4,Alive,Healthy,H,No,No,,,Lots of Herbivory
2022,10/15/2021,STEER Fringe,A,RHMA ,,NF,121,348,4.7,Alive,Healthy,H,No,No,,,Mild Herbivory
2022,10/15/2021,STEER Fringe,A,RHMA ,,NF,121,348,3,Alive,Unhealthy,U,No,No,,,No leaves
2022,10/15/2021,STEER Fringe,A,RHMA ,,NF,85,265,2.5,Alive,Healthy,H,No,No,,,Lots of Herbivory
2022,10/15/2021,STEER Fringe,A,RHMA ,,NF,94,464,2.5,Alive,Healthy,H,No,No,,,
2022,10/15/2021,STEER Fringe,A,RHMA ,,NF,323,88,3.1,Alive,Healthy,H,No,No,,,Lots of Herbivory
2022,10/15/2021,STEER Fringe,A,RHMA ,,NF,313,340,4.2,Alive,Healthy,H,No,No,,,
2022,10/15/2021,STEER Fringe,A,RHMA ,,NF,301,460,2.5,Alive,Healthy,H,No,No,,,Herbivory
2022,10/15/2021,STEER Fringe,A,RHMA ,,NF,305,264,2.6,Alive,Healthy,H,No,No,,,Herbivory
2022,10/15/2021,STEER Fringe,B,RHMA ,,NF,161,197,2.5,Alive,Healthy,H,Yes,No,,,
2022,10/15/2021,STEER Fringe,B,LARA,,"ID, MD",135,233,3.7,Alive,Healthy,H,No,No,,,Ants
2022,10/15/2021,STEER Fringe,B,LARA,,"ID, MD",115,167,5.1,Alive,Healthy,H,No,No,,,Ants
2022,10/15/2021,STEER Fringe,B,LARA,,"ID, MD",119,182,3,Alive,Healthy,H,No,No,,,
2022,10/15/2021,STEER Fringe,B,RHMA ,,F,159,496,5.4,Alive,Healthy,H,No,No,,,
2024,6/13/2024,Vessup Bay,A,LARA,,,245,4.48,9.7,Dead,Dead,D,No,No,"DG,HM,KR",,
2024,6/13/2024,Vessup Bay,A,LARA,,,246,4.4,11.5,Dead,Dead,D,No,No,"DG,HM,KR",,
2022,10/15/2021,STEER Fringe,B,RHMA ,,F,178,397,3.2,Alive,Healthy,H,No,No,,,
2022,10/15/2021,STEER Fringe,B,RHMA ,,NF,205,499,2.8,Alive,Healthy,H,No,No,,,
2022,10/15/2021,STEER Fringe,B,LARA,,MD,197,440,3,Alive,Healthy,H,No,No,,,
2022,10/15/2021,STEER Fringe,B,LARA,,MD,197,408,4,Alive,Healthy,H,No,No,,,
2022,10/15/2021,STEER Fringe,B,LARA,,MD,197,408,3.1,Alive,Healthy,H,No,No,,,
2024,6/13/2024,Vessup Bay,A,LARA,,,0,1.46,6,Dead,Dead,D,No,Yes,"DG,HM,KR",,
2024,6/13/2024,Vessup Bay,A,RHMA ,,,340,1.17,8.2,Dead,Dead,D,No,Yes,"DG,HM,KR",,
2024,6/13/2024,Vessup Bay,A,LARA,,,355,0.86,8.2,Dead,Dead,D,No,Yes,"DG,HM,KR",,
2024,6/13/2024,Vessup Bay,A,RHMA ,,,242,5.22,12.7,Dead,Dead,D,No,Yes,"DG,HM,KR",,
2024,6/13/2024,Vessup Bay,A,RHMA ,,,310,0.25,9.2,Dead,Dead,D,No,No,"DG,HM,KR",,CENTER TREE?
2022,10/15/2021,STEER Fringe,B,LARA,,MD,197,388,10.7,Alive,Unhealthy,U,No,Yes,,,
2022,10/15/2021,STEER Fringe,B,LARA,,MD,197,354,3.8,Alive,Healthy,H,No,No,,,
2024,6/13/2024,Vessup Bay,A,LARA,,D,270,4.72,4.6,Dead,Dead,D,No,Yes,"DG,HM,KR",,
2022,10/15/2021,STEER Fringe,B,LARA,,MD,197,354,3.6,Alive,Healthy,H,No,No,,,
2022,10/15/2021,STEER Fringe,B,LARA,,"ID, MD",197,302,4,Alive,Healthy,H,No,No,,,
2022,10/15/2021,STEER Fringe,B,RHMA ,,NF,203,477,3.1,Alive,Healthy,H,No,No,,,
2022,10/15/2021,STEER Fringe,B,LARA,,MD,203,544,2.7,Alive,Healthy,H,No,No,,,
2022,10/15/2021,STEER Fringe,B,LARA,,MD,206,494,3.4,Alive,Healthy,H,No,No,,,
2022,10/15/2021,STEER Fringe,B,LARA,,MD,206,550,10.6,Alive,Healthy,H,No,No,,,
2022,10/15/2021,STEER Fringe,B,LARA,,MD,206,536,3,Alive,Healthy,H,No,No,,,
2022,10/15/2021,STEER Fringe,B,LARA,,MD,210,421,4.1,Alive,Healthy,H,No,No,,,
2022,10/15/2021,STEER Fringe,B,LARA,,MD,210,493,4.5,Alive,Healthy,H,No,No,,,
2022,10/15/2021,STEER Fringe,B,LARA,,MD,210,494,4.2,Alive,Healthy,H,No,No,,,
2022,10/15/2021,STEER Fringe,B,LARA,,MD,210,485,4.5,Alive,Healthy,H,No,No,,,
2022,10/15/2021,STEER Fringe,B,LARA,,MD,210,482,2.5,Alive,Healthy,H,No,No,,,
2022,10/15/2021,STEER Fringe,B,LARA,,"ID, MD",194,77,2.6,Alive,Healthy,H,No,No,,,
2022,10/15/2021,STEER Fringe,B,LARA,,MD,233,494,2.9,Alive,Healthy,H,No,No,,,
2024,8/8/2024,Water Creek,A,LARA,2148,NF,,,9.4,Dead,Dead,D,,,"KR,SM,LU,JC,AND",,
2022,10/15/2021,STEER Fringe,B,RHMA ,,NF,233,510,5.5,Alive,Healthy,H,No,No,,,
2024,8/8/2024,Water Creek,A,RHMA ,2150,,,,8.1,Dead,Dead,D,,,"KR,SM,LU,JC,AND",,
2024,8/8/2024,Water Creek,A,RHMA ,,,254,3.84,3.9,Dead,Dead,D,,,"KR,SM,LU,JC,AND",,NEW TREE
2024,8/8/2024,Water Creek,A,RHMA ,,NF,256,4.21,4.8,Dead,Dead,D,,,"KR,SM,LU,JC,AND",,
2024,8/8/2024,Water Creek,A,RHMA ,R1161,,295,2.8,3.4,Dead,Dead,D,,,"KR,SM,LU,JC,AND",,
2022,10/15/2021,STEER Fringe,B,LARA,,MD,229,370,3,Alive,Healthy,H,No,No,,,
2022,10/15/2021,STEER Fringe,B,LARA,,MD,250,563,3.3,Alive,Healthy,H,No,No,,,
2022,10/15/2021,STEER Fringe,B,LARA,,"ID, MD",33,83,3.2,Alive,Healthy,H,No,No,,,
2022,10/15/2021,STEER Fringe,B,RHMA ,,"ID, MD",50,547,15.1,Alive,Healthy,H,No,No,,,
2024,8/8/2024,Water Creek,A,RHMA ,R1630,,256,3.72,4.5,Dead,Dead,D,,,"KR,SM,LU,JC,AND",,
2022,10/15/2021,STEER Fringe,B,RHMA ,,"F, ID",54,486,6.5,Alive,Healthy,H,No,No,,,
2022,10/15/2021,STEER Fringe,B,LARA,,"ID, MD",103,260,6.5,Alive,Healthy,H,No,No,,,
2022,10/15/2021,STEER Fringe,B,LARA,,"F, ID, MD",103,260,5.5,Alive,Healthy,H,No,No,,,
2022,10/15/2021,STEER Fringe,B,LARA,,NF,103,260,5.6,Alive,Healthy,H,No,No,,,
2022,10/19/2021,STEER Fringe,C,RHMA ,,"F, ID, MD",50,538,20.5,Alive,Healthy,H,No,No,,,
2022,10/19/2021,STEER Fringe,C,LARA,,MD,0,463,10.1,Alive,Healthy,H,No,No,,,
2022,10/19/2021,STEER Fringe,C,LARA,,MD,55,525,2.7,Alive,Healthy,H,No,No,"KH, SRM, HAS",,
2024,8/8/2024,Water Creek,A,RHMA ,R1679,NF,256,4.98,12,Dead,Dead,D,,,"KR,SM,LU,JC,AND",,
2024,8/8/2024,Water Creek,A,RHMA ,R1680,NF,255,3.88,5.7,Dead,Dead,D,,,"KR,SM,LU,JC,AND",,
2022,10/19/2021,STEER Fringe,C,LARA,,MD,70,552,4.3,Alive,Healthy,H,No,No,,,
2022,10/19/2021,STEER Fringe,C,LARA,,MD,55,528,3.3,Alive,Healthy,H,No,No,,,
2024,8/8/2024,Water Creek,A,RHMA ,R1697,NF,256,5.37,4.5,Dead,Dead,D,,,"KR,SM,LU,JC,AND",,
2022,10/19/2021,STEER Fringe,C,LARA,,MD,62,564,5.6,Alive,Healthy,H,No,No,,,
2022,10/19/2021,STEER Fringe,C,LARA,,MD,54,491,3.5,Alive,Healthy,H,No,No,,,
2022,10/19/2021,STEER Fringe,C,LARA,,MD,55,473,3.6,Alive,Healthy,H,No,No,,,
2024,8/8/2024,Water Creek,B,LARA,2101,"F, IP",,,4.3,Dead,Dead,D,,,"KR,SM,LU,JC,AND",,
2022,10/19/2021,STEER Fringe,C,LARA,,MD,57,478,4.5,Alive,Healthy,H,No,No,,,
2024,8/8/2024,Water Creek,B,LARA,2109,,,5.94,4.4,Dead,Dead,D,No,Yes,"SM,AD,KR,LU",,
2022,10/19/2021,STEER Fringe,C,LARA,,MD,70,533,3.6,Alive,Healthy,H,No,No,,,
2022,10/19/2021,STEER Fringe,C,LARA,,MD,70,556,4.3,Alive,Healthy,H,No,No,,,
2022,10/19/2021,STEER Fringe,C,LARA,,MD,68,491,5,Alive,Healthy,H,No,No,,,
2024,8/8/2024,Water Creek,B,RHMA ,2115,,,,25.5,Dead,Dead,D,No,No,"SM,AD,KR,LU",,
2024,8/8/2024,Water Creek,B,RHMA ,2116,,,,5.1,Dead,Dead,D,No,Yes,"SM,AD,KR,LU",,PULLED TAG
2024,8/8/2024,Water Creek,B,LARA,,,284,2.46,5.3,Dead,Dead,D,No,Yes,"SM,AD,KR,LU",,
2022,10/19/2021,STEER Fringe,C,LARA,,MD,68,506,2.9,Alive,Healthy,H,No,No,,,
2022,10/19/2021,STEER Fringe,C,LARA,,MD,70,493,2.7,Alive,Healthy,H,No,No,,,
2022,10/19/2021,STEER Fringe,C,LARA,,"ID, MD",351,242,2.8,Alive,Healthy,H,No,No,,,
2022,10/19/2021,STEER Fringe,C,LARA,,MD,290,505,2.8,Alive,Healthy,H,No,No,,,
2022,10/19/2021,STEER Fringe,C,LARA,,MD,305,543,13,Alive,Unhealthy,U,No,No,,,Main section dead
2022,10/19/2021,STEER Fringe,C,LARA,,MD,305,467,4.9,Alive,Healthy,H,No,No,,,
2022,9/28/2021,Vessup Bay,A,LARA,,"F, ID, MD",283,453,2.7,Alive,Healthy,H,No,No,,,
2024,6/10/2024,Brewers Bay,A,LARA,,NF,12,5.25,4.4,Alive,Healthy,H,No,No,"AD,KR",NA,NO TAG
2024,6/10/2024,Brewers Bay,C,RHMA ,,,115,,5.2,Alive,Healthy,H,No,No,,,
2024,6/10/2024,Brewers Bay,C,RHMA ,,ID ,115,4.4,2.8,Alive,Healthy,H,No,No,,,
2024,6/10/2024,Brewers Bay,C,RHMA ,,ID,120,4.81,2.5,Alive,Healthy,H,No,No,,,
2024,6/10/2024,Brewers Bay,C,LARA,,"F, ID",120,,5.6,Alive,Healthy,H,No,No,,,
2024,8/8/2024,Water Creek,B,LARA,2105,,,,4.3,Dead,Dead,D,,,"KR,SM,LU,JC,AND",,
2024,6/10/2024,Brewers Bay,C,LARA,,"F, ID",,,4.7,Alive,Healthy,H,No,No,,,
2024,8/8/2024,Water Creek,B,LARA,,,50,2.77,3.5,Dead,Dead,D,,,"KR,SM,LU,JC,AND",,
2024,6/10/2024,Brewers Bay,C,LARA,,"F, ID",151,3.7,5.2,Alive,Healthy,H,No,No,,,
2024,6/10/2024,Brewers Bay,C,RHMA ,,,185,4.37,3.5,Alive,Healthy,H,No,No,,,
2024,6/10/2024,Brewers Bay,C,LARA,,"F, ID",155,4.63,4,Alive,Healthy,H,No,No,,,
2024,7/23/2024,Krause Lagoon,A,RHMA ,,"IP, MP",150,5.51,4.4,Alive,Healthy,H,No,No,"JC, KG, SM, DG",,
2024,7/23/2024,Krause Lagoon,B,RHMA ,,,75,5.14,3.2,Alive,Healthy,H,No,No,"JC, KG, SM, DG",,
2024,7/23/2024,Krause Lagoon,C,RHMA ,,"F, IP",190,4.4,4,Alive,Healthy,H,No,No,"DG, JC, AD",,
2024,6/12/2024,Perseverance Bay,A,RHMA ,,"F, ID",280,4.99,10.7,Alive,Healthy,H,No,No,,,
2024,8/8/2024,Water Creek,C,RHMA ,417,"F, IP, MD",,,8.4,Dead,Dead,D,No,No,"SM,AD,KR,LU",2038,
2024,6/12/2024,Perseverance Bay,A,LARA,,"F, ID",330,4.19,4,Alive,Healthy,H,No,No,,,
2024,6/12/2024,Perseverance Bay,A,LARA,,F,330,4.06,2.7,Alive,Healthy,H,No,No,"DG, JC, SM",tree 3,
2024,8/8/2024,Water Creek,C,RHMA ,420,"F, IP, MD",,,7.3,Dead,Dead,D,No,No,"SM,AD,KR,LU",,
2024,6/12/2024,Perseverance Bay,A,RHMA ,,"F, IP",295,4.76,4.5,Alive,Healthy,H,No,No,"DG, JC, SM",,
2024,6/12/2024,Perseverance Bay,A,LARA,,"F, IP",335,3.03,2.5,Alive,Healthy,H,No,No,"DG, JC, SM",,predation
2024,6/12/2024,Perseverance Bay,A,LARA,,"F, IP",265,4.4,4.2,Alive,Healthy,H,No,No,"DG, JC, SM",,
2024,6/12/2024,Perseverance Bay,A,LARA,,F,310,4.77,3.1,Alive,Healthy,H,No,No,"DG, JC, SM",,
2024,6/12/2024,Perseverance Bay,A,LARA,,F,335,4.8,2.5,Alive,Healthy,H,No,No,"DG, JC, SM",,
2024,6/12/2024,Perseverance Bay,A,LARA,,"F, IP",300,4.54,4.5,Alive,Healthy,H,No,No,"DG, JC, SM",tree 17,
2024,8/8/2024,Water Creek,C,LARA,2122,,,,10.9,Dead,Dead,D,No,No,"SM,AD,KR,LU",,
2024,6/12/2024,Perseverance Bay,A,LARA,,"F, IP",300,4.46,3.1,Alive,Healthy,H,No,No,"DG, JC, SM",tree 16,
2024,6/12/2024,Perseverance Bay,A,LARA,,NF,330,5.01,2.5,Alive,Healthy,H,No,No,"DG, JC, SM",,
2024,8/8/2024,Water Creek,C,THPO,2127,,,,4.4,Dead,Dead,D,No,No,"SM,AD,KR,LU",,
2024,6/12/2024,Perseverance Bay,A,LARA,,NF,335,5.2,2.5,Alive,Healthy,H,No,No,"DG, JC, SM",,
2024,6/12/2024,Perseverance Bay,A,LARA,,NF,330,5.43,2.7,Alive,Healthy,H,No,No,"DG, JC, SM",,
2024,6/12/2024,Perseverance Bay,A,LARA,,F,310,4.84,4.3,Alive,Healthy,H,No,No,"DG, JC, SM",,
2024,6/12/2024,Perseverance Bay,A,LARA,,NF,305,5.19,2.5,Alive,Healthy,H,No,No,"DG, JC, SM",,
2024,6/12/2024,Perseverance Bay,A,LARA,,"F, IP",115,5.62,2.5,Alive,Healthy,H,No,No,"DG, JC, SM",,
2024,6/12/2024,Perseverance Bay,B,RHMA ,,"F, IP",315,2.13,3,Alive,Healthy,H,No,No,"DG, JC, SM",,
2024,6/12/2024,Perseverance Bay,B,RHMA ,,"F, IP",320,2.54,3,Alive,Healthy,H,No,No,"DG, JC, SM",,
2024,8/8/2024,Water Creek,C,LARA,,NF,275,2.51,4,Dead,Dead,D,,,"KR,SM,LU,JC,AND",,
2024,8/8/2024,Water Creek,C,RHMA ,421,NF,,,6.7,Dead,Dead,D,,,"KR,SM,LU,JC,AND",,
2024,6/12/2024,Perseverance Bay,B,RHMA ,,"F, IP",325,2.98,4.7,Alive,Healthy,H,No,No,"DG, JC, SM",,
2024,6/12/2024,Perseverance Bay,B,RHMA ,,"F, IP, MP",320,2.48,2.8,Alive,Healthy,H,No,No,"DG, JC, SM",,
2024,6/12/2024,Perseverance Bay,B,RHMA ,,"F, IP, MP",325,2.25,3.4,Alive,Healthy,H,No,No,"DG, JC, SM",,
2024,6/12/2024,Perseverance Bay,B,RHMA ,,F,265,5.29,2.9,Alive,Healthy,H,No,No,"DG, JC, SM","trees 10, 11, 12",
2024,6/12/2024,Perseverance Bay,B,RHMA ,,"F, IP",285,5.64,4.2,Alive,Healthy,H,No,No,"DG, JC, SM","trees 9, 11, 12",
2024,6/12/2024,Perseverance Bay,B,RHMA ,,"F, MP",280,5.14,3.2,Alive,Healthy,H,No,No,"DG, JC, SM","trees 9, 10, 12",
2024,6/12/2024,Perseverance Bay,B,RHMA ,,F,310,5.41,4,Alive,Healthy,H,No,No,"DG, JC, SM","trees 9, 10, 11",
2024,6/12/2024,Perseverance Bay,C,RHMA ,,NF,100,2.75,3.9,Alive,Healthy,H,No,No,"SH, KWG, SM",,
2024,6/12/2024,Perseverance Bay,C,RHMA ,,IP,118,4.38,2.6,Alive,Healthy,H,No,No,"SH, KWG, SM",,
2024,9/6/2024,Water Creek,C,LARA,,,15,0.95,2.6,Dead,Dead,D,,,"KR,SM,LU,JC,AND",,
2024,6/12/2024,Perseverance Bay,C,RHMA ,,"F, IP",119,3.6,4.3,Alive,Healthy,H,No,No,"SH, KWG, SM",,
2024,6/12/2024,Perseverance Bay,C,RHMA ,,MP,120,2.2,4.6,Alive,Healthy,H,No,No,"SH, KWG, SM",,
2024,6/12/2024,Perseverance Bay,C,RHMA ,,F,126,2.46,6,Alive,Healthy,H,No,No,"SH, KWG, SM",,
2024,6/12/2024,Perseverance Bay,C,RHMA ,,"F, IP",128,3.23,3.2,Alive,Healthy,H,No,No,"SH, KWG, SM",tree 7,
2024,6/12/2024,Perseverance Bay,C,RHMA ,,"F, IP",128,2.91,4.5,Alive,Healthy,H,No,No,"SH, KWG, SM",tree 6,
2024,6/12/2024,Perseverance Bay,C,RHMA ,,IP,131,2.25,4.4,Alive,Healthy,H,No,No,"SH, KWG, SM","trees 9, 14",
2024,6/12/2024,Perseverance Bay,C,RHMA ,,F,130,2.51,4,Alive,Healthy,H,No,No,"SH, KWG, SM","trees 8, 14",
2024,6/12/2024,Perseverance Bay,C,RHMA ,,"IP, MP",140,5.32,3.6,Alive,Healthy,H,No,No,"SH, KWG, SM",,
2024,6/12/2024,Perseverance Bay,C,RHMA ,,IP,145,5.59,3,Alive,Healthy,H,No,No,"SH, KWG, SM",,
2024,6/12/2024,Perseverance Bay,C,RHMA ,,"F, IP, MP",204,1.91,3.8,Alive,Healthy,H,No,No,"SH, KWG, SM",,
2024,6/12/2024,Perseverance Bay,C,RHMA ,,"F, IP, MP",198,2.28,3.3,Alive,Healthy,H,No,No,"SH, KWG, SM",,
2024,6/11/2024,Compass Point,A,RHMA ,,NF,145,4.68,7.8,Dead,Dead,D,No,No,,,
2024,6/12/2024,Perseverance Bay,C,RHMA ,,IP,148,3.02,3.2,Alive,Healthy,H,No,No,"SH, KWG, SM","trees 8, 9",
2024,6/12/2024,Perseverance Bay,C,RHMA ,,,180,4.54,8.2,Alive,Healthy,H,No,No,"SH, KWG, SM",tree 24,"no leaves, trunk snap, live prop roots"
2024,6/12/2024,Perseverance Bay,C,RHMA ,,MP,213,4.98,6.3,Alive,Healthy,H,No,No,"SH, KWG, SM",,
2024,6/12/2024,Perseverance Bay,C,RHMA ,,IP,226,3.5,2.5,Alive,Healthy,H,No,No,"SH, KWG, SM",,
2024,6/12/2024,Perseverance Bay,C,RHMA ,,"IP, MP",186,4.22,3.6,Alive,Healthy,H,No,No,"SH, KWG, SM",,
2024,6/12/2024,Perseverance Bay,C,RHMA ,,MP,226,5.53,5.2,Alive,Healthy,H,No,No,"SH, KWG, SM",,
2024,6/12/2024,Perseverance Bay,C,RHMA ,,MP,202,5.63,7.6,Alive,Healthy,H,No,No,"SH, KWG, SM",,
2024,6/12/2024,Perseverance Bay,C,RHMA ,,"F, IP, MP",198,5.27,2.8,Alive,Healthy,H,No,No,"SH, KWG, SM",,tree 23
2024,6/12/2024,Perseverance Bay,C,RHMA ,,"IP, MP",201,5.01,3.3,Alive,Healthy,H,No,No,"SH, KWG, SM",,tree 22
2024,6/12/2024,Perseverance Bay,C,RHMA ,,,200,5.1,4.3,Alive,Healthy,H,No,No,"SH, KWG, SM",tree 15,no leaves
2024,6/12/2024,Perseverance Bay,C,RHMA ,,"F, IP, MP",285,4.61,3,Alive,Healthy,H,No,No,"SH, KWG, SM",,connected to big RHMA outside of plot
2024,6/12/2024,Perseverance Bay,C,RHMA ,,"F, IP",322,3.4,2.9,Alive,Healthy,H,No,No,"SH, KWG, SM",,
2024,7/24/2024,Salt River,B,LARA,,"IP, MP",190,4.29,4.6,Alive,Healthy,H,No,Yes,"DG, JS, JC",,
2024,7/24/2024,Salt River,B,RHMA ,,NF,190,5.36,7,Alive,Healthy,H,No,Yes,"DG, JS, JC",,
2024,7/24/2024,Salt River,B,LARA,,"IP, MP",190,5,3.9,Alive,Healthy,H,No,Yes,"DG, JS, JC",,
2024,7/24/2024,Salt River,B,THPO,,NF,62,3.18,4,Alive,Healthy,H,No,No,,"R-2879, R-1962, R-1909, R-1458, R-2620",
2024,7/24/2024,Salt River,C,LARA,,"IP, MP",45,5.4,2.8,Alive,Healthy,H,No,Yes,"DG, KWG",,
2024,6/13/2024,Vessup Bay,A,LARA,,"F, ID",75,4.7,4.5,Alive,Healthy,H,No,No,"DG,HM,KR",,
2024,6/13/2024,Vessup Bay,A,LARA,,"F, ID",95,4.52,7.4,Alive,Healthy,H,No,No,"DG,HM,KR",,
2024,6/11/2024,Compass Point,B,LARA,2881,D,240,2.6,8.2,Dead,Dead,D,No,No,,,
2024,6/11/2024,Compass Point,B,LARA,,D,265,2.25,5.1,Dead,Dead,D,No,No,,,
2024,6/11/2024,Compass Point,B,LARA,,D,265,4.24,5,Dead,Dead,D,No,No,,,
2024,6/11/2024,Compass Point,B,LARA,,D,276,5.49,6.3,Dead,Dead,D,No,No,,,
2024,6/13/2024,Vessup Bay,A,LARA,,"F, ID",90,4.43,4.8,Alive,Healthy,H,No,No,"DG,HM,KR",,USED AS CENTER TREE
2024,6/11/2024,Compass Point,B,LARA,,D,270,1.09,6.6,Dead,Dead,D,No,No,,,
2024,6/11/2024,Compass Point,B,LARA,,D,52,1.68,6.1,Dead,Dead,D,No,No,,,
2024,6/11/2024,Compass Point,B,LARA,,D,39,1.26,5.4,Dead,Dead,D,No,No,,,
2024,6/11/2024,Compass Point,B,LARA,,D,8,1.87,7.1,Dead,Dead,D,No,No,,,
2024,6/13/2024,Vessup Bay,A,LARA,,"F, ID",90,4.33,7.4,Alive,Healthy,H,No,No,"DG,HM,KR",,
2024,6/13/2024,Vessup Bay,A,LARA,,"F, ID",117,4.13,5.3,Alive,Healthy,H,No,No,"DG,HM,KR",,
2024,6/11/2024,Compass Point,B,LARA,R0800,D,55,3.43,5.4,Dead,Dead,D,No,No,,,
2024,6/11/2024,Compass Point,B,LARA,,D,35,3.35,3.8,Dead,Dead,D,No,No,,,
2024,6/13/2024,Vessup Bay,A,LARA,,"F, ID",130,5.17,4.4,Alive,Healthy,H,No,No,"DG,HM,KR",,
2024,6/13/2024,Vessup Bay,A,LARA,,"F, ID",120,4.59,5.4,Alive,Healthy,H,No,No,"DG,HM,KR",,
2024,6/13/2024,Vessup Bay,A,THPO,,MD,163,5.5,3.3,Alive,Healthy,H,No,No,"DG,HM,KR",,
2024,6/11/2024,Compass Point,B,LARA,R0718,D,15,5.62,3.8,Dead,Dead,DT,No,Yes,,,
2024,6/13/2024,Vessup Bay,A,LARA,,"F, ID",272,4.87,2.9,Alive,Healthy,H,No,No,"DG,HM,KR",,
2024,6/11/2024,Compass Point,B,LARA,,D,255,2.26,5.3,Dead,Dead,D,No,No,,,
2024,6/13/2024,Vessup Bay,A,LARA,,"F, ID",285,4.21,2.6,Alive,Healthy,H,No,No,"DG,HM,KR",,
2024,6/13/2024,Vessup Bay,A,LARA,,F,270,5.43,2.5,Alive,Healthy,H,No,No,"DG,HM,KR",,
2024,6/13/2024,Vessup Bay,A,LARA,,F,270,5.62,3.3,Alive,Healthy,H,No,No,"DG,HM,KR",,
2024,6/13/2024,Vessup Bay,A,LARA,,"F, ID",288,4.29,1.5,Alive,Healthy,H,No,No,"DG,HM,KR",,
2024,6/13/2024,Vessup Bay,A,LARA,,"F, ID",130,4.79,3.8,Alive,Healthy,H,No,No,"DG,HM,KR",,
2024,6/13/2024,Vessup Bay,A,LARA,,"F, ID",130,3.19,4.1,Alive,Healthy,H,No,No,"DG,HM,KR",,
2024,6/11/2024,Compass Point,C,AVGE,,D,4,4.62,5.7,Dead,Dead,D,No,No,,,
2024,6/11/2024,Compass Point,C,AVGE,R0820,D,14,5.59,1.5,Dead,Dead,D,No,No,,,
2024,6/13/2024,Vessup Bay,A,LARA,,"F, ID",130,3.62,4,Alive,Healthy,H,No,No,"DG,HM,KR",,
2024,6/11/2024,Compass Point,C,AVGE,R0740,D,345,5.34,7.9,Dead,Dead,D,No,No,,,
2024,6/11/2024,Compass Point,C,AVGE,,D,14,5.69,3.5,Dead,Dead,D,No,No,,,
2024,6/11/2024,Compass Point,C,AVGE,,D,14,5.59,2.8,Dead,Dead,D,No,No,,,
2024,6/11/2024,Compass Point,C,AVGE,,D,13,5.51,4.2,Dead,Dead,D,No,No,,,
2024,6/13/2024,Vessup Bay,A,LARA,,"F, ID",130,4.71,2.6,Alive,Healthy,H,No,No,"DG,HM,KR",,
2024,6/13/2024,Vessup Bay,A,LARA,,"F, ID",115,2.09,2.7,Alive,Healthy,H,No,No,"DG,HM,KR",,HONEY BEES
2024,6/11/2024,Compass Point,C,AVGE,,D,245,5.33,4.3,Dead,Dead,D,No,No,,,
2024,6/13/2024,Vessup Bay,A,LARA,,"F, ID",100,3.75,3,Alive,Healthy,H,No,No,"DG,HM,KR",,
2024,6/13/2024,Vessup Bay,B,LARA,,F,155,5.08,2.7,Alive,Healthy,H,No,No,"DG,HM,KR",,
2024,6/13/2024,Vessup Bay,B,LARA,,F,200,2.46,3,Alive,Healthy,H,No,No,"DG,HM,KR",,PREDATION
2024,6/13/2024,Vessup Bay,B,LARA,,F,180,4.45,4.9,Alive,Healthy,H,No,No,"DG,HM,KR",,
2024,6/13/2024,Vessup Bay,B,LARA,,F ,210,2.5,4.2,Alive,Healthy,H,No,No,"DG,HM,KR",,
2024,6/13/2024,Vessup Bay,B,LARA,,"F, ID",180,3.67,3.4,Alive,Healthy,H,No,No,"DG,HM,KR",,
2024,6/13/2024,Vessup Bay,B,LARA,,"F, ID",205,4.91,2.8,Alive,Healthy,H,No,No,"DG,HM,KR",,
,,,C,AVGE,,D,145,2.9,5.5,Dead,Dead,D,No,No,,,